time_utc,lat,lon,alt,vel_e,vel_n,vel_u,pitch,roll,yaw
1553743035,34.2202914963942,117.143975763666,35.5784966982901,-0.00408345911723323,-0.00324649256873624,0.00477343143231629,0.774913,0.158687,289.96498
1553743036,34.2202914963942,117.143975763666,35.5784966982901,-0.00362723108645136,-0.00274605479995638,0.00403762029927498,0.77379,0.158638,289.964222
1553743037,34.2202914963942,117.143975763666,35.5784966982901,-0.000935049221367419,-0.00225832288784217,0.00332049103113807,0.773264,0.158241,289.963268
1553743038,34.2202914963942,117.143975763666,35.5784966982901,-2.25931598036637e-05,-0.00125744735028246,0.00184886876505546,0.772523,0.157787,289.963267
1553743039,34.2202914963942,117.143975763666,35.5784966982901,-2.25931598036637e-05,-0.00125744735028246,0.00184886876505546,0.772012,0.15714,289.962574
1553743040,34.2202914963942,117.143975763666,35.5784966982901,-0.000456228030781878,-0.000500437768779855,0.000735811133041306,0.771376,0.157099,289.962006
1553743041,34.2202914963942,117.143975763666,35.5784966982901,-1.52346593142645e-20,0.000826881457341259,0.000562376257949423,0.770881,0.156624,289.961103
1553743042,34.2202914963942,117.143975763666,35.5784966982901,1.52346593142645e-20,-0.000826881457341259,-0.000562376257949423,0.770628,0.156752,289.9607
1553743043,34.2202914963942,117.143975763666,35.5784966982901,0.000433634870978214,-0.000757009581502601,0.00111305763201416,0.77021,0.15588,289.960083
1553743044,34.2202914963942,117.143975763666,35.5784966982901,0.000456228030781878,-0.000326443688561404,-0.00129818739099073,0.76985,0.155314,289.959236
1553743045,34.2202914963942,117.143975763666,35.5784966982901,0.000456228030781878,0.00132731922612111,-0.000173434875091883,0.769508,0.155076,289.958643
1553743046,34.2202914963942,117.143975763666,35.5784966982901,-0.000456228030781878,-0.00132731922612111,0.000173434875091883,0.768834,0.154629,289.957796
1553743047,34.2202914963942,117.143975763666,35.5784966982901,-0.000889862901760091,-0.000570309644618513,-0.000939622756922274,0.768332,0.154487,289.956879
1553743048,34.2202914963942,117.143975763666,35.5784966982901,-0.000456228030781878,-0.00132731922612111,0.000173434875091883,0.768236,0.154244,289.956168
1553743049,34.2202914963942,117.143975763666,35.5784966982901,3.0469318628529e-20,-0.00165376291468252,-0.00112475251589885,0.768138,0.153982,289.955599
1553743050,34.2202914963942,117.143975763666,35.5784966982901,0.000889862901760092,-0.00108345327006401,-0.000185129758976571,0.76828,0.153836,289.954806
1553743051,34.2202914963942,117.143975763666,35.5784966982901,0.000456228030781878,0.000500437768779855,-0.000735811133041306,0.768809,0.153741,289.954332
1553743052,34.2202914963942,117.143975763666,35.5784966982901,0.00180231896332385,0.000744303724836963,-0.00109437576710976,0.768748,0.153345,289.953551
1553743053,34.2202914963942,117.143975763666,35.5784966982901,0.000912456061563755,0.00100087553755971,-0.00147162226608261,0.768785,0.1529,289.953263
1553743054,34.2202914963942,117.143975763666,35.5784966982901,-0.000433634870978214,-0.000896753333179917,-0.002237810147913,0.771165,0.149885,289.952263
1553743055,34.2202914963942,117.143975763666,35.5784966982901,-0.000456228030781878,-0.000500437768779855,0.000735811133041306,0.774957,0.144397,289.95027
1553743056,34.2202914963942,117.143975763666,35.5784966982901,-0.000456228030781878,-0.000500437768779855,0.000735811133041306,0.778186,0.140403,289.94858
1553743057,34.2202914963942,117.143975763666,35.5784966982901,-0.00134609093254197,0.00058301550128415,0.000920940892017877,0.782321,0.137111,289.948448
1553743058,34.2202914963942,117.143975763666,35.5784966982901,-0.000912456061563755,-0.00265463845224223,0.000346869750183766,0.767172,0.148655,289.950705
1553743059,34.2202914963942,117.143975763666,35.5784966982901,-0.0062516334721243,-0.00111520757590575,-0.00191660924365334,0.809785,0.104186,289.942657
1553743060,34.2202914963942,117.143975763666,35.5784966982901,0.0107235411407284,-0.00469837433881434,-0.00198266083218382,0.814991,0.090456,289.945652
1553743061,34.2202914963942,117.143975763666,35.5784966982901,0.00983367823896833,-0.00278803961140907,-0.00123515481525783,0.792704,0.115543,289.943491
1553743062,34.2202914963942,117.143975763666,35.5784966982901,0.000456228030781878,-0.00115332514590266,-0.00186056364894015,0.776376,0.135866,289.944661
1553743063,34.2202914963942,117.143975763666,35.5784966982901,0.00225854699410572,0.00124474149361682,-0.00183018690015107,0.769218,0.143514,289.948537
1553743064,34.2202914963942,117.143975763666,35.5784966982901,0.00136868409234563,0.00150131330633956,-0.00220743339912392,0.768017,0.145871,289.947413
1553743065,34.2202914963942,117.143975763666,35.5784966982901,0.00180231896332385,-8.25777325042953e-05,-0.00165675202505918,0.791729,0.118971,289.941988
1553743066,34.2202914963942,117.143975763666,35.5784966982901,0.000456228030781878,-0.000326443688561404,-0.00129818739099073,0.795185,0.113224,289.939584
1553743067,34.2202914963942,117.143975763666,35.5784966982901,-0.000889862901760091,-0.000570309644618513,-0.000939622756922274,0.799503,0.106478,289.936777
1553743068,34.2202914963942,117.143975763666,35.5784966982901,3.0469318628529e-20,-0.00165376291468252,-0.00112475251589885,0.801604,0.107406,289.935255
1553743069,34.2202914963942,117.143975763666,35.5784966982901,9.33311536370504e-20,-0.00248064437202378,-0.00168712877384827,0.804841,0.102259,289.933491
1553743070,34.2202914963942,117.143975763666,35.5784966982901,-0.00134609093254197,-0.00189762887073963,-0.000766187881830391,0.804959,0.096945,289.932786
1553743071,34.2202914963942,117.143975763666,35.5784966982901,0.000433634870978214,6.98718758386576e-05,0.00167543388996358,0.805374,0.095523,289.93242
1553743072,34.2202914963942,117.143975763666,35.5784966982901,0.000433634870978214,0.000896753333179917,0.002237810147913,0.802986,0.09468,289.931331
1553743073,34.2202914963942,117.143975763666,35.5784966982901,0.000867269741956428,0.000139743751677315,0.00335086777992716,0.803184,0.092766,289.930834
1553743074,34.2202914963942,117.143975763666,35.5784966982901,0.00041104171117455,-0.0011875754744438,0.00352430265501904,0.802159,0.090955,289.93022
1553743075,34.2202914963942,117.143975763666,35.5784966982901,-0.000456228030781878,-0.000500437768779855,0.000735811133041306,0.801556,0.089169,289.929706
1553743076,34.2202914963942,117.143975763666,35.5784966982901,-2.25931598036638e-05,-0.000430565892941197,0.00241124502300489,0.797985,0.09427,289.929964
1553743077,34.2202914963942,117.143975763666,35.5784966982901,0.00177972580352018,-0.00134002508278675,0.00019211673999628,0.794315,0.098506,289.930233
1553743078,34.2202914963942,117.143975763666,35.5784966982901,0.00177972580352018,-0.00134002508278675,0.00019211673999628,0.799118,0.097005,289.929447
1553743079,34.2202914963942,117.143975763666,35.5784966982901,0.000889862901760091,-0.000256571812722746,0.000377246498972852,0.80348,0.094552,289.928449
1553743080,34.2202914963942,117.143975763666,35.5784966982901,1.52346593142645e-20,-0.000826881457341259,-0.000562376257949423,0.802953,0.093822,289.927363
1553743081,34.2202914963942,117.143975763666,35.5784966982901,-1.52346593142645e-20,0.000826881457341259,0.000562376257949423,0.809993,0.093779,289.929406
1553743082,34.2202914963942,117.143975763666,35.5784966982901,0.00134609093254197,0.00107074741339837,0.000203811623880968,0.808603,0.099757,289.931313
1553743083,34.2202914963942,117.143975763666,35.5784966982901,0.00134609093254197,0.00107074741339837,0.000203811623880968,0.810445,0.100966,289.928378
1553743084,34.2202914963942,117.143975763666,35.5784966982901,-2.25931598036637e-05,0.000396315564400062,0.00297362128095431,0.810834,0.102853,289.9271
1553743085,34.2202914963942,117.143975763666,35.5784966982901,-0.000456228030781878,0.00115332514590266,0.00186056364894015,0.813072,0.105786,289.927969
1553743086,34.2202914963942,117.143975763666,35.5784966982901,-0.000912456061563755,0.000652887377122808,0.00259637478198146,0.813877,0.101098,289.926277
1553743087,34.2202914963942,117.143975763666,35.5784966982901,-2.25931598036639e-05,0.00122319702174132,0.00353599753890373,0.810509,0.099835,289.922342
1553743088,34.2202914963942,117.143975763666,35.5784966982901,0.00177972580352018,0.00196750074657828,0.00244162177179397,0.811827,0.102379,289.922489
1553743089,34.2202914963942,117.143975763666,35.5784966982901,-2.25931598036638e-05,-0.000430565892941197,0.00241124502300489,0.816277,0.104825,289.921143
1553743090,34.2202914963942,117.143975763666,35.5784966982901,0.000867269741956428,-0.000687137705663943,0.00278849152197774,0.833456,0.09898,289.921905
1553743091,34.2202914963942,117.143975763666,35.5784966982901,0.000867269741956427,-0.00234090062034646,0.00166373900607889,0.834937,0.103923,289.920922
1553743092,34.2202914963942,117.143975763666,35.5784966982901,0.000889862901760092,-0.00108345327006401,-0.000185129758976571,0.822122,0.106146,289.921721
1553743093,34.2202914963942,117.143975763666,35.5784966982901,0.00134609093254197,-0.00058301550128415,-0.000920940892017877,0.827276,0.100566,289.922109
1553743094,34.2202914963942,117.143975763666,35.5784966982901,0.000912456061563755,-0.000652887377122808,-0.00259637478198146,0.827039,0.102103,289.921109
1553743095,34.2202914963942,117.143975763666,35.5784966982901,2.25931598036639e-05,-0.00122319702174132,-0.00353599753890373,0.830397,0.094678,289.919899
1553743096,34.2202914963942,117.143975763666,35.5784966982901,-0.000867269741956428,-0.000139743751677315,-0.00335086777992716,0.826939,0.102585,289.919732
1553743097,34.2202914963942,117.143975763666,35.5784966982901,-0.00175713264371652,0.00177059097572795,-0.00260336176300117,0.827986,0.099447,289.917859
1553743098,34.2202914963942,117.143975763666,35.5784966982901,-0.000867269741956428,0.000687137705663943,-0.00278849152197774,0.825954,0.099728,289.91814
1553743099,34.2202914963942,117.143975763666,35.5784966982901,-0.000867269741956428,0.000687137705663943,-0.00278849152197774,0.824328,0.10087,289.917733
1553743100,34.2202914963942,117.143975763666,35.5784966982901,2.25931598036638e-05,0.000430565892941197,-0.00241124502300489,0.824646,0.10019,289.917512
1553743101,34.2202914963942,117.143975763666,35.5784966982901,2.25931598036638e-05,0.000430565892941197,-0.00241124502300489,0.824349,0.098108,289.91755
1553743102,34.2202914963942,117.143975763666,35.5784966982901,0.000456228030781878,0.000500437768779855,-0.000735811133041306,0.822996,0.098497,289.916858
1553743103,34.2202914963942,117.143975763666,35.5784966982901,0,0,0,0.821974,0.096544,289.916965
1553743104,34.2202914963942,117.143975763666,35.5784966982901,1.52346593142645e-20,-0.000826881457341259,-0.000562376257949423,0.819826,0.099182,289.916294
1553743105,34.2202914963942,117.143975763666,35.5784966982901,0,0,0,0.818334,0.100141,289.915839
1553743106,34.2202914963942,117.143975763666,35.5784966982901,-0.000433634870978214,-6.98718758386576e-05,-0.00167543388996358,0.820517,0.103759,289.91551
1553743107,34.2202914963942,117.143975763666,35.5784966982901,1.52346593142645e-20,-0.000826881457341259,-0.000562376257949423,0.818864,0.111875,289.916785
1553743108,34.2202914963942,117.143975763666,35.5784966982901,-1.52346593142645e-20,0.000826881457341259,0.000562376257949423,0.819488,0.104297,289.917033
1553743109,34.2202914963942,117.143975763666,35.5784966982901,-0.000456228030781878,0.000326443688561404,0.00129818739099073,0.819715,0.105266,289.916215
1553743110,34.2202914963942,117.143975763666,35.5784966982901,-2.25931598036638e-05,-0.000430565892941197,0.00241124502300489,0.820579,0.104219,289.916128
1553743111,34.2202914963942,117.143975763666,35.5784966982901,-2.25931598036637e-05,-0.00125744735028246,0.00184886876505546,0.819339,0.104081,289.916178
1553743112,34.2202914963942,117.143975763666,35.5784966982901,-2.25931598036637e-05,-0.00125744735028246,0.00184886876505546,0.820962,0.10374,289.914799
1553743113,34.2202914963942,117.143975763666,35.5784966982901,0.00177972580352018,-0.00134002508278675,0.00019211673999628,0.821624,0.103017,289.915525
1553743114,34.2202914963942,117.143975763666,35.5784966982901,0.000889862901760091,-0.000256571812722746,0.000377246498972852,0.805224,0.121951,289.919994
1553743115,34.2202914963942,117.143975763666,35.5784966982901,1.52346593142645e-20,-0.000826881457341259,-0.000562376257949423,0.776911,0.145806,289.920378
1553743116,34.2202914963942,117.143975763666,35.5784966982901,9.33311536370504e-20,-0.00248064437202378,-0.00168712877384827,0.776989,0.144942,289.919562
1553743117,34.2202914963942,117.143975763666,35.5784966982901,1.52346593142645e-20,-0.000826881457341259,-0.000562376257949423,0.777121,0.144971,289.918777
1553743118,34.2202914963942,117.143975763666,35.5784966982901,-0.000889862901760091,0.000256571812722746,-0.000377246498972852,0.778141,0.142915,289.919236
1553743119,34.2202914963942,117.143975763666,35.5784966982901,0.000889862901760091,-0.000256571812722746,0.000377246498972852,0.778512,0.137245,289.921243
1553743120,34.2202914963942,117.143975763666,35.5784966982901,0.000433634870978214,0.00172363479052118,0.00280018640586243,0.777428,0.135427,289.923026
1553743121,34.2202914963942,117.143975763666,35.5784966982901,-0.000456228030781878,0.00198020660324392,0.00242293990688957,0.77808,0.133097,289.924489
1553743122,34.2202914963942,117.143975763666,35.5784966982901,-2.25931598036637e-05,0.00205007847908258,0.00409837379685315,0.776824,0.133237,289.925599
1553743123,34.2202914963942,117.143975763666,35.5784966982901,-0.000478821190585541,0.000722759252961466,0.00427180867194504,0.775275,0.134025,289.924261
1553743124,34.2202914963942,117.143975763666,35.5784966982901,-0.000912456061563755,0.000652887377122808,0.00259637478198146,0.772792,0.14765,289.917441
1553743125,34.2202914963942,117.143975763666,35.5784966982901,-0.000912456061563755,-0.000173994080218451,0.00203399852403203,0.772177,0.145395,289.916577
1553743126,34.2202914963942,117.143975763666,35.5784966982901,-0.000456228030781878,0.000326443688561404,0.00129818739099073,0.770952,0.146167,289.916266
1553743127,34.2202914963942,117.143975763666,35.5784966982901,-0.000889862901760091,0.000256571812722746,-0.000377246498972852,0.769954,0.146504,289.91564
1553743128,34.2202914963942,117.143975763666,35.5784966982901,0,0,0,0.769862,0.144897,289.915504
1553743129,34.2202914963942,117.143975763666,35.5784966982901,0.000456228030781878,0.00132731922612111,-0.000173434875091883,0.769516,0.144207,289.91539
1553743130,34.2202914963942,117.143975763666,35.5784966982901,0.00134609093254197,0.000243865956057109,-0.000358564634068454,0.769922,0.143999,289.915156
1553743131,34.2202914963942,117.143975763666,35.5784966982901,0.00134609093254197,-0.00058301550128415,-0.000920940892017877,0.770533,0.144034,289.914132
1553743132,34.2202914963942,117.143975763666,35.5784966982901,0.00314840989586582,0.000161288223552813,-0.00201531665912764,0.771104,0.143137,289.913878
1553743133,34.2202914963942,117.143975763666,35.5784966982901,0.00269218186508394,-0.000339149545227042,-0.00127950552608633,0.77137,0.143634,289.913368
1553743134,34.2202914963942,117.143975763666,35.5784966982901,-0.000433634870978214,0.000757009581502601,-0.00111305763201416,0.772034,0.142265,289.913221
1553743135,34.2202914963942,117.143975763666,35.5784966982901,-0.000889862901760091,-0.000570309644618513,-0.000939622756922274,0.771891,0.143348,289.912344
1553743136,34.2202914963942,117.143975763666,35.5784966982901,-0.000889862901760091,-0.000570309644618513,-0.000939622756922274,0.770532,0.142298,289.912587
1553743137,34.2202914963942,117.143975763666,35.5784966982901,-0.000433634870978214,-6.98718758386576e-05,-0.00167543388996358,0.770965,0.140466,289.912018
1553743138,34.2202914963942,117.143975763666,35.5784966982901,-0.00132349777273831,0.00101358139422535,-0.00149030413098701,0.770613,0.140972,289.912131
1553743139,34.2202914963942,117.143975763666,35.5784966982901,0.000456228030781878,-0.000326443688561404,-0.00129818739099073,0.77038,0.139211,289.911817
1553743140,34.2202914963942,117.143975763666,35.5784966982901,0.000433634870978214,-0.00158389103884386,0.000550681374064735,0.769408,0.139312,289.911853
1553743141,34.2202914963942,117.143975763666,35.5784966982901,0.000433634870978214,-0.00158389103884386,0.000550681374064735,0.768939,0.13868,289.911443
1553743142,34.2202914963942,117.143975763666,35.5784966982901,-0.000456228030781878,-0.000500437768779855,0.000735811133041306,0.767491,0.138582,289.91219
1553743143,34.2202914963942,117.143975763666,35.5784966982901,0.000889862901760091,-0.000256571812722746,0.000377246498972852,0.767224,0.138649,289.912009
1553743144,34.2202914963942,117.143975763666,35.5784966982901,0.000433634870978214,6.98718758386576e-05,0.00167543388996358,0.766532,0.139026,289.911546
1553743145,34.2202914963942,117.143975763666,35.5784966982901,0.000889862901760091,0.00139719110195977,0.0015019990148717,0.766529,0.138911,289.911039
1553743146,34.2202914963942,117.143975763666,35.5784966982901,0.000889862901760091,0.00139719110195977,0.0015019990148717,0.766233,0.139499,289.910429
1553743147,34.2202914963942,117.143975763666,35.5784966982901,0.00132349777273831,-0.00101358139422535,0.00149030413098701,0.767483,0.139938,289.909773
1553743148,34.2202914963942,117.143975763666,35.5784966982901,0.000889862901760091,-0.000256571812722746,0.000377246498972852,0.769491,0.137852,289.909385
1553743149,34.2202914963942,117.143975763666,35.5784966982901,-0.000456228030781878,0.000326443688561404,0.00129818739099073,0.767262,0.138403,289.908985
1553743150,34.2202914963942,117.143975763666,35.5784966982901,-2.25931598036638e-05,-0.000430565892941197,0.00241124502300489,0.767639,0.141707,289.909239
1553743151,34.2202914963942,117.143975763666,35.5784966982901,-0.000912456061563755,-0.000173994080218451,0.00203399852403203,0.767136,0.143858,289.910014
1553743152,34.2202914963942,117.143975763666,35.5784966982901,0.000889862901760092,-0.00108345327006401,-0.000185129758976571,0.76717,0.143014,289.910237
1553743153,34.2202914963942,117.143975763666,35.5784966982901,0.00180231896332385,0.000744303724836963,-0.00109437576710976,0.767658,0.142876,289.909815
1553743154,34.2202914963942,117.143975763666,35.5784966982901,2.25931598036639e-05,-0.00122319702174132,-0.00353599753890373,0.767661,0.143771,289.909652
1553743155,34.2202914963942,117.143975763666,35.5784966982901,0.000912456061563755,-0.000652887377122808,-0.00259637478198146,0.76792,0.143297,289.909291
1553743156,34.2202914963942,117.143975763666,35.5784966982901,0.00136868409234563,0.000674431848998306,-0.00276980965707334,0.768193,0.144433,289.909185
1553743157,34.2202914963942,117.143975763666,35.5784966982901,0.000912456061563755,0.000173994080218451,-0.00203399852403203,0.768656,0.144297,289.909186
1553743158,34.2202914963942,117.143975763666,35.5784966982901,0.00136868409234563,0.00150131330633956,-0.00220743339912392,0.776855,0.129073,289.911382
1553743159,34.2202914963942,117.143975763666,35.5784966982901,0.000478821190585541,0.00175788511906231,-0.00258467989809677,0.779351,0.119781,289.915198
1553743160,34.2202914963942,117.143975763666,35.5784966982901,-0.00177972580352018,-0.000313737831895766,-0.00131686925589513,0.780297,0.119759,289.915506
1553743161,34.2202914963942,117.143975763666,35.5784966982901,0.000456228030781878,-0.00115332514590266,-0.00186056364894015,0.781254,0.118329,289.914532
1553743162,34.2202914963942,117.143975763666,35.5784966982901,0.00134609093254197,-0.00223677841596667,-0.00204569340791672,0.770297,0.140842,289.908546
1553743163,34.2202914963942,117.143975763666,35.5784966982901,-0.000433634870978214,0.00158389103884386,-0.000550681374064735,0.770324,0.140955,289.907565
1553743164,34.2202914963942,117.143975763666,35.5784966982901,-0.000456228030781878,0.000326443688561404,0.00129818739099073,0.770235,0.143121,289.907448
1553743165,34.2202914963942,117.143975763666,35.5784966982901,-0.000889862901760091,-0.000570309644618513,-0.000939622756922274,0.769483,0.141603,289.906436
1553743166,34.2202914963942,117.143975763666,35.5784966982901,0,0,0,0.781157,0.124161,289.901804
1553743167,34.2202914963942,117.143975763666,35.5784966982901,1.52346593142645e-20,-0.000826881457341259,-0.000562376257949423,0.800868,0.104591,289.892352
1553743168,34.2202914963942,117.143975763666,35.5784966982901,0.000433634870978214,-0.000757009581502601,0.00111305763201416,0.806253,0.10569,289.886863
1553743169,34.2202914963942,117.143975763666,35.5784966982901,-2.25931598036637e-05,-0.00125744735028246,0.00184886876505546,0.806875,0.101062,289.884773
1553743170,34.2202914963942,117.143975763666,35.5784966982901,-0.000935049221367419,-0.00143144143050091,0.0038828672890875,0.804421,0.099933,289.887008
1553743171,34.2202914963942,117.143975763666,35.5784966982901,-0.000935049221367419,0.00104920294152287,0.00556999606293577,0.802462,0.097429,289.890653
1553743172,34.2202914963942,117.143975763666,35.5784966982901,-0.00134609093254197,0.00306365987330793,0.00260806966586615,0.808102,0.088543,289.890296
1553743173,34.2202914963942,117.143975763666,35.5784966982901,-0.00180231896332385,0.00421698501921059,0.0044686333148063,0.787701,0.112823,289.892507
1553743174,34.2202914963942,117.143975763666,35.5784966982901,-0.000889862901760091,0.00273721618474652,0.00130988227487542,0.764524,0.141818,289.902304
1553743175,34.2202914963942,117.143975763666,35.5784966982901,0.000456228030781878,0.00132731922612111,-0.000173434875091883,0.764101,0.143849,289.901299
1553743176,34.2202914963942,117.143975763666,35.5784966982901,-0.000456228030781878,-0.000500437768779855,0.000735811133041306,0.762505,0.143975,289.901342
1553743177,34.2202914963942,117.143975763666,35.5784966982901,1.52346593142645e-20,-0.000826881457341259,-0.000562376257949423,0.761562,0.143313,289.900725
1553743178,34.2202914963942,117.143975763666,35.5784966982901,0.0022133606744984,-0.00292391612163061,0.000742798114061015,0.797576,0.090207,289.890837
1553743179,34.2202914963942,117.143975763666,35.5784966982901,0.00134609093254197,-0.00140989695862541,-0.0014833171499673,0.810835,0.073097,289.886612
1553743180,34.2202914889399,117.143975763666,35.5779343219474,-2.25931598036639e-05,-0.00373809172228519,0.000161739991693528,0.820992,0.05732,289.882549
1553743181,34.2202914673215,117.143975744107,35.577903944999,-0.00269218186478787,-0.00379525774277365,-0.00153237576097507,0.768132,0.139417,289.899314
1553743182,34.2202914621802,117.14397573445,35.5769643215463,-0.00221336067565008,0.00127015320519817,-0.00186755062978507,0.768484,0.14812,289.900273
1553743183,34.2202914621802,117.14397573445,35.5769643215463,-0.00223595383431358,-0.00246793851701796,-0.00170581063633616,0.769272,0.15129,289.899516
1553743184,34.2202914621802,117.14397573445,35.5769643215463,-1.03210877300452e-19,-0.00248064437303124,-0.00168712877236696,0.77008,0.149378,289.898782
1553743185,34.2202914621802,117.14397573445,35.5769643215463,-0.000456228030328116,-0.00132731922614838,0.000173434876076855,0.770763,0.150158,289.898476
1553743186,34.2202914621802,117.14397573445,35.5769643215463,-2.25931586634987e-05,-0.00125744734918489,0.00184886876581587,0.771174,0.150492,289.897875
1553743187,34.2202914621802,117.14397573445,35.5769643215463,-2.25931586634989e-05,0.000396315566169272,0.00297362128072718,0.771464,0.150332,289.897768
1553743188,34.2202914621802,117.14397573445,35.5769643215463,0.000411041713001118,-0.000360694014544317,0.00408667891301054,0.771604,0.150689,289.897377
1553743189,34.2202914621802,117.14397573445,35.5769643215463,-0.000478821188991615,-0.000931003659979108,0.00314705615680403,0.771911,0.150734,289.896645
1553743190,34.2202914621802,117.14397573445,35.5769643215463,0.000433634871664617,6.98718769634912e-05,0.00167543388973902,0.772053,0.150661,289.896105
1553743191,34.2202914621802,117.14397573445,35.5769643215463,0.00175713264532197,-0.000116828058315307,0.00372811427822889,0.772485,0.14921,289.896159
1553743192,34.2202914621802,117.14397573445,35.5769643215463,0.000867269743329234,0.000139743753926982,0.00335086777947803,0.77327,0.151501,289.894957
1553743193,34.2202914621802,117.14397573445,35.5769643215463,-2.25931586634989e-05,0.000396315566169272,0.00297362128072718,0.773739,0.152001,289.894943
1553743194,34.2202914621802,117.14397573445,35.5769643215463,-0.000912456060656232,0.00147976883608864,0.00315875103943197,0.773741,0.151971,289.894458
1553743195,34.2202914621802,117.14397573445,35.5769643215463,-2.25931586634991e-05,0.00205007848152343,0.00409837379563848,0.774299,0.152675,289.893796
1553743196,34.2202914621802,117.14397573445,35.5769643215463,0.00130090461499385,0.00186337854624463,0.00615105418412835,0.774863,0.153194,289.893333
1553743197,34.2202914621802,117.14397573445,35.5769643215463,-0.000935049219319731,0.00104920294458083,0.0055699960627035,0.775341,0.153653,289.892679
1553743198,34.2202914621802,117.14397573445,35.5769643215463,-0.000478821188991615,0.000722759255375053,0.00427180867171534,0.775789,0.154004,289.891972
1553743199,34.2202914621802,117.14397573445,35.5769643215463,-0.000478821188991615,-0.000931003659979108,0.00314705615680403,0.776419,0.154233,289.891739
1553743200,34.2202914621802,117.14397573445,35.5769643215463,-0.00136868409098435,-0.0015013133054139,0.00220743340059752,0.776668,0.154051,289.891028
1553743201,34.2202914621802,117.14397573445,35.5769643215463,0.000433634871664617,-0.000757009580713589,0.00111305763228336,0.777365,0.153635,289.890503
1553743202,34.2202914621802,117.14397573445,35.5769643215463,0.00177972580398547,-0.00051314362448458,0.000754492997501711,0.777943,0.152776,289.889783
1553743203,34.2202914621802,117.14397573445,35.5769643215463,0.000433634871664617,-0.000757009580713589,0.00111305763228336,0.778386,0.151949,289.889052
1553743204,34.2202914621802,117.14397573445,35.5769643215463,-0.000456228030328116,-0.000500437768471299,0.000735811133532508,0.77842,0.151129,289.888647
1553743205,34.2202914621802,117.14397573445,35.5769643215463,-0.000889862901992733,0.00025657181224229,-0.000377246498750856,0.778335,0.150612,289.88803
1553743206,34.2202914621802,117.14397573445,35.5769643215463,-0.000889862901992733,0.00025657181224229,-0.000377246498750856,0.778276,0.149825,289.887307
1553743207,34.2202914621802,117.14397573445,35.5769643215463,0.00134609093232085,0.00107074741390609,0.000203811622674001,0.77805,0.148681,289.886241
1553743208,34.2202914621802,117.14397573445,35.5769643215463,0.000456228030328116,-0.00115332514688286,-0.00186056364844381,0.777918,0.148181,289.88562
1553743209,34.2202914621802,117.14397573445,35.5769643215463,0.000912456060656232,-0.00147976883608864,-0.00315875103943197,0.777781,0.14728,289.884786
1553743210,34.2202914621802,117.14397573445,35.5769643215463,2.25931586634989e-05,-0.000396315566169272,-0.00297362128072718,0.77755,0.146511,289.883977
1553743211,34.2202914621802,117.14397573445,35.5769643215463,-0.00175713264532197,0.000943709515992388,-0.00316573802077324,0.777017,0.14576,289.883028
1553743212,34.2202914621802,117.14397573445,35.5769643215463,-0.00221336067565008,0.000443271747521088,-0.00242992688724073,0.776889,0.145403,289.882191
1553743213,34.2202914621802,117.14397573445,35.5769643215463,2.2593158663499e-05,0.000430565891507808,-0.00241124502327152,0.776205,0.145767,289.881617
1553743214,34.2202914621802,117.14397573445,35.5769643215463,0.000912456060656232,0.000173994079265519,-0.00203399852452067,0.775812,0.145433,289.880806
1553743215,34.2202914621802,117.14397573445,35.5769643215463,0.00180231896264896,-8.25777329767712e-05,-0.00165675202576981,0.775916,0.145368,289.879882
1553743216,34.2202914621802,117.14397573445,35.5769643215463,0.000889862901992733,-0.00191033472759645,-0.00074750601616045,0.776071,0.145783,289.878872
1553743217,34.2202914621802,117.14397573445,35.5769643215463,0.000889862901992732,-0.00108345326991937,-0.000185129758704797,0.776332,0.146477,289.878147
1553743218,34.2202914621802,117.14397573445,35.5769643215463,0.00134609093232085,0.00107074741390609,0.000203811622674001,0.777052,0.147207,289.877192
1553743219,34.2202914621802,117.14397573445,35.5769643215463,0.00134609093232085,0.00189762887158317,0.000766187880129654,0.777859,0.147852,289.876528
1553743220,34.2202914621802,117.14397573445,35.5769643215463,0.00223595383431358,0.00164105705934088,0.00114343437888051,0.778289,0.148324,289.875616
1553743221,34.2202914621802,117.14397573445,35.5769643215463,0.00312581673630631,0.00055760378942151,0.000958304620175712,0.778779,0.148535,289.874754
1553743222,34.2202914621802,117.14397573445,35.5769643215463,1.06921026705306e-20,0.00082688145767708,0.000562376257455653,0.779096,0.149311,289.873799
1553743223,34.2202914621802,117.14397573445,35.5769643215463,-0.000433634871664617,0.000757009580713589,-0.00111305763228336,0.779504,0.149295,289.873253
1553743224,34.2202914621802,117.14397573445,35.5769643215463,-0.00177972580398547,-0.00114061929086958,-0.00187924551241302,0.779433,0.14874,289.872508
1553743225,34.2202914621802,117.14397573445,35.5769643215463,-0.00134609093232085,-0.00189762887158317,-0.000766187880129654,0.779144,0.148081,289.871426
1553743226,34.2202914621802,117.14397573445,35.5769643215463,0.000889862901992733,-0.00191033472759645,-0.00074750601616045,0.778327,0.147138,289.870463
1553743227,34.2202914621802,117.14397573445,35.5769643215463,-0.000456228030328116,-0.00132731922614838,0.000173434876076855,0.783127,0.139168,289.864149
1553743228,34.2202914621802,117.14397573445,35.5769643215463,-0.00134609093232085,-0.00024386595622901,0.000358564634781652,0.777408,0.146456,289.867878
1553743229,34.2202914621802,117.14397573445,35.5769643215463,-0.00180231896264896,8.25777329767712e-05,0.00165675202576981,0.77754,0.146246,289.866816
1553743230,34.2202914621802,117.14397573445,35.5769643215463,0.000889862901992733,0.00139719110311187,0.00150199901366216,0.777876,0.145397,289.865744
1553743231,34.2202914621802,117.14397573445,35.5769643215463,0.0026695887059782,0.000884047478627291,0.00225649201116387,0.777799,0.146206,289.865364
1553743232,34.2202914621802,117.14397573445,35.5769643215463,0.00132349777365735,0.000640181522398282,0.00261505664594552,0.777967,0.146095,289.86442
1553743233,34.2202914621802,117.14397573445,35.5769643215463,-2.2593158663499e-05,0.00122319702384635,0.00353599753818283,0.777845,0.146999,289.863359
1553743234,34.2202914621802,117.14397573445,35.5769643215463,-0.000478821188991615,0.000722759255375053,0.00427180867171534,0.778096,0.148415,289.862489
1553743235,34.2202914621802,117.14397573445,35.5769643215463,0.000433634871664617,0.000896753334640572,0.00223781014719467,0.778169,0.149552,289.861463
1553743236,34.2202914621802,117.14397573445,35.5769643215463,0.000889862901992733,0.000570309645434791,0.000939622756206509,0.777928,0.150373,289.86048
1553743237,34.2202914621802,117.14397573445,35.5769643215463,1.06921026705306e-20,0.00082688145767708,0.000562376257455653,0.777962,0.151042,289.859398
1553743238,34.2202914621802,117.14397573445,35.5769643215463,0.000433634871664617,-0.000757009580713589,0.00111305763228336,0.777349,0.152017,289.858438
1553743239,34.2202914621802,117.14397573445,35.5769643215463,-0.000889862901992733,0.00025657181224229,-0.000377246498750856,0.776973,0.152514,289.857273
1553743240,34.2202914621802,117.14397573445,35.5769643215463,-0.000433634871664617,0.000757009580713589,-0.00111305763228336,0.776736,0.152617,289.856512
1553743241,34.2202914621802,117.14397573445,35.5769643215463,2.2593158663499e-05,0.000430565891507808,-0.00241124502327152,0.776626,0.153127,289.855299
1553743242,34.2202914621802,117.14397573445,35.5769643215463,0.00225854699297708,0.000417860035494528,-0.00239256315930232,0.775975,0.153184,289.854269
1553743243,34.2202914621802,117.14397573445,35.5769643215463,2.2593158663499e-05,0.000430565891507808,-0.00241124502327152,0.775995,0.153171,289.853351
1553743244,34.2202914621802,117.14397573445,35.5769643215463,-0.000433634871664617,-6.98718769634912e-05,-0.00167543388973902,0.775954,0.152728,289.852452
1553743245,34.2202914621802,117.14397573445,35.5769643215463,-2.13842053410612e-20,-0.00165376291535416,-0.00112475251491131,0.775982,0.151802,289.851266
1553743246,34.2202914621802,117.14397573445,35.5769643215463,-1.06921026705306e-20,-0.00082688145767708,-0.000562376257455653,0.776071,0.150577,289.850522
1553743247,34.2202914621802,117.14397573445,35.5769643215463,0.000889862901992733,-0.00191033472759645,-0.00074750601616045,0.775616,0.149226,289.850241
1553743248,34.2202914621802,117.14397573445,35.5769643215463,0.00134609093232085,-0.00140989695912515,-0.00148331714969296,0.775762,0.148208,289.848725
1553743249,34.2202914621802,117.14397573445,35.5769643215463,0.000889862901992733,-0.00191033472759645,-0.00074750601616045,0.77636,0.148267,289.847784
1553743250,34.2202914621802,117.14397573445,35.5769643215463,-0.000456228030328116,-0.00132731922614838,0.000173434876076855,0.776079,0.147164,289.846947
1553743251,34.2202914621802,117.14397573445,35.5769643215463,-0.000912456060656232,-0.000173994079265519,0.00203399852452067,0.776642,0.146317,289.845532
1553743252,34.2202914621802,117.14397573445,35.5769643215463,0.000433634871664617,0.000896753334640572,0.00223781014719467,0.776599,0.14623,289.844747
1553743253,34.2202914621802,117.14397573445,35.5769643215463,-0.000889862901992733,0.00273721618527353,0.0013098822736161,0.776723,0.145807,289.843782
1553743254,34.2202914621802,117.14397573445,35.5769643215463,-0.000889862901992733,0.00191033472759645,0.00074750601616045,0.77668,0.146629,289.842757
1553743255,34.2202914621802,117.14397573445,35.5769643215463,1.06921026705306e-20,0.00082688145767708,0.000562376257455653,0.776557,0.147346,289.84162
1553743256,34.2202914621802,117.14397573445,35.5769643215463,0.000433634871664617,6.98718769634912e-05,0.00167543388973902,0.776429,0.148819,289.840767
1553743257,34.2202914621802,117.14397573445,35.5769643215463,0.000433634871664617,6.98718769634912e-05,0.00167543388973902,0.776133,0.150499,289.839172
1553743258,34.2202914621802,117.14397573445,35.5769643215463,0.000889862901992733,-0.00025657181224229,0.000377246498750856,0.775726,0.152831,289.837958
1553743259,34.2202914621802,117.14397573445,35.5769643215463,2.25931586634987e-05,0.00125744734918489,-0.00184886876581587,0.77512,0.154728,289.836771
1553743260,34.2202914621802,117.14397573445,35.5769643215463,0.00182491212131246,0.0020017510738852,-0.00294324453413003,0.774854,0.15532,289.835849
1553743261,34.2202914621802,117.14397573445,35.5769643215463,0.000912456060656232,0.0010008755369426,-0.00147162226706502,0.774083,0.156121,289.834932
1553743262,34.2202914621802,117.14397573445,35.5769643215463,0.000912456060656232,0.000173994079265519,-0.00203399852452067,0.7741,0.156449,289.834226
1553743263,34.2202914621802,117.14397573445,35.5769643215463,0.000478821188991615,0.000104122202302027,-0.00370943241425968,0.774205,0.156823,289.833803
1553743264,34.2202914621802,117.14397573445,35.5769643215463,-0.00132349777365735,-0.00146706298007536,-0.00317743290340118,0.773159,0.157494,289.832417
1553743265,34.2202914621802,117.14397573445,35.5769643215463,-0.000867269743329234,-0.000139743753926982,-0.00335086777947803,0.772536,0.157352,289.831002
1553743266,34.2202914621802,117.14397573445,35.5769643215463,-0.00177972580398547,-0.00196750074854666,-0.00244162176986867,0.772161,0.157723,289.830791
1553743267,34.2202914621802,117.14397573445,35.5769643215463,-0.00177972580398547,-0.000313737833192501,-0.00131686925495736,0.772116,0.156619,289.829701
1553743268,34.2202914621802,117.14397573445,35.5769643215463,0.000889862901992733,-0.00191033472759645,-0.00074750601616045,0.771745,0.157072,289.828227
1553743269,34.2202914621802,117.14397573445,35.5769643215463,0.0026921818646417,0.000487731912458019,-0.000717129269563304,0.772655,0.15745,289.827551
1553743270,34.2202914621802,117.14397573445,35.5769643215463,0.00177972580398547,-0.00051314362448458,0.000754492997501711,0.773604,0.156954,289.826624
1553743271,34.2202914621802,117.14397573445,35.5769643215463,0.00312581673630631,0.00055760378942151,0.000958304620175712,0.774614,0.156997,289.824964
1553743272,34.2202914621802,117.14397573445,35.5769643215463,0.000889862901992733,0.00139719110311187,0.00150199901366216,0.77578,0.156339,289.825962
1553743273,34.2202914621802,117.14397573445,35.5769643215463,0.000889862901992733,0.000570309645434791,0.000939622756206509,0.777506,0.155776,289.824548
1553743274,34.2202914621802,117.14397573445,35.5769643215463,-2.25931586634989e-05,0.000396315566169272,0.00297362128072718,0.778593,0.156725,289.823854
1553743275,34.2202914621802,117.14397573445,35.5769643215463,-0.00180231896264896,0.000909459190653851,0.00221912828322547,0.779585,0.156614,289.82282
1553743276,34.2202914621802,117.14397573445,35.5769643215463,-0.00134609093232085,0.00140989695912515,0.00148331714969296,0.780454,0.156609,289.822301
1553743277,34.2202914621802,117.14397573445,35.5769643215463,1.06921026705306e-20,0.00082688145767708,0.000562376257455653,0.781003,0.156034,289.821058
1553743278,34.2202914621802,117.14397573445,35.5769643215463,0.00132349777365735,-0.00184046285063296,0.000927927873578566,0.781642,0.155113,289.820074
1553743279,34.2202914621802,117.14397573445,35.5769643215463,0.000433634871664617,-0.00158389103839067,0.00055068137482771,0.782702,0.153901,289.819605
1553743280,34.2202914621802,117.14397573445,35.5769643215463,0.000889862901992732,-0.00108345326991937,-0.000185129758704797,0.781338,0.153345,289.819324
1553743281,34.2202914621802,117.14397573445,35.5769643215463,0.00134609093232085,-0.000583015501448071,-0.000920940892237305,0.785056,0.152541,289.819943
1553743282,34.2202914621802,117.14397573445,35.5769643215463,0.00134609093232085,0.00024386595622901,-0.000358564634781652,0.798421,0.147173,289.82001
1553743283,34.2202914621802,117.14397573445,35.5769643215463,0.00177972580398547,-0.00134002508216166,0.000192116740046058,0.782025,0.151415,289.819083
1553743284,34.2202914621802,117.14397573445,35.5769643215463,0,0,0,0.781986,0.150776,289.817705
1553743285,34.2202914621802,117.14397573445,35.5769643215463,-0.000433634871664617,-6.98718769634912e-05,-0.00167543388973902,0.781731,0.151237,289.81656
1553743286,34.2202914621802,117.14397573445,35.5769643215463,-0.000433634871664617,-0.000896753334640572,-0.00223781014719467,0.781457,0.150614,289.815944
1553743287,34.2202914621802,117.14397573445,35.5769643215463,0.000456228030328116,0.000500437768471299,-0.000735811133532508,0.781353,0.150368,289.815413
1553743288,34.2202914621802,117.14397573445,35.5769643215463,0.000912456060656232,0.000173994079265519,-0.00203399852452067,0.781802,0.150675,289.814632
1553743289,34.2202914621802,117.14397573445,35.5769643215463,0.000912456060656232,0.0010008755369426,-0.00147162226706502,0.782011,0.150771,289.814864
1553743290,34.2202914621802,117.14397573445,35.5769643215463,0.00180231896264896,0.00239806664005447,3.0376746597146e-05,0.783362,0.14895,289.812896
1553743291,34.2202914621802,117.14397573445,35.5769643215463,0.000912456060656232,-0.000652887378411562,-0.00259637478197632,0.794963,0.141208,289.804183
1553743292,34.2202914621802,117.14397573445,35.5769643215463,-0.000889862901992733,0.00025657181224229,-0.000377246498750856,0.803626,0.123119,289.802686
1553743293,34.2202914621802,117.14397573445,35.5769643215463,0.000889862901992733,-0.00025657181224229,0.000377246498750856,0.817913,0.103339,289.792231
1553743294,34.2202914621802,117.14397573445,35.5769643215463,-0.000912456060656232,-0.0010008755369426,0.00147162226706502,0.823247,0.096945,289.790114
1553743295,34.2202914621802,117.14397573445,35.5769643215463,-0.00136868409098435,-0.00232819476309098,0.00164505714314187,0.824002,0.096324,289.788017
1553743296,34.2202914621802,117.14397573445,35.5769643215463,-0.000912456060656232,-0.0010008755369426,0.00147162226706502,0.824648,0.093776,289.787544
1553743297,34.2202914621802,117.14397573445,35.5769643215463,0.00711890321594186,-0.00205257449793832,0.00301797199000685,0.783094,0.136174,289.807244
1553743298,34.2202914621802,117.14397573445,35.5769643215463,-0.00180231896264896,8.25777329767712e-05,0.00165675202576981,0.777042,0.146317,289.807721
1553743299,34.2202914621802,117.14397573445,35.5769643215463,0.00132349777365735,-0.00101358139295588,0.00149030413103422,0.777195,0.144645,289.80692
1553743300,34.2202914621802,117.14397573445,35.5769643215463,0.000433634871664617,-0.00158389103839067,0.00055068137482771,0.776602,0.145002,289.8057
1553743301,34.2202914621802,117.14397573445,35.5769643215463,-2.25931586634987e-05,-0.00125744734918489,0.00184886876581587,0.777442,0.145002,289.806111
1553743302,34.2202914621802,117.14397573445,35.5769643215463,-0.000456228030328116,-0.000500437768471299,0.000735811133532508,0.77794,0.14415,289.806268
1553743303,34.2202914621802,117.14397573445,35.5769643215463,-0.000889862901992733,0.00025657181224229,-0.000377246498750856,0.777869,0.14474,289.805045
1553743304,34.2202914621802,117.14397573445,35.5769643215463,-0.00134609093232085,-0.00024386595622901,0.000358564634781652,0.777766,0.145825,289.804418
1553743305,34.2202914621802,117.14397573445,35.5769643215463,-0.000456228030328116,0.000326443689205781,0.00129818739098816,0.777347,0.14674,289.803554
1553743306,34.2202914621802,117.14397573445,35.5769643215463,-0.000478821188991615,-0.000931003659979108,0.00314705615680403,0.776763,0.147702,289.803142
1553743307,34.220291468066,117.143975724548,35.5795606961474,-0.00182491212069729,0.000478893298493016,0.00463037330680698,0.778752,0.146603,289.803085
1553743308,34.2202914745816,117.143975719351,35.5838325060904,-2.2593158074281e-05,0.00205007848063301,0.00409837379608714,0.776104,0.150178,289.801782
1553743309,34.2202914745816,117.143975719351,35.5838325060904,-0.000912456060187239,0.00230665029282508,0.00372112729758571,0.772854,0.181824,289.792711
1553743310,34.2202914745816,117.143975719351,35.5838325060904,-0.00269218186441315,0.00281979391720922,0.00296663430058287,0.775975,0.206875,289.779272
1553743311,34.2202914745816,117.143975719351,35.5838325060904,-4.51863161485618e-05,-0.00168801324162147,0.00426011378873188,0.776266,0.207742,289.778153
1553743312,34.2202914745816,117.143975719351,35.5838325060904,-4.51863161485613e-05,-0.000861131784066115,0.00482249004636651,0.776016,0.203347,289.779771
1553743313,34.2202914745816,117.143975719351,35.5838325060904,-0.000935049218261519,-0.0014314414294294,0.00388286729023046,0.775222,0.203607,289.779631
1553743314,34.2202914745816,117.143975719351,35.5838325060904,-0.0004788211881679,-0.000931003660731232,0.00314705615670686,0.772893,0.202645,289.781419
1553743315,34.2202914745816,117.143975719351,35.5838325060904,0.0013234977741323,-0.00101358139308231,0.00149030413052644,0.768354,0.216806,289.783645
1553743316,34.2202914745816,117.143975719351,35.5838325060904,-0.0004788211881679,-0.00506541094850802,0.000335174868533721,0.76134,0.218349,289.792101
1553743317,34.2202914745816,117.143975719351,35.5838325060904,0.000433634872019339,6.9871876665116e-05,0.00167543388965965,0.772501,0.18515,289.8004
1553743318,34.2202914745816,117.143975719351,35.5838325060904,-0.000912456060187239,-0.00017399407984099,0.00203399852468183,0.774319,0.18249,289.800276
1553743319,34.2202914745816,117.143975719351,35.5838325060904,-0.000456228030093619,0.00115332514641254,0.00186056364879286,0.77498,0.181221,289.800091
1553743320,34.2202914745816,117.143975719351,35.5838325060904,-0.0004788211881679,-0.000104122203175874,0.00370943241434148,0.775801,0.182206,289.799766
1553743321,34.2202914745816,117.143975719351,35.5838325060904,-0.00139127724835514,-0.00110499774057222,0.00518105468138869,0.775395,0.182284,289.799174
1553743322,34.2202914745816,117.143975719351,35.5838325060904,-0.00139127724835514,-0.00193187919812758,0.00461867842375406,0.78027,0.1809,289.799193
1553743323,34.2202914745816,117.143975719351,35.5838325060904,0.000411041713945058,-0.00284133838803401,0.00239955013993902,0.772259,0.180985,289.798185
1553743324,34.2202914745816,117.143975719351,35.5838325060904,0.000433634872019339,-0.000757009580890241,0.00111305763202502,0.774241,0.181213,289.79953
1553743325,34.2202914745816,117.143975719351,35.5838325060904,-0.0018023189623002,0.000909459189906435,0.00221912828381504,0.774303,0.18021,289.799439
1553743326,34.2202914745816,117.143975719351,35.5838325060904,-0.000456228030093619,0.000326443688857184,0.00129818739115823,0.76992,0.181329,289.797883
1553743327,34.2202914745816,117.143975719351,35.5838325060904,-2.25931580742807e-05,-0.000430565892033058,0.00241124502318325,0.76789,0.181532,289.797229
1553743328,34.2202914745816,117.143975719351,35.5838325060904,-0.000912456060187239,-0.00100087553739635,0.00147162226704721,0.766015,0.18185,289.796365
1553743329,34.2202914745816,117.143975719351,35.5838325060904,0.00221336067624525,-0.00127015320527438,0.00186755062902787,0.77051,0.18555,289.790701
1553743330,34.2202914745816,117.143975719351,35.5838325060904,-0.00134609093220658,0.00223677841615997,0.00204569340792606,0.764115,0.182664,289.79383
1553743331,34.2202914745816,117.143975719351,35.5838325060904,-0.00136868409028086,-0.00232819476364988,0.00164505714293618,0.773311,0.167386,289.792691
1553743332,34.2202914745816,117.143975719351,35.5838325060904,0.000411041713945058,-0.00449510130314473,0.00127479762466977,0.779524,0.16132,289.792696
1553743333,34.2202914745816,117.143975719351,35.5838325060904,-0.00139127724835514,-0.00523940502834901,0.00236917339321555,0.797811,0.137981,289.790425
1553743334,34.2202914745816,117.143975719351,35.5838325060904,-2.25931580742807e-05,-0.00208432880714377,0.001286492507914,0.80356,0.131455,289.787874
1553743335,34.2202914700702,117.1439757144,35.5845683161169,-2.2593157881064e-05,-0.00125744734944393,0.00184886876564925,0.780577,0.150015,289.79003
1553743336,34.2202914564214,117.143975723812,35.5867944341153,0.000867269743829077,0.00096662521208794,0.00391324403670338,0.832552,0.110751,289.787035
1553743337,34.22029145191,117.143975718861,35.5875302441418,0.000889862902116863,-0.0010834532698164,-0.000185129758710787,0.826298,0.110315,289.787152
1553743338,34.22029145191,117.143975718861,35.5875302441418,-0.000935049218227151,-0.00473896725900902,0.00163336226157375,0.829964,0.110238,289.784857
1553743339,34.22029145191,117.143975718861,35.5875302441418,-0.000478821188141147,-0.000931003659488264,0.00314705615707864,0.836744,0.106969,289.78449
1553743340,34.22029145191,117.143975718861,35.5875302441418,-0.00317100305254688,-0.00720690577667487,-7.2448373816997e-05,0.833836,0.14482,289.794607
1553743341,34.22029145191,117.143975718861,35.5875302441418,0.00264699554829544,-0.0061615700738619,0.000168726975299121,0.839373,0.111231,289.789658
1553743342,34.22029145191,117.143975718861,35.5875302441418,0.000456228030086003,0.0013273192261871,-0.000173434876417417,0.838163,0.105882,289.783757
1553743343,34.22029145191,117.143975718861,35.5875302441418,-0.000433634872030859,0.00406453541155927,0.00113644739690824,0.820175,0.120804,289.785725
1553743344,34.22029145191,117.143975718861,35.5875302441418,0.000456228030086003,0.00298108214174287,0.000951317638197452,0.791603,0.14594,289.78728
1553743345,34.22029145191,117.143975718861,35.5875302441418,0.000912456060172007,0.00017399407904054,-0.00203399852475714,0.783189,0.159961,289.786924
1553743346,34.22029145191,117.143975718861,35.5875302441418,2.25931580551442e-05,0.000430565891079051,-0.00241124502335379,0.782289,0.160555,289.786253
1553743347,34.22029145191,117.143975718861,35.5875302441418,-0.000889862902116862,-0.00139719110351726,-0.00150199901321152,0.781401,0.160857,289.785443
1553743348,34.22029145191,117.143975718861,35.5875302441418,-0.00358204476652259,-0.00105804155848078,-0.000222493485647675,0.785354,0.157952,289.782597
1553743349,34.22029145191,117.143975718861,35.5875302441418,-0.00310322357838145,0.00152672501656325,-0.00224479712811144,0.785154,0.157688,289.781796
1553743350,34.22029145191,117.143975718861,35.5875302441418,-0.00132349777414772,0.00101358139248623,-0.00149030413091815,0.782968,0.156488,289.782534
1553743351,34.22029145191,117.143975718861,35.5875302441418,0.000912456060172007,0.00017399407904054,-0.00203399852475714,0.779303,0.157594,289.783194
1553743352,34.22029145191,117.143975718861,35.5875302441418,0.00180231896228887,-8.25777329979702e-05,-0.00165675202616049,0.781329,0.159927,289.78202
1553743353,34.22029145191,117.143975718861,35.5875302441418,0.00223595383431973,-0.00166646877122358,-0.00110607065114643,0.790721,0.189303,289.779215
1553743354,34.22029145191,117.143975718861,35.5875302441418,0.00223595383431973,-0.00166646877122358,-0.00110607065114643,0.792265,0.188245,289.778147
1553743355,34.22029145191,117.143975718861,35.5875302441418,0.00177972580423372,-0.00134002508185491,0.000192116739885861,0.794026,0.190776,289.776864
1553743356,34.22029145191,117.143975718861,35.5875302441418,-0.000456228030086003,0.000326443689368673,0.00129818739103229,0.794262,0.18789,289.775592
1553743357,34.22029145191,117.143975718861,35.5875302441418,0.00132349777414772,-0.000186699934708348,0.00205268038822558,0.794074,0.191563,289.776145
1553743358,34.22029145191,117.143975718861,35.5875302441418,-0.000478821188141148,-0.000104122201710377,0.00370943241438607,0.791567,0.187569,289.778423
1553743359,34.22029145191,117.143975718861,35.5875302441418,-0.00136868409025801,0.000979331068106019,0.00389456217309686,0.793761,0.195385,289.776284
1553743360,34.22029145191,117.143975718861,35.5875302441418,-0.00136868409025801,0.00180621252588391,0.00445693843040429,0.794976,0.195966,289.776108
1553743361,34.22029145191,117.143975718861,35.5875302441418,-0.00182491212034401,0.000478893299696806,0.00463037330682171,0.787143,0.175723,289.780171
1553743362,34.22029145191,117.143975718861,35.5875302441418,-2.25931580551442e-05,0.00122319702447672,0.00353599753796865,0.786879,0.180728,289.776638
1553743363,34.22029145191,117.143975718861,35.5875302441418,-2.25931580551442e-05,0.00122319702447672,0.00353599753796865,0.780732,0.171495,289.776636
1553743364,34.22029145191,117.143975718861,35.5875302441418,-0.000478821188141148,-0.00175788511726615,0.0025846798997712,0.779907,0.172406,289.776084
1553743365,34.22029145191,117.143975718861,35.5875302441418,0.000867269744061718,-0.000687137703117561,0.00278849152195043,0.789039,0.161397,289.771267
1553743366,34.22029145191,117.143975718861,35.5875302441418,0.000433634872030859,0.00255051625066382,0.00336256266155124,0.812814,0.132806,289.765844
1553743367,34.22029145191,117.143975718861,35.5875302441418,0.00132349777414772,-0.00101358139248623,0.00149030413091815,0.812769,0.135602,289.759183
1553743368,34.22029145191,117.143975718861,35.5875302441418,0.000889862902116862,-0.00025657181203851,0.000377246498596648,0.812851,0.134582,289.756683
1553743369,34.22029145191,117.143975718861,35.5875302441418,1.0717108728189e-20,0.000826881457777886,0.000562376257307435,0.815046,0.132105,289.755361
1553743370,34.22029145191,117.143975718861,35.5875302441418,-0.000889862902116863,0.0010834532698164,0.000185129758710787,0.815968,0.129393,289.754495
1553743371,34.22029145191,117.143975718861,35.5875302441418,-0.00266958870635059,-5.71660216623555e-05,-0.00169411575309738,0.81781,0.128313,289.753586
1553743372,34.22029145191,117.143975718861,35.5875302441418,-0.00223595383431973,-0.00246793851766585,-0.00170581063539075,0.821252,0.124443,289.753471
1553743373,34.22029145191,117.143975718861,35.5875302441418,-0.000867269744061718,-0.000966625212438212,-0.0039132440365653,0.822919,0.124209,289.752894
1553743374,34.22029145191,117.143975718861,35.5875302441418,-0.000867269744061718,-0.000139743754660326,-0.00335086777925787,0.827683,0.121177,289.752065
1553743375,34.22029145191,117.143975718861,35.5875302441418,2.25931580551441e-05,-0.00205007848225461,-0.00409837379527609,0.832693,0.118975,289.750848
1553743376,34.22029145191,117.143975718861,35.5875302441418,0.00447190766863946,-0.00333293754244716,-0.00221214130229285,0.837473,0.119018,289.750642
1553743377,34.22029145191,117.143975718861,35.5875302441418,0.00670786150295919,-0.00417252485589285,-0.00275583569613184,0.843956,0.118506,289.749823
1553743378,34.22029145191,117.143975718861,35.5875302441418,0.0129594949758324,-0.00471108019130549,-0.00196397897200166,0.850006,0.118935,289.748836
1553743379,34.22029145191,117.143975718861,35.5875302441418,0.0196673564787915,-0.0055760792160868,-0.00247030963890376,0.85556,0.119462,289.748655
1553743380,34.22029145191,117.143975718861,35.5875302441418,0.0245728990194619,-0.00718538196564802,-0.00188226453695281,0.8593,0.11906,289.74752
1553743381,34.22029145191,117.143975718861,35.5875302441418,-0.0209682610948841,0.0111546337885415,0.001380641771169,0.856924,0.121117,289.748969
1553743382,34.22029145191,117.143975718861,35.5875302441418,-0.0169525814563307,0.00566749556212937,-0.00122044091201387,0.857119,0.113915,289.748824
1553743383,34.22029145191,117.143975718861,35.5875302441418,-0.0102447199533715,0.00562937799512594,-0.00116439532160854,0.853227,0.11582,289.748424
1553743384,34.22029145191,117.143975718861,35.5875302441418,-0.00668526834490404,0.00212244637363824,-0.00134253809914425,0.846464,0.111809,289.747723
1553743385,34.22029145191,117.143975718861,35.5875302441418,-0.00399308648049831,0.000956415370823879,-0.00318441988401552,0.839415,0.113966,289.747196
1553743386,34.22029145191,117.143975718861,35.5875302441418,2.25931580551443e-05,-0.000396315566698836,-0.00297362128066122,0.833073,0.112074,289.748116
1553743387,34.22029145191,117.143975718861,35.5875302441418,0.00269218186440573,-0.00116603100281437,-0.00184188178487128,0.827127,0.11216,289.748003
1553743388,34.22029145191,117.143975718861,35.5875302441418,0.00269218186440573,-0.00033914954503648,-0.00127950552756384,0.823032,0.110023,289.747553
1553743389,34.22029145191,117.143975718861,35.5875302441418,0.00358204476652259,0.000231160100702896,-0.00033988277165976,0.820527,0.110244,289.745939
1553743390,34.22029145191,117.143975718861,35.5875302441418,0.00312581673643659,-0.00192304058326209,-0.000728824152549778,0.816688,0.118351,289.744481
1553743391,34.22029145191,117.143975718861,35.5875302441418,0.00266958870635059,-0.00159659689389342,0.000569363238482509,0.814354,0.116098,289.745266
1553743392,34.22029145191,117.143975718861,35.5875302441418,0.000889862902116863,-0.0010834532698164,-0.000185129758710787,0.814312,0.114452,289.743473
1553743393,34.22029145191,117.143975718861,35.5875302441418,0.000456228030086003,-0.000326443689368673,-0.00129818739103229,0.813952,0.11259,289.743053
1553743394,34.22029145191,117.143975718861,35.5875302441418,0.000456228030086003,-0.000326443689368673,-0.00129818739103229,0.814574,0.11079,289.743209
1553743395,34.22029145191,117.143975718861,35.5875302441418,-0.000456228030086003,-0.00215420068396499,-0.000388941380890018,0.812033,0.118702,289.741665
1553743396,34.22029145191,117.143975718861,35.5875302441418,-2.25931580551442e-05,-0.000430565891079051,0.00241124502335379,0.815511,0.105252,289.741204
1553743397,34.22029145191,117.143975718861,35.5875302441418,-0.000478821188141148,-0.000104122201710377,0.00370943241438607,0.814287,0.1101,289.740415
1553743398,34.22029145191,117.143975718861,35.5875302441418,-2.25931580551443e-05,0.000396315566698836,0.00297362128066122,0.814597,0.107634,289.740754
1553743399,34.22029145191,117.143975718861,35.5875302441418,0.000433634872030859,6.98718773301628e-05,0.00167543388962893,0.814784,0.106458,289.741076
1553743400,34.22029145191,117.143975718861,35.5875302441418,0.000433634872030859,0.00172363479288594,0.0028001864042438,0.815074,0.105454,289.740361
1553743401,34.22029145191,117.143975718861,35.5875302441418,0.000433634872030859,0.000896753335108049,0.00223781014693637,0.81638,0.10563,289.740269
1553743402,34.22029145191,117.143975718861,35.5875302441418,0.000433634872030859,-0.00158389103822561,0.000550681375014065,0.814691,0.103549,289.741568
1553743403,34.22029145191,117.143975718861,35.5875302441418,0.00223595383431973,0.000814175602110079,0.000581058120775879,0.826194,0.07947,289.739613
1553743404,34.22029145191,117.143975718861,35.5875302441418,0.00132349777414772,-0.00101358139248623,0.00149030413091815,0.823512,0.074375,289.740248
1553743405,34.22029145191,117.143975718861,35.5875302441418,-0.00180231896228887,0.000909459190775856,0.00221912828346792,0.799042,0.094354,289.746024
1553743406,34.22029145191,117.143975718861,35.5875302441418,-0.00136868409025801,-0.00315507622078341,0.00108268088655969,0.837948,0.059063,289.738474
1553743407,34.22029145191,117.143975718861,35.5875302441418,-0.000912456060172007,-0.00430840136792997,-0.000777882761780036,0.82094,0.070558,289.741809
1553743408,34.22029145191,117.143975718861,35.5875302441418,-0.00223595383431973,0.000839587313445694,0.000543694393838991,0.819234,0.072069,289.739637
1553743409,34.22029145191,117.143975718861,35.5875302441418,-0.00223595383431973,-0.00164105705988796,-0.00114343437808331,0.818549,0.064836,289.740034
1553743410,34.22029145191,117.143975718861,35.5875302441418,2.1434217456378e-20,0.00165376291555577,0.00112475251461487,0.809699,0.091044,289.746069
1553743411,34.22029145191,117.143975718861,35.5875302441418,0,0,0,0.804502,0.095571,289.745035
1553743412,34.22029145191,117.143975718861,35.5875302441418,0.000456228030086003,-0.000326443689368673,-0.00129818739103229,0.804638,0.088577,289.745672
1553743413,34.22029145191,117.143975718861,35.5875302441418,0.00269218186440573,0.000487731912741406,-0.000717129270256408,0.804074,0.097118,289.744203
1553743414,34.22029145191,117.143975718861,35.5875302441418,0.000433634872030859,-0.000757009580447724,0.0011130576323215,0.800607,0.097137,289.741171
1553743415,34.22029145191,117.143975718861,35.5875302441418,-0.00136868409025801,-0.00480883913633918,-4.20716280551841e-05,0.798336,0.101986,289.741785
1553743416,34.2202914422572,117.143975704253,35.5873264316469,-0.00223595383432549,0.000839587313216689,0.000543694394168936,0.811057,0.066281,289.735163
1553743417,34.2202914475131,117.143975689644,35.5882473727688,-0.000456228029632241,-0.000500437768483579,0.000735811133955622,0.774903,0.143551,289.740505
1553743418,34.2202914377458,117.143975699301,35.5880622435361,-0.000456228029782226,0.000326443689602011,0.00129818739108037,0.853369,0.104647,289.738099
1553743419,34.2202914384903,117.143975679742,35.5897189956158,-0.000912456058956897,0.00313353175272393,0.00428350355376808,0.776647,0.15061,289.740485
1553743420,34.2202914316659,117.143975684448,35.5908320518211,1.02869992454168e-20,0.000826881457976588,0.000562376257015276,0.848886,0.153826,289.745493
1553743421,34.2202914271545,117.143975679497,35.5915678646415,-0.000912456058949282,-0.000173994078514265,0.00203399852535067,0.847956,0.152095,289.748803
1553743422,34.2202914375516,117.143975674546,35.5934284273535,-2.44062511439901e-20,0.00165376291583764,0.00112475251420044,0.784169,0.158107,289.740279
1553743423,34.2202914375516,117.143975674546,35.5934284273535,-0.000456228029397745,0.00115332514741437,0.00186056364834248,0.793482,0.164355,289.743281
1553743424,34.2202914375516,117.143975674546,35.5934284273535,-0.000912456058795489,0.000652887378991111,0.00259637478248452,0.795625,0.16324,289.747198
1553743425,34.2202914375516,117.143975674546,35.5934284273535,0,0,0,0.808986,0.160399,289.746551
1553743426,34.2202914375516,117.143975674546,35.5934284273535,-0.00177972580493946,0.00134002508103264,-0.000192116739083455,0.836271,0.166706,289.749295
1553743427,34.2202914375516,117.143975674546,35.5934284273535,0.000889862902469729,-0.00108345326947573,-0.000185129759008381,0.822975,0.167128,289.73895
1553743428,34.2202914375516,117.143975674546,35.5934284273535,0.000433634873071984,-0.000757009579980174,0.00111305763223388,0.814047,0.163889,289.735529
1553743429,34.2202914375516,117.143975674546,35.5934284273535,-0.00136868408819323,0.000152449610567849,0.00333218591662656,0.814382,0.168282,289.735637
1553743430,34.2202914375516,117.143975674546,35.5934284273535,0.00132349777554171,-0.000186699933618268,0.00205268038742593,0.821326,0.165836,289.742726
1553743431,34.2202914375516,117.143975674546,35.5934284273535,0.000867269746143969,-0.00151401915996035,0.00222611526446775,0.808748,0.168855,289.745398
1553743432,34.2202914375516,117.143975674546,35.5934284273535,-0.000478821185723505,-0.000931003658907881,0.00314705615761818,0.779557,0.163744,289.735227
1553743433,34.2202914375516,117.143975674546,35.5934284273535,0.000867269746143969,-0.00234090061787917,0.00166373900736754,0.800035,0.133413,289.725275
1553743434,34.2202914375516,117.143975674546,35.5934284273535,0.000889862902469729,0.00387783547803718,0.00318912778359293,0.790276,0.146498,289.725886
1553743435,34.2202914375516,117.143975674546,35.5934284273535,-2.44062511439901e-20,0.00165376291583764,0.00112475251420044,0.794912,0.150384,289.724744
1553743436,34.2202914375516,117.143975674546,35.5934284273535,0.000456228029397745,0.00132731922634208,-0.000173434877041823,0.782215,0.166098,289.732197
1553743437,34.2202914375516,117.143975674546,35.5934284273535,-0.000433634873071984,0.000757009579980174,-0.00111305763223388,0.780996,0.166157,289.731157
1553743438,34.2202914375516,117.143975674546,35.5934284273535,0.000912456058795489,0.00100087553684652,-0.00147162226828408,0.778693,0.162869,289.729201
1553743439,34.2202914375516,117.143975674546,35.5934284273535,0.000912456058795489,-0.000652887378991111,-0.00259637478248452,0.77839,0.163699,289.728912
1553743440,34.2202914375516,117.143975674546,35.5934284273535,0.00134609093186747,-0.0022367784168901,-0.00204569340735086,0.778611,0.163489,289.727938
1553743441,34.2202914375516,117.143975674546,35.5934284273535,0.000889862902469729,-0.00191033472739455,-0.000747506016108599,0.779453,0.162688,289.727287
1553743442,34.2202914375516,117.143975674546,35.5934284273535,0.000889862902469729,-0.00191033472739455,-0.000747506016108599,0.779565,0.162502,289.72652
1553743443,34.2202914375516,117.143975674546,35.5934284273535,0.00134609093186747,-0.000583015501052467,-0.000920940893150422,0.779532,0.162407,289.726102
1553743444,34.2202914375516,117.143975674546,35.5934284273535,0,0,0,0.779939,0.161443,289.725538
1553743445,34.2202914375516,117.143975674546,35.5934284273535,0,0,0,0.779919,0.160976,289.724481
1553743446,34.2202914375516,117.143975674546,35.5934284273535,-0.000456228029397745,-0.000500437768423262,0.000735811134142041,0.779995,0.159779,289.723628
1553743447,34.2202914375516,117.143975674546,35.5934284273535,-0.000456228029397745,0.00198020660533319,0.00242293990544269,0.779823,0.158811,289.723138
1553743448,34.2202914375516,117.143975674546,35.5934284273535,0.000433634873071984,0.000896753335857462,0.00223781014643431,0.780707,0.15581,289.723092
1553743449,34.2202914375516,117.143975674546,35.5934284273535,-1.22031255719951e-20,0.000826881457918818,0.000562376257100218,0.799937,0.135772,289.71988
1553743450,34.2202914375516,117.143975674546,35.5934284273535,-0.000912456058795489,-0.00182775699476534,0.000909246011183863,0.807724,0.12513,289.717025
1553743451,34.2202914375516,117.143975674546,35.5934284273535,-0.00225854699066296,-0.00207162295163169,0.00126781064723407,0.803149,0.124323,289.716272
1553743452,34.2202914375516,117.143975674546,35.5934284273535,-0.000456228029397745,0.00115332514741437,0.00186056364834248,0.802454,0.126155,289.717121
1553743453,34.2202914375516,117.143975674546,35.5934284273535,0.000867269746143969,-0.00068713770204153,0.00278849152156797,0.80187,0.128553,289.716469
1553743454,34.2202914375516,117.143975674546,35.5934284273535,0.00177972580493946,0.000313737834804995,0.00131686925328389,0.785246,0.148474,289.718932
1553743455,34.2202914375516,117.143975674546,35.5934284273535,0.000889862902469729,0.000570309646361906,0.000939622755192054,0.794237,0.141992,289.71766
1553743456,34.2202914375516,117.143975674546,35.5934284273535,0,0,0,0.794449,0.142832,289.717417
1553743457,34.2202914375516,117.143975674546,35.5934284273535,0.000456228029397745,0.000500437768423262,-0.000735811134142041,0.793441,0.143896,289.716698
1553743458,34.2202914375516,117.143975674546,35.5934284273535,0.000456228029397745,-0.000326443689495556,-0.00129818739124226,0.794052,0.143762,289.715132
1553743459,34.2202914375516,117.143975674546,35.5934284273535,0.000456228029397745,-0.00115332514741437,-0.00186056364834248,0.795594,0.142296,289.715236
1553743460,34.2202914375516,117.143975674546,35.5934284273535,0.000456228029397745,-0.000326443689495556,-0.00129818739124226,0.796595,0.141946,289.714184
1553743461,34.2202914375516,117.143975674546,35.5934284273535,-0.000889862902469729,-0.00139719110428072,-0.00150199901229227,0.798392,0.141215,289.714124
1553743462,34.2202914375516,117.143975674546,35.5934284273535,-0.000433634873071984,-6.98718779386439e-05,-0.0016754338893341,0.798431,0.141281,289.71356
1553743463,34.2202914375516,117.143975674546,35.5934284273535,0.000456228029397745,0.000500437768423262,-0.000735811134142041,0.79875,0.141384,289.71368
1553743464,34.2202914375516,117.143975674546,35.5934284273535,1.22031255719951e-20,-0.000826881457918818,-0.000562376257100218,0.800043,0.139997,289.712847
1553743465,34.2202914375516,117.143975674546,35.5934284273535,0.000433634873071984,-0.000757009579980174,0.00111305763223388,0.800189,0.13848,289.712415
1553743466,34.2202914375516,117.143975674546,35.5934284273535,0.000433634873071984,6.98718779386439e-05,0.0016754338893341,0.800519,0.138215,289.711619
1553743467,34.2202914375516,117.143975674546,35.5934284273535,-0.000456228029397745,-0.000500437768423262,0.000735811134142041,0.799567,0.138502,289.710854
1553743468,34.2202914375516,117.143975674546,35.5934284273535,-0.00134609093186747,-0.00107074741478517,-0.000203811621050014,0.797107,0.138809,289.710647
1553743469,34.2202914375516,117.143975674546,35.5934284273535,1.22031255719951e-20,-0.000826881457918818,-0.000562376257100218,0.79729,0.136087,289.710381
1553743470,34.2202914375516,117.143975674546,35.5934284273535,0.000456228029397745,0.000500437768423262,-0.000735811134142041,0.795311,0.136286,289.710083
1553743471,34.2202914375516,117.143975674546,35.5934284273535,2.25931563257603e-05,0.00125744734840344,-0.00184886876637592,0.794905,0.137022,289.708526
1553743472,34.2202914375516,117.143975674546,35.5934284273535,-0.00132349777554171,0.00101358139153709,-0.00149030413032571,0.789348,0.14081,289.709826
1553743473,34.2202914375516,117.143975674546,35.5934284273535,-0.00132349777554171,-0.00064018152430055,-0.00261505664452615,0.787684,0.142738,289.710027
1553743474,34.2202914375516,117.143975674546,35.5934284273535,-0.000889862902469729,-0.000570309646361906,-0.000939622755192054,0.795599,0.134614,289.707679
1553743475,34.2202914375516,117.143975674546,35.5934284273535,1.22031255719951e-20,-0.000826881457918818,-0.000562376257100218,0.794949,0.134508,289.706906
1553743476,34.2202914375516,117.143975674546,35.5934284273535,0.000912456058795489,-0.000652887378991111,-0.00259637478248452,0.794622,0.134714,289.706411
1553743477,34.2202914375516,117.143975674546,35.5934284273535,0.00136868408819323,0.000674431847350969,-0.00276980965952634,0.796439,0.133823,289.704847
1553743478,34.2202914375516,117.143975674546,35.5934284273535,0.00136868408819323,0.000674431847350969,-0.00276980965952634,0.797311,0.134201,289.704475
1553743479,34.2202914375516,117.143975674546,35.5934284273535,0.00134609093186747,0.000243865956866351,-0.000358564636050204,0.797996,0.131333,289.704233
1553743480,34.2202914375516,117.143975674546,35.5934284273535,0.000889862902469729,0.000570309646361906,0.000939622755192054,0.800156,0.130301,289.70433
1553743481,34.2202914375516,117.143975674546,35.5934284273535,-0.00134609093186747,0.000583015501052467,0.000920940893150422,0.800283,0.130018,289.703175
1553743482,34.2202914375516,117.143975674546,35.5934284273535,-0.00225854699066296,-0.000417860035794057,0.0023925631614345,0.800856,0.129059,289.70293
1553743483,34.2202914375516,117.143975674546,35.5934284273535,-0.00136868408819323,-0.00150131330526979,0.00220743340242612,0.801185,0.12877,289.701997
1553743484,34.2202914375516,117.143975674546,35.5934284273535,-2.25931563257603e-05,-0.00125744734840344,0.00184886876637592,0.800368,0.128464,289.70192
1553743485,34.2202914375516,117.143975674546,35.5934284273535,-0.000478821185723505,-0.000931003658907881,0.00314705615761818,0.801189,0.125908,289.701504
1553743486,34.2202914375516,117.143975674546,35.5934284273535,-2.25931563257602e-05,0.0003963155674342,0.00297362128057635,0.800031,0.125739,289.701166
1553743487,34.2202914375516,117.143975674546,35.5934284273535,-2.25931563257603e-05,0.00122319702535302,0.00353599753767657,0.798809,0.125245,289.700252
1553743488,34.2202914375516,117.143975674546,35.5934284273535,-0.000456228029397745,0.000326443689495556,0.00129818739124226,0.798569,0.127007,289.70009
1553743489,34.2202914375516,117.143975674546,35.5934284273535,-0.000456228029397745,0.000326443689495556,0.00129818739124226,0.798089,0.125521,289.699653
1553743490,34.2202914375516,117.143975674546,35.5934284273535,0.000889862902469729,0.000570309646361906,0.000939622755192054,0.79532,0.125038,289.70083
1553743491,34.2202914375516,117.143975674546,35.5934284273535,0.000889862902469729,0.00139719110428072,0.00150199901229227,0.796682,0.125782,289.699884
1553743492,34.2202914375516,117.143975674546,35.5934284273535,-0.000456228029397745,0.00115332514741437,0.00186056364834248,0.797093,0.125834,289.698836
1553743493,34.2202914375516,117.143975674546,35.5934284273535,0.00134609093186747,0.0027245103306228,0.00132856413525045,0.786822,0.135843,289.699801
1553743494,34.2202914375516,117.143975674546,35.5934284273535,0.000433634873071984,-0.000757009579980174,0.00111305763223388,0.776753,0.146664,289.703338
1553743495,34.2202914375516,117.143975674546,35.5934284273535,-0.00134609093186747,-0.000243865956866351,0.000358564636050204,0.776254,0.148242,289.702782
1553743496,34.2202914375516,117.143975674546,35.5934284273535,-0.00134609093186747,-0.000243865956866351,0.000358564636050204,0.776156,0.149629,289.702391
1553743497,34.2202914375516,117.143975674546,35.5934284273535,-0.00132349777554171,0.000186699933618268,-0.00205268038742593,0.776923,0.149583,289.702394
1553743498,34.2202914375516,117.143975674546,35.5934284273535,2.25931563257604e-05,0.000430565890484618,-0.00241124502347613,0.781404,0.147361,289.701384
1553743499,34.2202914375516,117.143975674546,35.5934284273535,0.00134609093186747,-0.000583015501052467,-0.000920940893150422,0.782386,0.149084,289.700595
1553743500,34.2202914375516,117.143975674546,35.5934284273535,0.000912456058795489,0.00100087553684652,-0.00147162226828408,0.784117,0.149549,289.700935
1553743501,34.2202914375516,117.143975674546,35.5934284273535,0.00180231896126522,-0.000909459190548023,-0.00221912828439268,0.784889,0.151928,289.700285
1553743502,34.2202914375516,117.143975674546,35.5934284273535,0.0022359538343372,-0.00249335022844701,-0.00166844690925902,0.78616,0.151662,289.700335
1553743503,34.2202914375516,117.143975674546,35.5934284273535,0.00134609093186747,-0.0022367784168901,-0.00204569340735086,0.787265,0.153208,289.700116
1553743504,34.2202914375516,117.143975674546,35.5934284273535,0.000912456058795489,-0.00147976883690993,-0.00315875103958473,0.787841,0.154859,289.699547
1553743505,34.2202914375516,117.143975674546,35.5934284273535,4.51863126515208e-05,0.00168801323888805,-0.00426011378985205,0.788656,0.154939,289.699366
1553743506,34.2202914375516,117.143975674546,35.5934284273535,4.51863126515208e-05,0.00168801323888805,-0.00426011378985205,0.788674,0.155807,289.699333
1553743507,34.2202914375516,117.143975674546,35.5934284273535,0.00093504921512125,0.00143144142733114,-0.00388286729176022,0.789058,0.155251,289.698983
1553743508,34.2202914375516,117.143975674546,35.5934284273535,0.00182491211759098,0.00200175107369305,-0.00294324453656816,0.788762,0.156111,289.698345
1553743509,34.2202914375516,117.143975674546,35.5934284273535,0.000456228029397745,0.000500437768423262,-0.000735811134142041,0.788367,0.153805,289.696996
1553743510,34.2202914375516,117.143975674546,35.5934284273535,-0.00177972580493946,-0.000313737834804995,-0.00131686925328389,0.786634,0.154482,289.696653
1553743511,34.2202914375516,117.143975674546,35.5934284273535,-0.00269218186373495,-0.000487731913732701,0.000717129272100408,0.786068,0.152394,289.696161
1553743512,34.2202914375516,117.143975674546,35.5934284273535,-0.00225854699066296,-0.00207162295163169,0.00126781064723407,0.785236,0.151434,289.695475
1553743513,34.2202914375516,117.143975674546,35.5934284273535,-0.00180231896126522,-0.000744303725289613,0.00109437577019224,0.784022,0.150562,289.695615
1553743514,34.2202914375516,117.143975674546,35.5934284273535,0.000433634873071984,6.98718779386439e-05,0.0016754338893341,0.782682,0.149622,289.69447
1553743515,34.2202914375516,117.143975674546,35.5934284273535,0.000433634873071984,6.98718779386439e-05,0.0016754338893341,0.784624,0.147455,289.694027
1553743516,34.2202914375516,117.143975674546,35.5934284273535,0.00132349777554171,-0.000186699933618268,0.00205268038742593,0.784497,0.144395,289.693853
1553743517,34.2202914375516,117.143975674546,35.5934284273535,0.0022359538343372,0.000814175603228257,0.00058105811914185,0.784662,0.14424,289.693463
1553743518,34.2202914375516,117.143975674546,35.5934284273535,0.00177972580493946,0.000313737834804995,0.00131686925328389,0.785606,0.144257,289.692762
1553743519,34.2202914375516,117.143975674546,35.5934284273535,0.00134609093186747,-0.000583015501052467,-0.000920940893150422,0.786685,0.142347,289.692621
1553743520,34.2202914375516,117.143975674546,35.5934284273535,0.000433634873071984,-0.00158389103789899,0.000550681375133659,0.786487,0.142553,289.691642
1553743521,34.2202914375516,117.143975674546,35.5934284273535,0.000433634873071984,-0.000757009579980174,0.00111305763223388,0.786696,0.143509,289.691237
1553743522,34.2202914375516,117.143975674546,35.5934284273535,-2.44062511439901e-20,0.00165376291583764,0.00112475251420044,0.787217,0.143125,289.690679
1553743523,34.2202914375516,117.143975674546,35.5934284273535,-0.000433634873071984,0.000757009579980174,-0.00111305763223388,0.788227,0.142472,289.690476
1553743524,34.2202914375516,117.143975674546,35.5934284273535,2.25931563257603e-05,0.00208432880632225,-0.0012864925092757,0.787266,0.144822,289.689711
1553743525,34.2202914375516,117.143975674546,35.5934284273535,-0.00132349777554171,0.00101358139153709,-0.00149030413032571,0.78659,0.14504,289.688386
1553743526,34.2202914375516,117.143975674546,35.5934284273535,-0.000433634873071984,0.000757009579980174,-0.00111305763223388,0.785699,0.145334,289.687812
1553743527,34.2202914375516,117.143975674546,35.5934284273535,-0.000433634873071984,-0.000896753335857462,-0.00223781014643431,0.785576,0.145056,289.688723
1553743528,34.2202914375516,117.143975674546,35.5934284273535,-0.000889862902469729,-0.000570309646361906,-0.000939622755192054,0.785277,0.144073,289.686958
1553743529,34.2202914375516,117.143975674546,35.5934284273535,0.000433634873071985,-0.00241077249581781,-1.16948819665582e-05,0.785162,0.144372,289.686472
1553743530,34.2202914375516,117.143975674546,35.5934284273535,0.000456228029397745,-0.000326443689495556,-0.00129818739124226,0.784662,0.144547,289.68622
1553743531,34.2202914375516,117.143975674546,35.5934284273535,0.000456228029397745,-0.000326443689495556,-0.00129818739124226,0.784506,0.14411,289.685212
1553743532,34.2202914375516,117.143975674546,35.5934284273535,0.000456228029397745,0.000500437768423262,-0.000735811134142041,0.784449,0.142371,289.68605
1553743533,34.2202914375516,117.143975674546,35.5934284273535,0,0,0,0.783737,0.141363,289.684275
1553743534,34.2202914375516,117.143975674546,35.5934284273535,-1.22031255719951e-20,0.000826881457918818,0.000562376257100218,0.784451,0.139987,289.68402
1553743535,34.2202914375516,117.143975674546,35.5934284273535,-0.000912456058795489,0.00147976883690993,0.00315875103958473,0.784073,0.140719,289.683082
1553743536,34.2202914375516,117.143975674546,35.5934284273535,-0.00093504921512125,-0.000604559969412324,0.00444524354886043,0.784668,0.139587,289.683125
1553743537,34.2202914375516,117.143975674546,35.5934284273535,-0.000501414342049265,-0.0013615695493925,0.00555830118109431,0.784207,0.139187,289.682348
1553743538,34.2202914375516,117.143975674546,35.5934284273535,-0.00093504921512125,-0.000604559969412324,0.00444524354886043,0.784929,0.137544,289.683494
1553743539,34.2202914375516,117.143975674546,35.5934284273535,0.000411041716746224,-0.000360694012545974,0.00408667891281023,0.785193,0.137525,289.682587
1553743540,34.2202914375516,117.143975674546,35.5934284273535,0.00132349777554171,0.00064018152430055,0.00261505664452615,0.785819,0.137827,289.682128
1553743541,34.2202914375516,117.143975674546,35.5934284273535,0.00221336067801144,-0.000443271745175179,0.00242992688551777,0.785924,0.138108,289.681815
1553743542,34.2202914375516,117.143975674546,35.5934284273535,0.00221336067801144,-0.00209703466101282,0.00130517437131733,0.786979,0.135993,289.681305
1553743543,34.2202914375516,117.143975674546,35.5934284273535,0.000867269746143969,-0.00151401915996035,0.00222611526446775,0.786674,0.137231,289.68005
1553743544,34.2202914375516,117.143975674546,35.5934284273535,0.000889862902469729,-0.00108345326947573,-0.000185129759008381,0.786113,0.136528,289.678916
1553743545,34.2202914375516,117.143975674546,35.5934284273535,1.22031255719951e-20,-0.000826881457918818,-0.000562376257100218,0.785578,0.136455,289.677549
1553743546,34.2202914375516,117.143975674546,35.5934284273535,-0.00266958870740919,-5.7166023248083e-05,-0.00169411575137573,0.785229,0.136105,289.6773
1553743547,34.2202914375516,117.143975674546,35.5934284273535,-0.00177972580493946,0.000513143623113823,-0.000754492996183673,0.790015,0.13005,289.675483
1553743548,34.2202914375516,117.143975674546,35.5934284273535,-0.00177972580493946,0.000513143623113823,-0.000754492996183673,0.789795,0.129781,289.674785
1553743549,34.2202914375516,117.143975674546,35.5934284273535,-0.000889862902469729,0.000256571811556912,-0.000377246498091837,0.788575,0.131902,289.674563
1553743550,34.2202914375516,117.143975674546,35.5934284273535,0.000456228029397745,-0.000326443689495556,-0.00129818739124226,0.788505,0.133394,289.675361
1553743551,34.2202914375516,117.143975674546,35.5934284273535,0.0022359538343372,-0.000839587312609379,-0.000543694395058585,0.792979,0.128235,289.673588
1553743552,34.2202914375516,117.143975674546,35.5934284273535,0.00180231896126522,-8.25777326292053e-05,-0.00165675202729246,0.791396,0.132415,289.670979
1553743553,34.2202914375516,117.143975674546,35.5934284273535,0.00314840989313269,-0.000665593233681672,-0.00257769292044288,0.789135,0.134531,289.672679
1553743554,34.2202914375516,117.143975674546,35.5934284273535,0.00314840989313269,0.000988169682155963,-0.00145294040624245,0.794003,0.128758,289.66952
1553743555,34.2202914375516,117.143975674546,35.5934284273535,0.00182491211759098,0.00200175107369305,-0.00294324453656816,0.798301,0.12607,289.666765
1553743556,34.2202914375516,117.143975674546,35.5934284273535,0.000478821185723505,0.000931003658907881,-0.00314705615761818,0.798553,0.130487,289.665625
1553743557,34.2202914375516,117.143975674546,35.5934284273535,-0.00132349777554171,0.00101358139153709,-0.00149030413032571,0.795561,0.131046,289.668307
1553743558,34.2202914375516,117.143975674546,35.5934284273535,-0.000433634873071984,-0.00172363479377628,-0.00280018640353453,0.795655,0.133901,289.667616
1553743559,34.2202914375516,117.143975674546,35.5934284273535,-0.000433634873071984,-0.00172363479377628,-0.00280018640353453,0.796326,0.134705,289.665562
1553743560,34.2202914375516,117.143975674546,35.5934284273535,-0.000433634873071984,-0.000896753335857462,-0.00223781014643431,0.796402,0.135177,289.664537
1553743561,34.2202914375516,117.143975674546,35.5934284273535,0.000889862902469729,0.000570309646361906,0.000939622755192054,0.789679,0.144,289.667491
1553743562,34.2202914375516,117.143975674546,35.5934284273535,0.0017571326486137,-0.00177059097151726,0.00260336176255959,0.789659,0.144976,289.667008
1553743563,34.2202914375516,117.143975674546,35.5934284273535,0.000867269746143969,-0.00068713770204153,0.00278849152156797,0.789524,0.14396,289.666752
1553743564,34.2202914375516,117.143975674546,35.5934284273535,-2.25931563257602e-05,0.0003963155674342,0.00297362128057635,0.786412,0.144321,289.666412
1553743565,34.2202914375516,117.143975674546,35.5934284273535,-0.000912456058795489,-0.000173994078927706,0.0020339985253843,0.782365,0.146156,289.66697
1553743566,34.2202914375516,117.143975674546,35.5934284273535,-0.000912456058795489,-0.00182775699476534,0.000909246011183863,0.784328,0.147124,289.664762
1553743567,34.2202914375516,117.143975674546,35.5934284273535,-0.000456228029397745,-0.0021542006842609,-0.000388941380058395,0.799668,0.131129,289.663637
1553743568,34.2202914375516,117.143975674546,35.5934284273535,-0.00136868408819323,-0.00150131330526979,0.00220743340242612,0.799173,0.130223,289.663195
1553743569,34.2202914375516,117.143975674546,35.5934284273535,-0.000912456058795489,-0.000173994078927706,0.0020339985253843,0.799993,0.129186,289.661727
1553743570,34.2202914375516,117.143975674546,35.5934284273535,0.000889862902469729,-0.000256571811556912,0.000377246498091837,0.784402,0.142407,289.665387
1553743571,34.2202914375516,117.143975674546,35.5934284273535,0.000456228029397745,0.000500437768423262,-0.000735811134142041,0.791018,0.138498,289.663451
1553743572,34.2202914375516,117.143975674546,35.5934284273535,0.00136868408819323,-0.000152449610567849,-0.00333218591662656,0.795991,0.140874,289.665004
1553743573,34.2202914375516,117.143975674546,35.5934284273535,0.00136868408819323,0.000674431847350969,-0.00276980965952634,0.800791,0.140621,289.664685
1553743574,34.2202914375516,117.143975674546,35.5934284273535,0.00314840989313269,0.000161288224237145,-0.00201531666334267,0.791576,0.136361,289.662605
1553743575,34.2202914375516,117.143975674546,35.5934284273535,0.00136868408819323,-0.000152449610567849,-0.00333218591662656,0.791658,0.136561,289.663618
1553743576,34.2202914375516,117.143975674546,35.5934284273535,0.000912456058795489,-0.00147976883690993,-0.00315875103958473,0.794606,0.132621,289.662623
1553743577,34.2202914375516,117.143975674546,35.5934284273535,2.25931563257601e-05,-0.00205007848327184,-0.00409837379477679,0.818973,0.09414,289.650863
1553743578,34.2202914375516,117.143975674546,35.5934284273535,0.000456228029397745,-0.00198020660533319,-0.00242293990544269,0.822939,0.089278,289.650355
1553743579,34.2202914375516,117.143975674546,35.5934284273535,0.000456228029397745,-0.000326443689495556,-0.00129818739124226,0.821828,0.090024,289.649872
1553743580,34.2202914375516,117.143975674546,35.5934284273535,0.00134609093186747,0.00107074741478517,0.000203811621050014,0.821132,0.088445,289.651933
1553743581,34.2202914375516,117.143975674546,35.5934284273535,-0.000456228029397745,0.00198020660533319,0.00242293990544269,0.819852,0.090621,289.651218
1553743582,34.2202914375516,117.143975674546,35.5934284273535,-0.00134609093186747,0.00140989695897129,0.00148331715025064,0.79604,0.130695,289.659191
1553743583,34.2202914375516,117.143975674546,35.5934284273535,-0.00134609093186747,0.000583015501052467,0.000920940893150422,0.794925,0.13253,289.658491
1553743584,34.2202914375516,117.143975674546,35.5934284273535,-0.000889862902469729,0.00191033472739455,0.000747506016108599,0.794144,0.132091,289.658197
1553743585,34.2202914375516,117.143975674546,35.5934284273535,0.000456228029397745,0.0021542006842609,0.000388941380058395,0.793783,0.133015,289.658812
1553743586,34.2202914375516,117.143975674546,35.5934284273535,0.00134609093186747,0.0027245103306228,0.00132856413525045,0.793827,0.129772,289.659989
1553743587,34.2202914375516,117.143975674546,35.5934284273535,0.000433634873071984,-0.000757009579980174,0.00111305763223388,0.793928,0.131708,289.658048
1553743588,34.2202914375516,117.143975674546,35.5934284273535,0.000889862902469729,-0.00108345326947573,-0.000185129759008381,0.795095,0.132354,289.658305
1553743589,34.2202914375516,117.143975674546,35.5934284273535,-0.000456228029397745,-0.00132731922634208,0.000173434877041823,0.794887,0.13239,289.657303
1553743590,34.2202914375516,117.143975674546,35.5934284273535,0.000433634873071984,-0.00158389103789899,0.000550681375133659,0.794942,0.132297,289.657552
1553743591,34.2202914375516,117.143975674546,35.5934284273535,0.000433634873071984,-0.000757009579980174,0.00111305763223388,0.796114,0.132699,289.657167
1553743592,34.2202914375516,117.143975674546,35.5934284273535,0.000889862902469729,-0.000256571811556912,0.000377246498091837,0.796959,0.132103,289.656428
1553743593,34.2202914375516,117.143975674546,35.5934284273535,0.000889862902469729,0.000570309646361906,0.000939622755192054,0.795907,0.132518,289.656988
1553743594,34.2202914375516,117.143975674546,35.5934284273535,0.000889862902469729,0.000570309646361906,0.000939622755192054,0.797755,0.133017,289.656042
1553743595,34.2202914375516,117.143975674546,35.5934284273535,0.000889862902469729,0.000570309646361906,0.000939622755192054,0.797265,0.134099,289.656553
1553743596,34.2202914375516,117.143975674546,35.5934284273535,-2.44062511439901e-20,0.00165376291583764,0.00112475251420044,0.798589,0.133881,289.656056
1553743597,34.2202914375516,117.143975674546,35.5934284273535,1.16301880891672e-20,0.00248064437375645,0.00168712877130065,0.797077,0.135794,289.656144
1553743598,34.2202914375516,117.143975674546,35.5934284273535,-0.00180231896126522,-0.000744303725289613,0.00109437577019224,0.796987,0.137733,289.656124
1553743599,34.2202914375516,117.143975674546,35.5934284273535,-0.000889862902469729,0.00108345326947573,0.000185129759008381,0.795251,0.135098,289.65491
1553743600,34.2202914375516,117.143975674546,35.5934284273535,0.000889862902469729,0.00139719110428072,0.00150199901229227,0.793794,0.139097,289.653179
1553743601,34.2202914375516,117.143975674546,35.5934284273535,-0.000912456058795489,-0.000173994078927706,0.0020339985253843,0.792237,0.139153,289.651951
1553743602,34.2202914375516,117.143975674546,35.5934284273535,-0.00314840989313269,-0.000161288224237145,0.00201531666334267,0.790834,0.139717,289.652706
1553743603,34.2202914375516,117.143975674546,35.5934284273535,-0.00180231896126522,-0.000744303725289613,0.00109437577019224,0.789134,0.141555,289.652139
1553743604,34.2202914375516,117.143975674546,35.5934284273535,0.00132349777554171,-0.00101358139153709,0.00149030413032571,0.78745,0.140597,289.648213
1553743605,34.2202914375516,117.143975674546,35.5934284273535,0.000889862902469729,0.000570309646361906,0.000939622755192054,0.785982,0.143013,289.648317
1553743606,34.2202914375516,117.143975674546,35.5934284273535,0,0,0,0.783895,0.144576,289.646534
1553743607,34.2202914375516,117.143975674546,35.5934284273535,0.0022359538343372,-1.27058546905611e-05,1.86818620416325e-05,0.786979,0.142022,289.653869
1553743608,34.2202914375516,117.143975674546,35.5934284273535,0.00177972580493946,-0.00216690653895146,-0.000370259518016762,0.787471,0.141343,289.65449
1553743609,34.2202914375516,117.143975674546,35.5934284273535,0.000456228029397745,-0.00198020660533319,-0.00242293990544269,0.786376,0.139805,289.654917
1553743610,34.2202914375516,117.143975674546,35.5934284273535,-0.000433634873071984,-0.000896753335857462,-0.00223781014643431,0.786284,0.137237,289.653749
1553743611,34.2202914375516,117.143975674546,35.5934284273535,-0.000867269746143969,-0.000139743755877288,-0.00335086777866819,0.785926,0.137825,289.654318
1553743612,34.2202914375516,117.143975674546,35.5934284273535,-0.000433634873071984,-0.000896753335857462,-0.00223781014643431,0.785899,0.137475,289.65379
1553743613,34.2202914375516,117.143975674546,35.5934284273535,-0.000411041716746224,0.00118757547046479,-0.00352430265571001,0.785148,0.13801,289.653507
1553743614,34.2202914375516,117.143975674546,35.5934284273535,0.00093504921512125,0.000604559969412324,-0.00444524354886043,0.785007,0.135407,289.65375
1553743615,34.2202914375516,117.143975674546,35.5934284273535,0.000501414342049265,0.0013615695493925,-0.00555830118109431,0.788915,0.129887,289.652484
1553743616,34.2202914375516,117.143975674546,35.5934284273535,4.51863126515208e-05,-0.00161951259278722,-0.00650961881825292,0.772968,0.145673,289.655656
1553743617,34.2202914375516,117.143975674546,35.5934284273535,0.00182491211759098,-0.00213265621590104,-0.00575512582206925,0.783274,0.143266,289.654981
1553743618,34.2202914375516,117.143975674546,35.5934284273535,-0.000867269746143969,-0.000966625213796106,-0.00391324403576841,0.786312,0.143465,289.656363
1553743619,34.2202914375516,117.143975674546,35.5934284273535,-0.000433634873071984,-0.000896753335857462,-0.00223781014643431,0.782277,0.143702,289.653675
1553743620,34.2202914375516,117.143975674546,35.5934284273535,0.000912456058795489,0.00100087553684652,-0.00147162226828408,0.781764,0.144719,289.653183
1553743621,34.2202914375516,117.143975674546,35.5934284273535,0.000889862902469729,-0.000256571811556912,0.000377246498091837,0.784502,0.145331,289.651553
1553743622,34.2202914375516,117.143975674546,35.5934284273535,0.000411041716746224,-0.00118757547046479,0.00352430265571001,0.78404,0.144225,289.65099
1553743623,34.2202914375516,117.143975674546,35.5934284273535,-0.000478821185723505,0.000722759256929756,0.00427180867181861,0.783111,0.142734,289.650668
1553743624,34.2202914375516,117.143975674546,35.5934284273535,-0.00317100304945845,0.00106190880111587,0.00555131420101924,0.778858,0.145287,289.655032
1553743625,34.2202914375516,117.143975674546,35.5934284273535,0.0017571326486137,0.00153693486015801,0.00485286679096046,0.791723,0.138717,289.648443
1553743626,34.2202914375516,117.143975674546,35.5934284273535,-0.000478821185723505,0.00154964071484857,0.00483418492891883,0.772341,0.148327,289.653953
1553743627,34.2202914375516,117.143975674546,35.5934284273535,0.000867269746143969,0.000966625213796106,0.00391324403576841,0.772726,0.148104,289.654452
1553743628,34.2202914375516,117.143975674546,35.5934284273535,0.0017571326486137,0.000710053402239194,0.00429049053386024,0.775594,0.149822,289.653636
1553743629,34.2202914375516,117.143975674546,35.5934284273535,0.00130090461921595,0.000209615633815932,0.00502630166800228,0.776998,0.148846,289.652942
1553743630,34.2202914375516,117.143975674546,35.5934284273535,0.000867269746143969,0.000966625213796106,0.00391324403576841,0.775305,0.150247,289.652931
1553743631,34.2202914375516,117.143975674546,35.5934284273535,0.000889862902469729,0.000570309646361906,0.000939622755192054,0.776542,0.151973,289.652832
1553743632,34.2202914375516,117.143975674546,35.5934284273535,1.22031255719951e-20,-0.000826881457918818,-0.000562376257100218,0.776212,0.152472,289.652645
1553743633,34.2202914375516,117.143975674546,35.5934284273535,-0.0022359538343372,-0.000814175603228257,-0.00058105811914185,0.776207,0.152121,289.652295
1553743634,34.2202914375516,117.143975674546,35.5934284273535,-0.000889862902469729,-0.000570309646361906,-0.000939622755192054,0.775842,0.15162,289.651818
1553743635,34.2202914375516,117.143975674546,35.5934284273535,-0.000889862902469729,-0.00139719110428072,-0.00150199901229227,0.775486,0.151041,289.65169
1553743636,34.2202914375516,117.143975674546,35.5934284273535,0.000456228029397745,-0.00198020660533319,-0.00242293990544269,0.77409,0.150928,289.651107
1553743637,34.2202914375516,117.143975674546,35.5934284273535,2.25931563257602e-05,-0.0003963155674342,-0.00297362128057635,0.773749,0.150203,289.651049
1553743638,34.2202914375516,117.143975674546,35.5934284273535,2.25931563257604e-05,0.000430565890484618,-0.00241124502347613,0.77272,0.150305,289.650628
1553743639,34.2202914375516,117.143975674546,35.5934284273535,4.51863126515208e-05,0.000861131780969236,-0.00482249004695227,0.772215,0.15106,289.650198
1553743640,34.2202914375516,117.143975674546,35.5934284273535,0.00093504921512125,0.000604559969412324,-0.00444524354886043,0.772059,0.152019,289.649563
1553743641,34.2202914375516,117.143975674546,35.5934284273535,0.00273736817638647,0.00134886369470194,-0.00553961931905268,0.772174,0.152762,289.649251
1553743642,34.2202914375516,117.143975674546,35.5934284273535,0.00182491211759098,0.00117486961577423,-0.00350562079366838,0.772735,0.15388,289.64881
1553743643,34.2202914375516,117.143975674546,35.5934284273535,0.00182491211759098,0.00117486961577423,-0.00350562079366838,0.773126,0.155019,289.648263
1553743644,34.2202914375516,117.143975674546,35.5934284273535,0.00314840989313269,0.000988169682155963,-0.00145294040624245,0.773599,0.155658,289.648347
1553743645,34.2202914375516,117.143975674546,35.5934284273535,0.00180231896126522,-8.25777326292053e-05,-0.00165675202729246,0.774062,0.15582,289.647634
1553743646,34.2202914375516,117.143975674546,35.5934284273535,0.000912456058795489,0.00100087553684652,-0.00147162226828408,0.774427,0.156134,289.648072
1553743647,34.2202914375516,117.143975674546,35.5934284273535,0,0,0,0.775105,0.156262,289.647882
1553743648,34.2202914375516,117.143975674546,35.5934284273535,-0.00134609093186747,-0.00107074741478517,-0.000203811621050014,0.774456,0.156616,289.647263
1553743649,34.2202914375516,117.143975674546,35.5934284273535,-0.00180231896126522,-0.00157118518320843,0.000531999513092027,0.774051,0.161376,289.645596
1553743650,34.2202914375516,117.143975674546,35.5934284273535,-0.00269218186373495,-0.00214149482957034,-0.000407623242100027,0.771847,0.192239,289.63597
1553743651,34.2202914375516,117.143975674546,35.5934284273535,-0.000912456058795489,-0.00182775699476534,0.000909246011183863,0.771588,0.194818,289.63486
1553743652,34.2202914375516,117.143975674546,35.5934284273535,-0.00136868408819323,-0.00315507622110742,0.00108268088822569,0.77136,0.165586,289.64549
1553743653,34.2202914375516,117.143975674546,35.5934284273535,0.000433634873071984,6.98718779386439e-05,0.0016754338893341,0.770595,0.16386,289.645307
1553743654,34.2202914375516,117.143975674546,35.5934284273535,0.000867269746143969,0.000139743755877288,0.00335086777866819,0.770401,0.164095,289.644742
1553743655,34.2202914375516,117.143975674546,35.5934284273535,0.0017571326486137,0.00153693486015801,0.00485286679096046,0.770033,0.162523,289.644653
1553743656,34.2202914375516,117.143975674546,35.5934284273535,0.0017571326486137,0.00153693486015801,0.00485286679096046,0.769625,0.162608,289.643845
1553743657,34.2202914375516,117.143975674546,35.5934284273535,-4.51863126515204e-05,0.000792631134868399,0.00594724256115271,0.769129,0.16191,289.643852
1553743658,34.2202914375516,117.143975674546,35.5934284273535,-0.00271477502006071,0.00156234656953913,0.0048155030668772,0.768805,0.161879,289.643696
1553743659,34.2202914375516,117.143975674546,35.5934284273535,-0.00406086595192818,-0.000335282303164852,0.00404931518872697,0.767978,0.161368,289.64368
1553743660,34.2202914337846,117.143975650035,35.5958209903911,-0.00360463792139808,0.000165155464609064,0.00331350405584914,0.766916,0.161988,289.642363
1553743661,34.2202914255062,117.143975620574,35.5989493643865,-0.00618385401185742,0.00596466028917089,-0.00521371050163152,0.7032,0.184658,289.636191
1553743662,34.2202914351018,117.143975509149,35.5973843336105,0.00214558123491759,-0.00752313961833271,0.00572702815144489,-0.320903,0.072319,289.652648
1553743663,34.2202914538122,117.143975460374,35.6014453424141,0.00221336068645391,0.00451801700534335,0.00580418442256003,-0.320824,0.054661,289.615102
1553743664,34.2202914355374,117.1439754891,35.6044259509072,-0.000889862903946377,0.00356409764167826,0.0018722585325653,-0.310853,-0.022085,289.614614
1553743665,34.2202914579003,117.1439754891,35.606113079004,0.00403827279139186,0.00238536079376978,4.90585960892711e-05,-0.319114,-0.004377,289.604968
1553743666,34.2202915070229,117.143975518316,35.6087702093646,-0.00310322358788361,0.0147568283284051,0.00675322301198355,-0.33707,0.148327,289.632557
1553743667,34.2202914730951,117.143975566602,35.6089693112299,-0.0125032669508361,-0.00223041517755474,-0.00383321845084042,-0.332698,0.028783,289.616051
1553743668,34.2202914827479,117.14397558121,35.6091731237248,0.0057728122945424,0.00101108538320428,0.00562604164220732,-0.31882,0.006816,289.609549
1553743669,34.2202914654118,117.143975615132,35.6084442995489,0.00219076752634632,0.0024336881938452,0.00709067693669969,-0.318523,-0.11543,289.590552
1553743670,34.2202914533315,117.143975634446,35.6086364164948,0.0101995336499325,-0.0188937316354407,-0.0024487585041898,-0.351892,-0.001157,288.97952
1553743671,34.2202914523008,117.143975576504,35.605248185806,0.00406086594587607,0.00364280813921126,-0.00179981016513417,-0.342214,-0.115153,288.905111
1553743672,34.2202914708046,117.143975499247,35.6022302135825,-0.000456228026675176,-0.00794237088796716,-0.00432557518321527,-0.343976,-0.05787,288.935168
1553743673,34.2202915003929,117.143975271448,35.6009607128799,-0.0157194562632579,-0.0227016746484573,-0.00751882058192068,-0.35707,-0.013679,288.89693
1553743674,34.2202915510842,117.143975034236,35.5980274761096,-0.0227705801026743,0.00462215970883235,-0.00146161602814762,-0.356298,0.011863,288.939855
1553743675,34.2202915835581,117.143974675453,35.5962873212993,-0.0339729424175119,0.000120715614250613,-0.00195566132980482,-0.353427,0.02132,288.940613
1553743676,34.220291606723,117.143974229266,35.594287307933,-0.083073554398894,0.0145257290084195,-0.00357599724663875,-0.282804,0.013315,288.923714
1553743677,34.2202926262492,117.14396666413,35.6004851358011,-1.20771752251282,0.103481130168088,-0.0152329089353195,-0.135318,-0.006115,279.398314
1553743678,34.2202928077732,117.143951487923,35.6046638162807,-1.56235378134264,-0.101432601990944,0.00333004169556007,0.023667,0.16825,268.967707
1553743679,34.2202909446498,117.143933215312,35.6133628915995,-1.84057907689616,-0.32245359078703,0.018903530903757,0.026044,-0.078088,261.965162
1553743680,34.2202874524255,117.14391202405,35.6245990507305,-2.0093643093699,-0.50108747927341,-0.0278461908680432,-0.172093,-0.065236,258.54219
1553743681,34.2202829118617,117.143889939972,35.6076643308625,-2.03984546962837,-0.50411209219163,-0.021620789596878,-0.658781,-2.193483,258.302531
1553743682,34.2202790117445,117.143865920604,35.624970074743,-2.3715119649769,-0.560265846835355,0.0253807179026526,0.407353,1.582719,259.091564
1553743683,34.2202748922575,117.143839161024,35.6567170340568,-2.51877300436362,-0.383220502533336,0.0531281368687735,0.531928,1.031498,261.928641
1553743684,34.2202722659844,117.143811435444,35.6956428382546,-2.60699135044654,-0.164318510824351,0.054895589052487,0.494308,0.668046,267.107749
1553743685,34.2202717944517,117.143782641555,35.7423209110275,-2.7196923788548,0.0527415376497277,0.0415895973226531,0.438316,0.735288,271.823655
1553743686,34.2202733564773,117.143752289589,35.7827308047563,-2.89305789811294,0.26785458264412,0.0613752451958805,0.105029,1.12312,275.91196
1553743687,34.220276428557,117.143720555383,35.818682054989,-2.98186834128173,0.425790731142947,0.0389801043414364,-0.042885,1.167077,278.78697
1553743688,34.2202810806289,117.143687381235,35.8494367878884,-3.14453313725918,0.529933750793146,-0.012789388151133,0.165844,1.351472,281.232291
1553743689,34.2202867203153,117.143652985337,35.8862596591935,-3.16988780993304,0.674151138759943,0.0152156020784638,0.165585,1.230987,282.741756
1553743690,34.2202929473317,117.143618418057,35.9304229458794,-3.17018156086201,0.675167754711601,0.0510624536054675,0.346451,1.446756,282.985913
1553743691,34.2202991090028,117.143583966168,35.9816877795383,-3.18323157725195,0.691385544221925,0.0716711575670988,0.193071,1.301398,283.363561
1553743692,34.2203057306386,117.143549334464,36.0166120817885,-3.18312827592983,0.777563338606756,0.0107532985958001,0.053282,1.471433,284.334074
1553743693,34.2203124052457,117.143514532898,36.0553440293297,-3.2378571827194,0.672303620598783,0.0125978586343119,0.114569,1.307667,283.467469
1553743694,34.2203187015638,117.143479000918,36.0917608235031,-3.28939722229106,0.710131935536664,0.0512205829215346,0.015135,1.333367,282.831702
1553743695,34.2203249341604,117.143443167602,36.1279016332701,-3.31745734687057,0.628008095406298,0.0350511597332505,0.112833,1.389663,282.397604
1553743696,34.220330680091,117.143407257566,36.170512676239,-3.29820125998722,0.646771200430657,0.0448047197535318,0.244295,1.12345,281.986102
1553743697,34.2203368729456,117.143371535175,36.2113573485985,-3.28682339412966,0.728977491213448,0.0235115526102998,0.228791,1.271877,283.691483
1553743698,34.2203439180801,117.143335658947,36.2465581130236,-3.33595177851243,0.82796132112988,0.0291166988618542,0.178136,1.213902,284.78767
1553743699,34.2203513136202,117.143299275346,36.2832874618471,-3.36789216791916,0.783675647770733,0.0213266115421502,0.048992,1.706721,284.197295
1553743700,34.2203582492181,117.143262641197,36.318572094664,-3.37170013138872,0.781618202410698,0.0474679855643468,0.042745,1.593167,283.773739
1553743701,34.2203652441182,117.143226002825,36.351297326386,-3.36932904983969,0.774265140840241,0.0262725253075328,0.253642,1.593518,284.214024
1553743702,34.2203725650149,117.143189573913,36.4002012284473,-3.35171739571048,0.846564512785135,0.0551092096172124,0.156966,1.425566,284.822271
1553743703,34.2203800175459,117.143153122444,36.4400829160586,-3.38966120713038,0.788535306591288,0.00706902641040108,0.07075,1.457859,284.70183
1553743704,34.2203875030767,117.143116540474,36.4763606172055,-3.37985035972663,0.862215451723572,0.0605480029799149,0.032891,1.41714,284.811834
1553743705,34.220394921631,117.143079385298,36.5128932381049,-3.44147220566432,0.782331817369812,0.0481973564710759,0.047642,1.399588,284.172038
1553743706,34.2204017149545,117.143041851583,36.5553797185421,-3.4706024633,0.719345545923981,0.0661250882440335,0.025021,1.403332,282.560737
1553743707,34.2204077996197,117.143004104481,36.5960890632123,-3.47425239731393,0.662420363922487,0.0360213994623608,0.012123,1.232809,281.711613
1553743708,34.2204136216144,117.142966875379,36.6316293682903,-3.41212466767871,0.623096438571283,0.0138231855318717,0.155002,1.315818,281.593315
1553743709,34.2204196481629,117.142930040448,36.671148606576,-3.4001731696779,0.728785858014803,0.0469104397778862,0.137185,1.019337,282.862143
1553743710,34.2204264481108,117.142893424823,36.7054422888905,-3.38507333467869,0.763524920354891,0.0296178129568024,0.041403,1.139983,283.988037
1553743711,34.2204337230322,117.14285640952,36.7405074872077,-3.44613128821006,0.820918118868238,0.0430300654604314,0.089965,1.305257,284.164145
1553743712,34.2204408668664,117.142819019106,36.7809494975954,-3.4550024896697,0.771977404760847,0.0545314855371352,0.214617,1.180136,283.852271
1553743713,34.220448057212,117.142781590057,36.8226964408532,-3.44565308856821,0.828461634572044,0.0443859581687405,0.060354,1.294125,284.110045
1553743714,34.2204553445538,117.142744133009,36.8592924633995,-3.4367771871705,0.804792171488053,0.0365120042724395,0.136114,1.323724,284.121026
1553743715,34.2204625521197,117.142706617277,36.8946746448055,-3.46349619760256,0.781462631810033,0.0068003144902456,0.092528,1.417568,283.898699
1553743716,34.2204696116877,117.142669012913,36.9328572517261,-3.45988654034194,0.780627143388116,0.0560391913429684,0.021773,1.458553,283.397728
1553743717,34.2204762853386,117.142631129031,36.9735250808299,-3.5509415435153,0.72280183691062,0.04859690417915,0.104014,1.297283,282.726973
1553743718,34.2204828889255,117.142592225509,37.0131732188165,-3.61327804484069,0.732456679854983,0.0219541068601553,0.089447,1.286124,282.390901
1553743719,34.2204894168179,117.142552739369,37.0491636451334,-3.65272577158742,0.73070456254453,0.0316430064578444,-0.018215,1.200217,282.199195
1553743720,34.2204955453903,117.142513682847,37.0809344640002,-3.52330562803846,0.629040907451557,0.0495377450542094,0.124066,1.072693,281.301658
1553743721,34.2205007316725,117.142475929802,37.1188043188304,-3.43874518932102,0.515793988238282,0.0222280142784307,0.144542,1.039239,279.569447
1553743722,34.2205049921456,117.142438664871,37.1636414704844,-3.39908404866167,0.452276273876944,0.0498277254323082,0.2528,0.707822,278.661738
1553743723,34.2205091027898,117.142401423223,37.2080212831497,-3.50196619297185,0.494440448249819,0.0269522989146609,0.198538,0.952568,278.811702
1553743724,34.2205142472043,117.142363266579,37.2509416416287,-3.54968729818294,0.715525899941812,0.0539608342333914,-0.04894,1.012798,281.874802
1553743725,34.220521542436,117.14232513548,37.2809171499684,-3.44808394724752,0.921443626056577,0.0232537466590055,-0.121963,1.190431,285.527204
1553743726,34.2205304045089,117.142288631255,37.3113981578499,-3.34343938908589,1.04614727515872,0.00171177888027585,0.097485,1.203781,288.560986
1553743727,34.2205399527804,117.142251742443,37.3526543220505,-3.40948200314488,1.08637797365482,0.118597506671984,-0.047889,1.351173,288.180491
1553743728,34.2205491672469,117.142214720683,37.3896744949743,-3.41043978478022,0.970405371360679,0.0472851945391398,-0.021617,1.177247,287.156797
1553743729,34.2205576986467,117.142177558092,37.4296342171729,-3.4272969941988,0.920896679847496,0.0507308446778483,0.083252,1.136138,285.914718
1553743730,34.2205656736903,117.142140250943,37.4696487840265,-3.44493143479845,0.872143659892359,0.040618296949193,0.235792,1.172443,285.100644
1553743731,34.2205732434922,117.142102988407,37.5224129697308,-3.41439405049221,0.734120504003738,0.0390685751558437,-0.030657,0.940321,284.616099
1553743732,34.2205805305444,117.142066307501,37.562614031136,-3.35557809007241,0.817976586948415,0.068694866112659,0.161627,1.457156,284.141249
1553743733,34.2205876274813,117.142029333205,37.6124847568572,-3.44930830588965,0.754974684210615,0.00307198987207891,0.027099,1.490846,283.766831
1553743734,34.2205947246779,117.141991331078,37.6498661143705,-3.53999690062021,0.774480417258887,0.0579657388619418,0.043522,1.745252,283.262856
1553743735,34.2206012307625,117.141953752155,37.6858582319692,-3.36328328470784,0.702162924917966,0.0558280724682722,-0.061967,1.488516,282.761789
1553743736,34.220607792772,117.141917019274,37.7091728709638,-3.39326925046792,0.727627859807606,0.0219429136779365,-0.209814,1.453385,283.248786
1553743737,34.22061440372,117.141880213837,37.7333965850994,-3.37764033044223,0.750260023738329,0.0402330082182954,-0.232136,1.362367,283.046077
1553743738,34.2206205999308,117.141843260114,37.7559151332825,-3.40941665527357,0.648783476590379,0.0276237442521033,-0.258716,1.200339,281.854463
1553743739,34.2206261764124,117.14180578771,37.7781554795802,-3.54299939876158,0.611835668379431,0.0392730858706082,-0.428558,0.832591,280.882171
1553743740,34.2206312340971,117.141766240642,37.7854339201003,-3.7022475503615,0.424654520933333,-0.0304731634913172,-0.371799,0.909525,278.316753
1553743741,34.2206341733148,117.141724882298,37.8039369052276,-3.92563273700458,0.182087979493025,0.0452281094244055,-0.395169,0.877241,273.856278
1553743742,34.2206342075797,117.141680475457,37.8232425237074,-4.1130562040691,-0.287778083192773,-0.00185391547432004,-0.21906,0.30172,268.029196
1553743743,34.2206287670487,117.141635349381,37.8695146804675,-4.07279234418919,-0.957063928646499,0.0789060048262111,0.166602,0.449315,257.829589
1553743744,34.2206163198235,117.141591460542,37.9294361947104,-3.9116349390617,-1.67130858507867,0.0586235187797598,0.489025,0.150082,247.613825
1553743745,34.2205987486138,117.141550244624,37.9946713838726,-3.62690447585969,-2.10868370817146,0.0491217047870546,0.187312,0.15883,240.823599
1553743746,34.2205784281258,117.141512699483,38.0513233626261,-3.29822206610592,-2.34698971970371,0.0527679662020355,0.268448,0.194087,235.314101
1553743747,34.2205559588663,117.141477993128,38.1134746866301,-3.11873486482413,-2.55447315722148,0.0555493651213284,0.753529,-0.145798,231.446719
1553743748,34.2205319236795,117.141445046934,38.1838633762673,-2.91924274786392,-2.70732620831537,0.0562457181716003,0.125494,0.81015,227.396075
1553743749,34.2205068498785,117.141415478664,38.2316085789353,-2.60179750699207,-2.82188599655372,0.0433146056644647,0.190415,0.953094,223.38906
1553743750,34.2204803054231,117.141388356157,38.2809434644878,-2.42365624867475,-2.99240316133449,0.0717614680395764,0.192119,0.756857,220.116865
1553743751,34.2204530824875,117.141362325433,38.3360275998712,-2.34514327006355,-3.059890903828,0.0500769362712541,0.444566,0.554801,219.077441
1553743752,34.2204260141958,117.14133682954,38.392563406378,-2.35699362593653,-2.96942823177024,0.0308710812973816,0.351415,0.663751,219.089516
1553743753,34.2203994925052,117.141311138251,38.4506368134171,-2.47089162966508,-2.91162626142795,0.0525744064554572,0.396936,0.298613,220.851097
1553743754,34.220373405081,117.141283848396,38.5072314962745,-2.60005256231798,-2.91654314985818,0.0384672353964304,0.330395,0.553835,222.573311
1553743755,34.2203466761321,117.141255642228,38.5582136409357,-2.58655565749575,-3.02416053628076,0.0633394148913156,0.156857,0.661797,221.729758
1553743756,34.2203191996991,117.141227765475,38.613752618432,-2.54197062175596,-3.04105451091881,0.0686208404927726,0.215279,0.643889,220.56479
1553743757,34.2202908649461,117.141200426377,38.6705878572538,-2.50757256371708,-3.1884046624505,0.0807870420133048,0.343825,0.46349,219.421174
1553743758,34.2202622215631,117.141173050691,38.7333080200478,-2.52765030193386,-3.17585402182793,0.0836730731660307,0.412485,0.663767,219.520202
1553743759,34.2202337766796,117.141145700998,38.792105268687,-2.5027616366155,-3.16956952463548,0.0530963161411055,0.306067,0.709555,219.442258
1553743760,34.2202052650295,117.141118631874,38.8564593074843,-2.48603279966128,-3.18450410427728,0.0750568374597174,0.319136,0.831291,219.061149
1553743761,34.2201757753356,117.141091099604,38.9238552032039,-2.62591345868438,-3.44912403012443,0.0978362525776379,0.317576,0.905064,218.443838
1553743762,34.2201436943801,117.141061617738,38.9942402709275,-2.77591712354086,-3.62233258131854,0.0555589196333295,0.274113,0.947032,218.255718
1553743763,34.2201101889449,117.141030961405,39.0640203161165,-2.89426690165807,-3.84930616360029,0.0425459849511134,0.330109,1.010334,217.981016
1553743764,34.2200740159931,117.140998170532,39.1367804324254,-3.12371333951463,-4.1340374777058,0.119791925696872,0.274078,0.967066,217.9958
1553743765,34.2200362907695,117.140964028686,39.2191102812067,-3.1263815557729,-4.14815272546046,0.108541853577214,0.235595,0.785655,217.993923
1553743766,34.2199998276449,117.140930648361,39.2947489023209,-3.09331038813268,-4.03091566460472,0.0837540895400102,0.285945,0.69104,218.460553
1553743767,34.2199636409517,117.140896915696,39.3697583219036,-3.10296965631715,-3.96696077546125,0.0519568852695798,0.156488,0.804842,219.01907
1553743768,34.2199286289368,117.140863584789,39.4381091222167,-3.10933237754873,-3.92144370996166,0.0952806146566081,0.312412,0.958265,219.210913
1553743769,34.2198933655245,117.140830450545,39.5136803267524,-3.01198051484056,-3.90960180170513,0.0672021601199881,0.293439,0.81493,218.721937
1553743770,34.2198583711046,117.140798065549,39.5898354128003,-2.9695635015612,-3.86896327558441,0.103473582980241,0.272964,0.805949,218.417189
1553743771,34.2198236346765,117.140766080432,39.6648121830076,-2.92642070303527,-3.84250292343185,0.0965771829381594,0.346048,0.422623,218.746322
1553743772,34.2197899243969,117.140734180158,39.7377953194082,-2.95454327224636,-3.71510762043695,0.0692995021268914,0.195703,0.712905,219.484032
1553743773,34.2197567471062,117.14070193988,39.8003108752891,-2.99675562689169,-3.6766264748204,0.0625098179706085,0.257631,0.846777,220.121458
1553743774,34.219724096745,117.140669624807,39.8711289754137,-2.9699523280318,-3.60708259320798,0.0598359005488036,0.363701,1.132044,220.263419
1553743775,34.2196912641221,117.140637891148,39.9396692244336,-2.86480944124172,-3.64469445132987,0.0831337585916747,0.314119,0.999729,219.283914
1553743776,34.2196585621515,117.140606556389,40.0082401512191,-2.91320619533553,-3.58123048108406,0.0840648845420628,0.272408,1.033103,219.796478
1553743777,34.2196267759223,117.140575218334,40.0750426854938,-2.81758097792055,-3.44221379349402,0.0272512887727727,0.523897,1.254024,220.595902
1553743778,34.2195956216729,117.140543579146,40.13834794797,-2.92973700321801,-3.45343306592823,0.0615317083190983,0.211557,0.950872,221.446408
1553743779,34.2195640978888,117.140511617635,40.1961344024166,-2.94691330633389,-3.50747394394697,0.0467493046505079,0.160439,0.912122,220.510969
1553743780,34.2195320361895,117.14048048692,40.2580837151036,-2.79885350076042,-3.58494626631905,0.0450815803433742,0.49496,0.825342,219.111995
1553743781,34.2194997265373,117.140450202825,40.33202611655,-2.77697149210647,-3.55375565191048,0.0703498297244374,0.214228,0.946739,218.757832
1553743782,34.2194679045003,117.140420199957,40.3922318145633,-2.7591796756046,-3.48131821858851,0.0776464980163794,0.311417,1.550689,218.841753
1553743783,34.2194363572231,117.140390684363,40.4520799843594,-2.72091330178057,-3.5188104497713,0.0758737291413478,0.241242,1.766609,218.544893
1553743784,34.219404495255,117.140361040322,40.5134680848569,-2.74874586071519,-3.56520786563297,0.0569654985930406,0.32963,1.632628,218.644942
1553743785,34.2193723542904,117.140330981607,40.5776870213449,-2.76717840141347,-3.55409994678115,0.0761988388429777,0.234069,1.574783,218.871074
1553743786,34.2193402596768,117.140300429175,40.6307915076613,-2.86558896036916,-3.54834634645764,0.028620199006272,0.055484,1.691849,219.439843
1553743787,34.2193080956788,117.140269536812,40.6809893483296,-2.82661219381095,-3.58953936792722,0.0465148567653422,0.216308,1.624016,219.283168
1553743788,34.219275632579,117.140239000088,40.7479667142034,-2.7521816004673,-3.60239108384548,0.0689704072760229,0.355138,1.438307,218.355213
1553743789,34.2192427996383,117.140209319154,40.8237013164908,-2.72125873204641,-3.67355811492455,0.0669230119846,0.288089,1.404852,217.306793
1553743790,34.219209230329,117.14017993567,40.8826218377799,-2.70390868228504,-3.75014371298212,0.0799560494538631,0.32069,1.288736,216.963859
1553743791,34.2191752845528,117.140149986243,40.9460458969697,-2.84978329494984,-3.84482645371904,0.0787001436283843,0.304863,1.202645,217.442306
1553743792,34.219139879392,117.140118157234,41.0216739466414,-2.981210181071,-3.97844411657222,0.0884605425627736,0.436194,1.267968,217.865017
1553743793,34.2191039476197,117.140085232433,41.0996221806854,-3.07471503464019,-3.99083800666622,0.0302235058520897,0.185413,1.282047,218.551132
1553743794,34.2190681252754,117.14005183421,41.1615027356893,-3.06072961236655,-3.89730341458668,0.0794061372535484,0.086699,1.079169,218.9484
1553743795,34.2190333010051,117.140018632491,41.218854480423,-3.06552914112873,-3.83168476088921,0.0558299029193572,0.214226,1.139262,219.49392
1553743796,34.2189991883405,117.139986191859,41.2863943614066,-2.8955950970793,-3.65325551957971,0.0175254794725053,0.242415,1.145814,218.980813
1553743797,34.2189665200868,117.139955781149,41.3423984292895,-2.74994278911895,-3.56370610260763,0.0423375815299729,0.320966,0.865361,218.647103
1553743798,34.2189346334341,117.139926472447,41.400729900226,-2.66123637822353,-3.52455806665631,0.0505704853413118,0.207365,0.773995,218.193184
1553743799,34.2189031276296,117.139897210025,41.4591819951311,-2.74967149670314,-3.48494787373375,0.0634584712779827,0.466543,0.632416,219.271995
1553743800,34.2188718784937,117.139867663102,41.5166705772281,-2.71020099232815,-3.47863217199446,0.0541737311674959,0.229713,0.712872,219.120796
1553743801,34.2188406364926,117.139838388308,41.5712191378698,-2.71863523481134,-3.51179135331763,0.0780381368679792,0.509465,0.61707,218.811649
1553743802,34.2188079461357,117.139807782622,41.6361735071987,-2.92183669823791,-3.70471272263523,0.0736406923843369,0.430069,0.738959,219.141687
1553743803,34.2187735959936,117.13977525728,41.7122335378081,-3.00096866316541,-3.92365137185204,0.0292573898836204,0.497495,0.822775,218.718336
1553743804,34.2187381678989,117.139742424071,41.7845179960132,-3.03787927695171,-3.9080839922352,0.0686076402625229,0.266174,0.847985,218.640342
1553743805,34.2187032666436,117.139710012237,41.8526714993641,-2.96626777320544,-3.84864670877464,0.0487853326411796,0.36886,0.651997,218.593909
1553743806,34.2186694134504,117.139678331212,41.9152547456324,-2.86908124362722,-3.72669222815786,0.0615130397092116,0.316044,0.90643,218.97512
1553743807,34.2186366229109,117.139647104182,41.9752222336829,-2.86783906468813,-3.59618645390805,0.0545535312973187,0.500709,0.82187,219.63755
1553743808,34.2186048919738,117.139616087765,42.0401844205335,-2.86287272787401,-3.50735939760061,0.0555319732936257,0.460601,0.950866,220.201468
1553743809,34.2185735205209,117.139585248853,42.1016386728734,-2.8251371823173,-3.49305448816245,0.0451690581752862,0.381833,1.203489,219.799272
1553743810,34.2185419879191,117.139554709339,42.168041006662,-2.80005509705424,-3.43344188983626,-0.0264809852192585,0.394284,1.091393,219.69582
1553743811,34.2185106352008,117.13952429734,42.2335564075038,-2.81568246276885,-3.49985454409347,0.0871804969258057,0.316951,1.666212,219.734638
1553743812,34.218479533405,117.139494688047,42.2972671035677,-2.70186502307399,-3.4162136938871,0.0637761302338682,0.165674,1.276699,218.698006
1553743813,34.2184481498469,117.13946630273,42.3838210431859,-2.66970778786053,-3.44215574167792,0.105480697146658,0.432983,-0.136379,217.857671
1553743814,34.2184166510516,117.1394371942,42.4624996995553,-2.73407873612334,-3.4848453259898,0.0188817002738793,0.402926,0.128111,219.245197
1553743815,34.2183855528213,117.139406958797,42.5274129826576,-2.85807964177729,-3.4161927405481,0.0797553802866748,0.308925,-0.018063,220.46141
1553743816,34.2183546783948,117.139376744435,42.591388322413,-2.70811267022066,-3.39914042684337,0.074243679794145,0.04605,0.189704,219.703319
1553743817,34.2183248568572,117.139348798233,42.6632309006527,-2.45897930168618,-3.24684807989688,0.0672557800407945,0.454166,-0.136608,218.419062
1553743818,34.2182953839097,117.139321750003,42.7066681496799,-2.47785489329955,-3.21451900182169,-0.115428396327445,0.361654,0.567529,218.250681
1553743819,34.2182656749239,117.139294525043,42.754820914939,-2.56052230005406,-3.27732219206651,0.103178487652354,0.168262,0.706278,218.076871
1553743820,34.2182352557559,117.139267279902,42.8121193023399,-2.51698349219067,-3.38710419370115,0.0636653834652121,0.3287,0.777441,217.211034
1553743821,34.218204151309,117.139239956394,42.8798362193629,-2.52336872143006,-3.45530162836836,0.0323566485190701,0.337247,0.805865,217.019654
1553743822,34.2181727879776,117.139212273157,42.9346562493593,-2.58628823113656,-3.53457046805996,0.0155496560389876,0.418212,1.111768,217.338205
1553743823,34.2181415524225,117.139184298279,43.0042016049847,-2.52359889977374,-3.37707740802719,0.0595967553909933,0.251167,0.928942,217.92873
1553743824,34.2181128254585,117.139157788853,43.0504485955462,-2.37423250922404,-3.05984390005508,0.0608054227796264,0.002113,0.880708,218.810154
1553743825,34.218086431327,117.13913312175,43.0789478197694,-2.18064818052379,-2.83352916699975,0.00720919829072719,0.014833,0.988694,218.683285
1553743826,34.2180620985311,117.139110438665,43.1126444684342,-1.99955130527921,-2.60416408771779,0.0593799780830708,-0.067918,0.863978,218.533738
1553743827,34.2180397707611,117.139090137486,43.1482752561569,-1.77328739231577,-2.37140278015656,0.0603214598604436,0.243401,0.956677,217.29143
1553743828,34.2180194893816,117.139072246939,43.1933189798146,-1.63029974647414,-2.19993462603866,0.0304692927799184,0.390903,0.590302,217.443776
1553743829,34.2179978720916,117.13905294947,43.239319874905,-1.94217043249165,-2.62067212821473,0.0320874984017123,0.376174,0.58253,217.771903
1553743830,34.2179726383675,117.139029948164,43.2901609111577,-2.26457102038711,-2.87836666428487,0.0660336244386417,0.340595,0.648472,219.076276
1553743831,34.2179465464495,117.139004208308,43.3440596926957,-2.46561892839779,-2.92737850298993,0.0616392744844865,0.342261,0.783359,221.136403
1553743832,34.2179198920248,117.13897673189,43.3990207202733,-2.54072012192517,-2.98450013988513,0.0727267287190401,0.146668,0.797818,221.642973
1553743833,34.2178929560688,117.138949447906,43.4518915256485,-2.44995740589858,-3.03232471054986,0.0434690587821771,0.213349,0.832289,220.397307
1553743834,34.2178654379388,117.138922897646,43.5054761907086,-2.40461633124903,-3.1223436397471,0.015795405069589,0.26206,0.964902,218.788617
1553743835,34.2178371286789,117.138896308135,43.5582930007949,-2.45708916230045,-3.1355611138681,0.024563177806435,0.23769,0.957387,219.058723
1553743836,34.2178087925727,117.138869640413,43.615490465425,-2.44656624673984,-3.13255714894437,0.0521565807053583,0.287874,0.910756,218.865756
1553743837,34.2177802684014,117.138843144838,43.6873613018543,-2.47962620875093,-3.16203350921949,0.027927610863592,0.107787,0.708508,218.408773
1553743838,34.2177501084651,117.138815533049,43.743305160664,-2.62490683092379,-3.38671643160522,0.0826857960284773,0.217922,0.94186,218.068192
1553743839,34.2177190736459,117.138787221434,43.7979168239981,-2.62522765945008,-3.45822948828629,0.0189087917497195,0.297202,0.628225,218.399389
1553743840,34.2176877554154,117.138758189616,43.8525238027796,-2.69071868354771,-3.49102104316181,0.074243129033386,0.280058,0.545116,218.801289
1553743841,34.2176564336593,117.138728735181,43.9112644214183,-2.73012809961146,-3.45568903945517,0.0507427068785122,0.218125,0.580383,219.240592
1553743842,34.2176255808469,117.138699264855,43.9664245536551,-2.69556351153296,-3.37830382497916,0.0881057400129976,0.330866,0.6,219.349686
1553743843,34.2175950370171,117.138670310999,44.0227568969131,-2.68454786123857,-3.36500293781152,0.0632139955962738,0.198498,0.679809,219.425935
1553743844,34.2175650021568,117.138640958212,44.0743146119639,-2.710617247197,-3.3121794661547,0.00687918464265547,0.187271,0.700999,220.531454
1553743845,34.2175353338238,117.138611180771,44.1265493724495,-2.71761513356646,-3.30368091254705,0.0477327338714491,0.504409,0.85488,220.679527
1553743846,34.2175055581429,117.13858191567,44.1945178704336,-2.65507454586402,-3.31359453008083,0.049864277026439,0.397477,0.515375,219.764871
1553743847,34.2174754276562,117.138553401332,44.2527877967805,-2.63163656713693,-3.34262293311563,0.062320987774769,0.326259,0.447771,219.236644
1553743848,34.2174443865005,117.138524148059,44.310228407383,-2.7612591965391,-3.49865136093509,0.0552476619891833,0.421345,0.708362,218.918048
1553743849,34.2174131247272,117.138495019623,44.3663132516667,-2.57874966584124,-3.34713294752727,0.0458387663568893,0.131229,0.926663,218.363419
1553743850,34.2173837576758,117.138468156939,44.412091893144,-2.37274467473914,-3.11766685114009,0.0605154013398237,0.18804,1.063215,217.830692
1553743851,34.2173565427417,117.138443958862,44.4571489635855,-2.12985089582586,-2.87195032755264,0.060187022023634,0.247502,0.943199,217.146943
1553743852,34.2173310066481,117.138421912192,44.5057736523449,-2.04218321560391,-2.93710632589422,0.0688632289240285,0.360847,0.761729,216.322115
1553743853,34.2173035384589,117.138398449307,44.5601346185431,-2.20646758569031,-3.09880834571808,0.0310101564974004,0.201992,0.928783,216.377307
1553743854,34.2172758196948,117.138374582872,44.6037995982915,-2.13652572404712,-2.94987932683911,0.057417659062182,0.020785,0.97281,216.50698
1553743855,34.2172496782885,117.138352736861,44.6426894199103,-1.97255328339351,-2.89591430601102,0.0598654860016341,0.05851,0.688006,215.655601
1553743856,34.2172236366968,117.138330959193,44.6848603524268,-1.9584433502646,-2.80739765468002,0.0364012678560031,0.399178,0.807511,216.003981
1553743857,34.21719980466,117.138310656677,44.7347226114944,-1.7812156023813,-2.49940344460077,0.0689739005076773,0.349823,0.677787,216.754392
1553743858,34.217176824511,117.138290423377,44.7807785309851,-1.97571217837004,-2.60108204919416,0.0477761614218768,0.397799,1.025494,217.332269
1553743859,34.2171530200484,117.138269004722,44.8314801100641,-2.08219725077189,-2.77452940461716,0.0431994420421449,0.420796,0.790162,218.228617
1553743860,34.2171273208665,117.13824489001,44.8747084354982,-2.39803049663457,-3.01764201944835,0.0503724098116902,0.000355,1.342399,219.239298
1553743861,34.2171000859234,117.138218304758,44.9123734058812,-2.53948527328547,-3.03233688900953,0.0559780163834469,0.018396,0.905713,220.859699
1553743862,34.2170726816728,117.138189811082,44.9492041915655,-2.74813049915499,-3.05211435276233,0.0708359885675933,-0.060502,0.74831,222.751274
1553743863,34.2170452568902,117.13815995367,44.9840506836772,-2.74901948345845,-3.08824281054249,0.0457189533834965,0.10281,0.641913,222.862478
1553743864,34.2170168810108,117.13813012122,45.0477810138837,-2.70973304576713,-3.18636213828832,0.0957556492342631,0.467622,0.367572,221.469391
1553743865,34.2169875458618,117.138100805182,45.1257236404344,-2.71906960409134,-3.35183982657226,0.0847954309537471,0.803888,0.485076,219.946083
1553743866,34.2169563156721,117.13807075114,45.2264781249687,-2.80617713449587,-3.54307371084708,0.104597176524298,0.741739,0.670818,219.363613
1553743867,34.2169239494617,117.138040126568,45.3258191607893,-2.84488939070648,-3.61094133275573,0.0888090425688965,0.526567,0.843051,219.037317
1553743868,34.2168914888547,117.138009440099,45.4049939159304,-2.83702216102843,-3.58209073853814,0.0766172220382619,0.388422,0.597146,219.248352
1553743869,34.2168589403536,117.137978763553,45.4753899564967,-2.82045708554827,-3.60929383505497,0.0561590670749799,0.374931,0.575354,219.017404
1553743870,34.2168258910551,117.137947483434,45.5278925178573,-2.91016249500297,-3.66770633317549,0.0478069687648965,-0.174804,0.986507,219.325761
1553743871,34.2167936257698,117.137916365375,45.5645425980911,-2.84462556577968,-3.48438410246509,0.0894361056911273,0.170614,1.007213,220.070381
1553743872,34.2167623341382,117.137884510142,45.6148687889799,-3.0730229952562,-3.50764312621644,0.00271472525386551,0.197169,0.785025,222.577009
1553743873,34.2167312052231,117.137849669943,45.6795559413731,-3.29308012560136,-3.41605582576488,0.0672077497548111,0.205324,1.087581,224.702643
1553743874,34.2167007817905,117.137813844736,45.7412003111094,-3.30363279562544,-3.33282761254404,0.0479630767570778,0.216237,1.289411,225.675371
1553743875,34.2166708892651,117.137777644381,45.8051605364308,-3.32359873389223,-3.2470110397697,0.0871536785434546,0.053238,0.787141,226.603349
1553743876,34.2166419317756,117.137742994341,45.8624208252877,-3.01864910226052,-3.19085845755354,0.0792710620641126,0.148446,0.955188,224.291705
1553743877,34.2166125494086,117.137711757721,45.9249697532505,-2.74344667484687,-3.24849987262111,0.0217697003254589,0.096139,0.951069,221.260287
1553743878,34.2165827308956,117.137682727714,45.973305513151,-2.56544997022883,-3.33839523026915,0.0152557126721342,0.317768,1.082545,218.807247
1553743879,34.2165534804773,117.137655423882,46.0285608125851,-2.47044392549422,-3.13756543502136,0.0204683157087322,0.329691,0.861828,219.494563
1553743880,34.2165255087409,117.13762839522,46.0886362241581,-2.49582991604196,-3.14934592202313,0.0537986396319174,0.504366,0.793594,219.625987
1553743881,34.2164959903486,117.137600757262,46.1698242472485,-2.55140050584391,-3.40740532864887,0.0545012392036635,0.560358,0.42183,218.525707
1553743882,34.2164653635516,117.137572180839,46.2415380822495,-2.69239883705763,-3.4100238343801,0.0672454546443375,0.238251,0.506505,219.026331
1553743883,34.2164345551092,117.137542386036,46.301982531324,-2.82477536416962,-3.39489921302542,0.0770160722172772,0.194537,1.020302,220.317496
1553743884,34.2164040390063,117.137510845689,46.3663134081289,-3.07208483111542,-3.32115468692278,0.0717170548852888,0.194928,0.898756,223.388138
1553743885,34.2163758664416,117.13747699647,46.4307036129758,-3.21096072519652,-2.97361732383232,0.065698041445597,0.313201,0.930742,228.418827
1553743886,34.2163503813354,117.137440811832,46.492401544936,-3.43814302577794,-2.76012957258728,0.0469603750373611,0.164746,1.010887,232.448863
1553743887,34.2163268180259,117.137402345596,46.5429285736755,-3.60054616346533,-2.42497921768984,0.0111408494963718,-0.398132,1.183335,236.730491
1553743888,34.2163061918542,117.137362064596,46.594492576085,-3.80255603012356,-2.22204680397205,0.0239298710516958,0.150815,1.25469,240.846679
1553743889,34.216287227852,117.137320221819,46.6523397015408,-3.8519308471872,-1.98380894163869,0.0452640206134545,0.24712,0.774404,243.973101
1553743890,34.2162707540835,117.137278649292,46.698763359338,-3.85670785676594,-1.74152053549462,0.0304094066111551,0.081713,0.770674,246.698505
1553743891,34.2162560519975,117.137236618708,46.7371621690691,-3.94805590301186,-1.59000182199847,0.0387787665448309,0.049187,0.739918,249.375999
1553743892,34.2162426191881,117.137193121699,46.771243234165,-4.00476104673302,-1.36036287073586,0.0211853367472334,-0.177383,0.845846,251.985816
1553743893,34.2162316536307,117.137150439127,46.7852006852627,-3.91688520097477,-1.07825893869459,0.0242483712866954,-0.30025,0.961403,255.247727
1553743894,34.2162229543386,117.137108533675,46.8011501263827,-3.92994019019476,-0.852057732561823,0.0259368824956063,-0.13734,1.0769,258.372798
1553743895,34.2162159081237,117.137064930502,46.8230865923688,-4.11691186716122,-0.669265633902875,0.045223769233501,-0.228956,1.146958,261.327741
1553743896,34.2162100214228,117.137020679715,46.8479397995397,-4.11692123284654,-0.605756178907469,0.035412063661029,-0.174899,1.211359,262.27004
1553743897,34.2162048882329,117.136975565462,46.8708047354594,-4.22179742069413,-0.51502603157824,0.0158027028423809,-0.525365,1.344935,263.764166
1553743898,34.2162005968658,117.136929396293,46.8683837382123,-4.26833797500277,-0.414133392231989,-0.0205296027159587,-0.586702,0.961393,265.353518
1553743899,34.2161969068857,117.136883375863,46.8763411883265,-4.20791254999723,-0.462239997390241,-0.00491491489819923,-0.117434,0.928098,265.166028
1553743900,34.2161929851665,117.136837316671,46.9203227609396,-4.26270085814057,-0.471218409084344,0.0705308793911681,0.010999,0.957137,264.975651
1553743901,34.2161886940378,117.136790837624,46.9641002435237,-4.24582428767603,-0.46345489263966,0.0359955645700314,-0.162363,1.076412,264.601737
1553743902,34.2161840788042,117.136744911465,46.9878348316997,-4.2712549806074,-0.569539616008807,0.0106073763488372,-0.29087,1.129791,263.412858
1553743903,34.2161784652386,117.136698211497,47.0143704628572,-4.31417414065288,-0.631499280091602,0.0750476073286791,-0.113136,0.667451,262.434732
1553743904,34.2161725253566,117.136650955747,47.0443425970152,-4.39426670635392,-0.658033321428108,0.00736622832393818,-0.271301,0.873421,262.414738
1553743905,34.216166259,117.136601364006,47.0671069249511,-4.77944317643759,-0.757471485980685,0.0611217729646941,-0.209568,0.744225,262.219946
1553743906,34.2161584173902,117.136547416896,47.1014216784388,-5.09646233113166,-1.00195708299398,0.0489766392700182,0.025724,0.751535,259.852823
1553743907,34.2161481053531,117.136491579329,47.1403737552464,-5.21326884178129,-1.25982068756759,0.0458346865279013,0.067739,0.919493,257.218375
1553743908,34.2161353638292,117.136434721561,47.1701714424416,-5.30915072050547,-1.56690994137797,0.0208293679001033,-0.243865,1.294266,254.391487
1553743909,34.216119761663,117.136375559648,47.1882346523926,-5.56469740891041,-1.84930242232565,0.0128568287809131,-0.264998,1.327138,252.433271
1553743910,34.2161018297106,117.13631429906,47.2164473654702,-5.69110168521054,-2.04192233420881,-0.0293221699906041,-0.313362,0.625697,251.024629
1553743911,34.2160825758052,117.136252021323,47.2308967839926,-5.74533274023405,-2.20563400997464,-0.0179810466284664,-0.473014,0.99928,249.790587
1553743912,34.2160611961349,117.136189604042,47.2346634846181,-5.72486642752588,-2.51357672284023,0.00272862287725695,-0.520796,0.960649,247.448954
1553743913,34.2160372838862,117.136127508592,47.2478721709922,-5.66052592271427,-2.7999796883216,0.0326653220743089,-0.238555,1.221139,244.505148
1553743914,34.2160105454359,117.136066884435,47.3113074190915,-5.50542303725748,-3.0697047536461,0.0772004292548996,0.024362,1.355218,241.520901
1553743915,34.2159813808333,117.136007592763,47.3792731678113,-5.35797262073834,-3.38729281244624,0.0409609346617434,-0.102362,1.397687,238.828248
1553743916,34.2159509382217,117.135951555161,47.4334220224991,-4.93647580615417,-3.38269253454288,0.0199707787128567,-0.179068,0.785775,236.676716
1553743917,34.2159201676684,117.135899395381,47.4628205783665,-4.7812702785621,-3.44772362946149,0.0284657371514407,-0.48458,0.152077,234.959673
1553743918,34.2158884614393,117.135847676972,47.4794665630907,-4.68521145945669,-3.44502464252112,0.042282296506801,-0.133556,-0.325338,235.036917
1553743919,34.215858260362,117.135798207802,47.5315660294145,-4.39168736572265,-3.33234663383081,0.102435314948295,-0.033537,-0.446249,234.134819
1553743920,34.2158291635165,117.13575237188,47.5795957874507,-4.06288778939812,-3.2608158695365,0.0328127374433427,-0.064077,-0.0736,232.41852
1553743921,34.2157982355682,117.135708742554,47.6168934330344,-3.88986249451302,-3.56301714322498,-0.00293442769070396,-0.268849,-0.347055,228.827441
1553743922,34.2157637140065,117.135666011853,47.6464335341007,-3.88528104709019,-4.08558740285769,0.0630932542537788,-0.301699,-0.338714,224.762481
1553743923,34.2157266009834,117.135626352197,47.6558998608962,-3.40004218294249,-4.04780887626926,-0.0724876224429052,0.064428,0.294975,220.440423
1553743924,34.215687466058,117.135590076485,47.6626412328333,-3.23581677127424,-4.46970613869455,-0.0442476717646829,-0.487589,0.516137,216.533801
1553743925,34.2156447149078,117.135555332314,47.6919911922887,-3.15580178338164,-4.982553240614,0.046608029911142,-0.314929,0.210482,213.741583
1553743926,34.2155995283179,117.135521402881,47.7078284397721,-3.05563812667814,-5.00429120395539,0.0341201524850225,-0.316201,0.843133,212.143147
1553743927,34.2155538770743,117.135488522143,47.7390030091628,-3.03318842367558,-5.15826404030664,0.0275876233095307,-0.056729,1.169666,211.201332
1553743928,34.2155058829732,117.135455735227,47.7931361403316,-2.98152723883605,-5.48920411698468,0.0465562687195891,-0.123116,1.337308,209.389021
1553743929,34.21545495259,117.135424366028,47.8372112363577,-2.78890021209349,-5.78586607247568,0.0240082977273173,-0.328545,1.372759,206.510512
1553743930,34.2154018243139,117.135395201012,47.8699279958382,-2.60850960870914,-5.97044065726215,0.0429182872827067,-0.343302,1.040425,204.318975
1553743931,34.2153472301416,117.135368112824,47.9052558243275,-2.38270989229944,-6.0865198999029,0.0251212504549541,-0.332991,1.021828,202.348665
1553743932,34.2152915769036,117.135343346756,47.9444077657536,-2.15446303762059,-6.20684504082642,0.033130932604009,-0.162778,1.181887,200.125433
1553743933,34.2152353500266,117.135321169346,47.9739968385547,-1.86732470910191,-6.20205454215222,0.0349840956219305,-0.348768,1.200937,197.721774
1553743934,34.2151800286812,117.135302647717,48.0034788465127,-1.61012172700796,-6.16995255135216,0.0518028790699185,-0.301866,0.817613,195.311157
1553743935,34.215123466846,117.135286510121,48.0361486198381,-1.36482205203424,-6.36352130638347,0.0572656047265299,-0.328376,0.807279,193.160863
1553743936,34.2150660430544,117.135273162036,48.0707214679569,-1.03911662972907,-6.32833799284106,0.0126442945596184,-0.307662,1.066562,190.21346
1553743937,34.2150101816372,117.135263886544,48.1065179659054,-0.701897704590538,-6.03113496474295,-0.00294097698817053,-0.0463,0.689642,187.568878
1553743938,34.2149570789732,117.135257787207,48.1635570125654,-0.42843175235617,-5.72674924034889,0.0705008633735238,-0.084262,0.877585,185.235408
1553743939,34.2149069477196,117.135254125845,48.2089248728007,-0.240310272135177,-5.3926095826301,-0.00829833913038014,-0.245197,1.04904,183.60566
1553743940,34.2148591638563,117.135252253368,48.2359356544912,-0.133684921165556,-5.29083842186563,-0.0156887081470294,-0.339196,0.931567,182.089758
1553743941,34.2148093011608,117.135251658056,48.2606217097491,-0.0367383344957741,-5.73607756175318,0.0202113910994171,-0.194263,0.846839,181.271562
1553743942,34.2147561003946,117.135251020972,48.2838896205649,-0.0429681745520345,-6.06361117555122,0.0110565684562025,-0.211752,0.82235,181.451095
1553743943,34.2146998678105,117.135250615658,48.3091328218579,-0.0510446479468387,-6.37703803203943,0.0185035628622279,-0.424374,0.774743,181.171645
1553743944,34.2146410350151,117.135250300152,48.3281872794032,-0.0509892569640091,-6.61923761674917,0.0101226818088529,-0.328823,0.551266,181.331622
1553743945,34.2145807947668,117.135249328561,48.3598847705871,-0.10822328169488,-6.73488063088344,0.093057020424383,-0.253964,0.84299,181.792547
1553743946,34.2145212974996,117.13524865224,48.4019868150353,-0.0312769506758095,-6.42042106315242,0.0325288208386318,-0.240074,0.770504,181.203684
1553743947,34.2144650295926,117.135248736667,48.4294611075893,0.0233987675695155,-6.06524908771453,-0.0114018267960416,-0.39776,0.698272,180.727206
1553743948,34.214411684093,117.135249177568,48.4354716027156,0.0754490030096617,-5.79289852855297,-0.0100042907655262,-0.537309,0.771869,180.264488
1553743949,34.2143608964299,117.135249913861,48.4243604457006,0.0887204952290859,-5.47962109792463,-0.0510127131756861,-0.853611,0.801594,180.173221
1553743950,34.2143122629324,117.135250723791,48.4032917348668,0.0528005811097818,-5.31098970847185,0.0264464579972152,-0.082846,0.607207,180.04781
1553743951,34.2142658820754,117.135251579473,48.4202239345759,0.0827472255640875,-4.97480095856322,-0.0144678726801923,-0.665768,0.83414,180.007342
1553743952,34.2142220012541,117.135252541628,48.411677422002,0.0975870975074284,-4.71661950639096,-0.0117978952536943,-0.559045,0.822556,179.761264
1553743953,34.214180508506,117.13525332042,48.4083659192547,0.0512441780959577,-4.45876693960527,-0.0744473807085511,-0.824293,0.838253,180.456632
1553743954,34.2141411586336,117.135253319402,48.3862656094134,-0.0172026385815995,-4.26959315595707,-0.0520994417470138,-0.855237,0.713435,181.330418
1553743955,34.2141018577293,117.135252819231,48.3597365720198,-0.0729906406599814,-4.53195627331053,-0.0272709218292282,-0.625472,0.291278,181.969499
1553743956,34.2140590181452,117.135251391007,48.3502912651747,-0.198438275301056,-4.9718297739089,-0.0277119138377309,-0.759129,0.56327,183.020706
1553743957,34.214013262024,117.135249085312,48.3275734530762,-0.221910366370587,-5.14703126915095,-0.0119123330872086,-0.8216,0.784681,183.22242
1553743958,34.2139664866332,117.135247088766,48.2986315498129,-0.179783118511706,-5.23850208272158,-0.0303308361220727,-0.873557,0.71634,182.814764
1553743959,34.2139190122231,117.13524594603,48.2752450024709,-0.059397408413727,-5.29650614785793,-0.025051418660142,-0.787537,0.485935,181.58498
1553743960,34.2138714726059,117.135245597349,48.2678359346464,0.0310310512620926,-5.18611883874334,-0.0148816762834274,-0.510214,0.658116,180.732448
1553743961,34.2138249293204,117.13524584077,48.2810718240216,0.0228436274688175,-5.17071424085831,0.0122640967527139,-0.405383,0.649855,180.723987
1553743962,34.2137774505506,117.135245728809,48.2904216470197,-0.048996447469464,-5.35628410029792,0.0290858218215369,-0.507812,0.841264,181.207677
1553743963,34.213728793784,117.135245212215,48.2856520237401,-0.0431562283029963,-5.411040241376,-0.0113157486824411,-0.674251,1.068124,181.094066
1553743964,34.2136797672897,117.13524524704,48.2736225929111,-0.0163469955877962,-5.40583206170359,-0.0047430362362082,-0.765166,0.832931,180.907707
1553743965,34.2136317769121,117.135245109126,48.2632982349023,-0.0445910919730805,-5.23759055450179,0.00926379567537072,-0.669555,0.962556,181.214325
1553743966,34.2135853996208,117.135244831307,48.2565889460966,-0.0134432781306641,-5.06867070019503,0.0347219132182213,-0.743074,0.901378,181.064174
1553743967,34.2135402755213,117.135244378456,48.2392903929576,-0.04845078075255,-4.95268712268208,-0.0344787857030751,-0.83981,0.876741,181.794708
1553743968,34.2134959824701,117.135243179478,48.216246121563,-0.143473221325568,-4.78492793225633,-0.00375737615860761,-0.860849,0.927047,182.419789
1553743969,34.2134537183362,117.135241546903,48.2018941240385,-0.147422050041625,-4.65235207807909,-0.0315575784033899,-0.793215,1.084067,182.955972
1553743970,34.213409735983,117.135240227819,48.1886375751346,-0.079954252939249,-4.99277029586543,-0.0377636089478144,-0.693196,1.24058,181.656904
1553743971,34.2133641884852,117.135239820359,48.1746242595837,0.0086162195096513,-5.11672805591823,-0.0155165247593732,-0.886706,1.252549,180.797061
1553743972,34.2133178617761,117.135240074043,48.1436800090596,0.0582633587455994,-5.15867738781475,-0.0445195403892917,-0.957922,1.170823,180.321479
1553743973,34.2132717001422,117.135240857536,48.1160432500765,0.0714566991150634,-5.02485312304948,-0.0350290155651551,-0.77729,0.945515,180.08054
1553743974,34.2132275232301,117.135241589727,48.1060869367793,0.0534468576260285,-4.77392064710806,-0.0128097043406363,-0.789904,0.940601,180.183353
1553743975,34.2131856557063,117.135241987545,48.1017487477511,-0.0031748913249976,-4.5144446383194,-0.0209410509360639,-0.575619,1.190009,180.693258
1553743976,34.2131460891903,117.135241968787,48.0990599021316,-0.00252941248801308,-4.23310649223952,-0.016763872826099,-0.788225,1.217558,180.939518
1553743977,34.2131087618519,117.13524241731,48.0867651384324,0.115464822026351,-4.00695532489834,-0.0167898523886179,-0.779147,1.21573,179.581782
1553743978,34.2130734928854,117.135243476762,48.0730193536729,0.107066216500076,-3.81603771294542,-0.00768105869491742,-0.702461,1.128044,179.501595
1553743979,34.213040207612,117.135244349955,48.0664485832676,0.0595996046249739,-3.5930954246532,-0.0118809286160455,-0.654678,1.33598,179.620664
1553743980,34.2130087562564,117.13524518247,48.0559174297377,0.0691554296216624,-3.3960253914667,-0.00648591298771328,-0.724608,1.148778,179.766063
1553743981,34.2129786981532,117.135246452207,48.0368422074243,0.134231882748568,-3.28927789483564,-0.0158660706988007,-0.991231,1.093131,178.397174
1553743982,34.2129493253737,117.135247300416,48.0073363250121,0.0268391499530894,-3.33131578331754,-0.0376272753360829,-1.083776,0.841706,180.72575
1553743983,34.2129182351863,117.135246890197,47.9734578439966,-0.0881404727657041,-3.54004033140456,-0.0116494244385434,-0.806096,0.880786,181.972474
1553743984,34.2128860676775,117.135246607207,47.9552754610777,0.0398874976051814,-3.58507344000596,-0.00232750909833768,-0.622842,0.456315,180.837863
1553743985,34.2128534706169,117.135247281223,47.948483669199,0.0722477862620837,-3.53674535162718,-0.0431691455069325,-0.754983,0.183875,179.812849
1553743986,34.2128221755122,117.135248581375,47.9302570270374,0.158115261586855,-3.39580261675531,-0.0014670007243327,-0.733657,0.133516,178.184167
1553743987,34.2127926086772,117.135250688367,47.9199695065618,0.222101659653526,-3.17514288005413,-0.018317860702793,-0.613913,0.024627,177.14477
1553743988,34.2127633583547,117.135253084465,47.9025086900219,0.21663915632476,-3.57316022156161,-0.00561310935805603,-0.900663,-0.063413,177.405871
1553743989,34.2127290891253,117.135255025107,47.878634750843,0.1476911328902,-3.98849848617719,-0.0616940436982163,-0.648655,-0.037722,179.001728
1553743990,34.2126925735369,117.135256027088,47.8708809297532,0.104651402391844,-4.14135372597869,0.0101685937997233,-0.203251,-0.089955,180.036319
1553743991,34.2126550796017,117.135256215951,47.8733482239768,0.0198630423628279,-4.18953454397116,-0.0452411805817603,-0.541161,-0.400171,181.511506
1553743992,34.212617240866,117.135255691527,47.8484809268266,-0.0439229588509334,-4.2937557881535,-0.0822557316186927,-0.537371,-0.041167,181.8414
1553743993,34.2125775425684,117.135255012951,47.8335426254198,-0.0801324488538262,-4.50139217916361,-0.00807712853579012,-0.564719,0.031947,181.819254
1553743994,34.2125366342551,117.135254618047,47.8114880984649,-0.0523887593329445,-4.51873464086683,-0.0216947764607296,-0.561105,0.203757,181.365741
1553743995,34.2124952148141,117.135253831313,47.7910138843581,-0.0392846994308613,-4.75565427406796,-0.0360574254460806,-0.481213,0.132124,181.864053
1553743996,34.2124515828652,117.135253179653,47.7758036358282,-0.0758723002509667,-4.91757934677421,0.00646237064822985,-0.619833,0.083828,181.65126
1553743997,34.2124067673012,117.135252637357,47.7509493920952,-0.0320097709638623,-5.02034751088388,-0.0131241961596547,-0.739412,0.156729,181.230658
1553743998,34.2123613816897,117.135252382837,47.7212821012363,0.0123868103399252,-5.04332550767775,-0.0433519380949772,-0.787149,0.172841,180.999204
1553743999,34.2123167682138,117.135252492142,47.6972571630031,-0.0362367211497765,-4.81619308335245,-0.0128095241251587,-0.848557,0.145163,180.875187
1553744000,34.2122729033451,117.135252305706,47.6720417998731,-0.0162578282727088,-4.90267491942305,0.000563453644727652,-0.76276,-0.043567,181.296266
1553744001,34.2122288947411,117.135251884848,47.6524950023741,-0.0432114207174743,-4.7931022396126,-0.0734417710861641,-0.810275,0.071365,181.357845
1553744002,34.2121861213519,117.135251395186,47.6270663756877,-0.0768953117563824,-4.67327119800444,-0.0291448268491639,-0.671435,-0.195798,181.906872
1553744003,34.2121446609509,117.135250087829,47.6186377368867,-0.203899762707547,-4.56471818218434,-0.0109455015172424,-0.637979,0.199588,182.913227
1553744004,34.2121040303817,117.135247602092,47.6082159653306,-0.263480616859056,-4.48465401993701,0.00113402044026589,-0.999281,0.167673,184.666522
1553744005,34.2120645623637,117.135243460322,47.5895382799208,-0.447896717730174,-4.35936213515006,-0.00350782930473192,-1.105227,0.9046,186.654274
1553744006,34.2120261076595,117.135238893293,47.57272418309,-0.321459045099945,-4.1867204746211,-0.0333279119047505,-0.950097,0.441223,185.987599
1553744007,34.2119890793449,117.13523558794,47.556186129339,-0.202230059189255,-4.01715499319248,0.0498674626285509,-0.88735,0.973114,184.017783
1553744008,34.2119535639476,117.135234175099,47.5471493098885,0.0357717557030469,-3.83224048504523,0.00377442369091763,-0.795079,1.173988,181.221494
1553744009,34.2119197360361,117.135236621751,47.5420321179554,0.443928700303995,-3.57533676556159,-0.0183663243463774,-0.684896,1.09431,174.249181
1553744010,34.2118883026609,117.13524425704,47.5464195329696,0.901387814477232,-3.24874627422089,-0.00605422562045588,-0.559048,0.540283,165.805973
1553744011,34.2118600054965,117.135257009743,47.5442404923961,1.33698785364483,-2.92645874347082,-0.00342081414064244,-0.913995,0.076521,156.709582
1553744012,34.2118351163188,117.13527446606,47.5160535434261,1.78337851801775,-2.51320590543654,-0.0545448288267196,-1.449375,-0.859109,146.872062
1553744013,34.2118135714435,117.135295901845,47.4686912428588,2.10108471334254,-2.15945397007028,-0.0519478440937741,-1.492088,-0.667784,137.474257
1553744014,34.211795598531,117.135320866485,47.4112524259835,2.38955677863886,-1.7648877218368,-0.0560243783612674,-1.998509,-0.475301,127.58429
1553744015,34.2117820465613,117.135349360829,47.3439513808116,2.7273984356275,-1.16693124588705,-0.0515581294186334,-1.934053,-0.316359,114.683938
1553744016,34.211774203397,117.135380869448,47.2665401827544,2.98156460578311,-0.545299828750538,-0.0801348757161668,-1.969587,-0.068195,101.970196
1553744017,34.2117710793409,117.1354168795,47.1893123248592,3.61201621412391,-0.240242043786609,-0.0717260712937552,-1.680121,0.296865,93.725588
1553744018,34.2117706588158,117.135458713129,47.099630205892,3.95829025087633,0.0276343643979507,-0.120679872893939,-1.66979,0.679042,90.099064
1553744019,34.2117719700836,117.13550240209,47.015528880991,4.06867595130619,0.206676154264301,-0.0976676534026247,-1.459846,0.560991,87.860653
1553744020,34.2117736233602,117.135548431635,46.9414347652346,4.36945082541087,0.0849326837597221,-0.100019615804353,-1.585149,0.670643,89.484965
1553744021,34.2117736703905,117.135596397012,46.8608407946303,4.49717774213379,-0.116467471521063,-0.106154056606293,-1.556811,0.740492,92.12226
1553744022,34.2117717807654,117.135645087852,46.7707400722429,4.48773250489376,-0.278310094143995,-0.101106162114386,-1.853364,1.100153,94.231292
1553744023,34.2117697497474,117.135694282778,46.6770295174792,4.53485500087697,-0.180198389425978,-0.108460414296711,-1.767071,1.365132,93.009342
1553744024,34.2117690949493,117.135744225637,46.5722127845511,4.69793651128727,-0.00761973816924987,-0.134634599951778,-1.723087,1.494644,90.829239
1553744025,34.2117697216485,117.135795906503,46.4486228181049,4.82219448174741,0.132151946766642,-0.139234489874606,-2.210223,1.306771,89.503098
1553744026,34.2117713633831,117.135848053683,46.3426192179322,4.77983454447344,0.236519579038783,-0.138004406414257,-1.609976,0.946464,88.291737
1553744027,34.2117730332428,117.135899942666,46.249812531285,4.78043388851809,0.107351644950542,-0.0814153660819832,-1.593234,0.567946,89.630228
1553744028,34.211773725622,117.135951446575,46.1564135905355,4.71707096123868,0.0634006789274157,-0.128821196044598,-1.720421,0.723955,90.072433
1553744029,34.2117740720798,117.136002483576,46.0483101131395,4.69874825625209,-0.013577910058384,-0.0742931001263695,-1.739107,0.536088,91.151046
1553744030,34.2117736344453,117.136053155541,45.9471909729764,4.62143473032571,-0.0992032513791468,-0.0853038583835729,-1.758972,0.633888,91.807782
1553744031,34.2117726929921,117.136102911063,45.8535714540631,4.528337233133,-0.0937764209460739,-0.1270782668117,-1.584141,0.83099,92.078427
1553744032,34.2117722383352,117.136152296131,45.7605652175844,4.54355515788467,-0.0451455517341396,-0.0954484490088184,-1.642755,1.102874,91.17048
1553744033,34.2117721373522,117.136202270876,45.6667702011764,4.64035806589177,0.0298045624455254,-0.068736514100296,-1.714956,1.212526,90.530194
1553744034,34.2117725469536,117.136252608486,45.5697074271739,4.66657920865304,0.0717216643530873,-0.128609844994927,-1.600153,1.282507,90.188187
1553744035,34.2117733186242,117.1363032684,45.477600411512,4.71424600602708,0.0809894362301192,-0.0995555416679706,-1.669316,1.344207,89.633443
1553744036,34.2117742808222,117.136354201609,45.3828653953969,4.68279875477713,0.11810982060141,-0.1114670020018,-1.749706,1.151341,89.602997
1553744037,34.2117752898526,117.136405100417,45.2964966017753,4.71285560421961,0.117920789479816,-0.0685035851929713,-1.584127,0.960634,89.605813
1553744038,34.211776349699,117.136456213369,45.2071727439761,4.7391317681587,0.121996662694712,-0.106512432703159,-1.790013,0.627926,89.472545
1553744039,34.2117775463127,117.136507862286,45.1044278498739,4.77477340719249,0.144021330475993,-0.0748783435669354,-1.812181,0.205191,89.325726
1553744040,34.2117787107855,117.13655987418,45.0104839140549,4.80657765163151,0.12866480996152,-0.0914201592321907,-1.677513,0.267157,89.574539
1553744041,34.2117795491245,117.136612057962,44.9235068708658,4.83054874808983,0.03874382354128,-0.0765487326164824,-1.691084,0.471908,90.087205
1553744042,34.2117799424716,117.136664117285,44.8379888301715,4.82235111478821,0.0498463989023624,-0.105328354289586,-1.645869,0.820371,90.407891
1553744043,34.2117802211859,117.136716007013,44.7409378830343,4.76828668146621,-0.000600951994311122,-0.0916011037525251,-1.852993,0.681647,90.799885
1553744044,34.2117801919812,117.136767133968,44.6300964485854,4.67307515639846,-0.0317115820402111,-0.118764296891026,-1.982147,0.677947,91.231899
1553744045,34.2117796961077,117.136817913874,44.5118007520214,4.67271820641851,-0.0906960544081027,-0.115601856039652,-1.91629,0.580853,92.017109
1553744046,34.2117787855917,117.136868325723,44.4077980518341,4.63617440099454,-0.129272537983591,-0.1033273172312,-1.860208,0.563089,92.199136
1553744047,34.2117779663426,117.136917999787,44.3120262119919,4.51459026219934,0.0107213890368351,-0.124261081083242,-1.596645,0.874426,91.18388
1553744048,34.2117781764827,117.136966660139,44.2332775173709,4.45048129501646,0.0681836900995663,-0.0664923086755116,-1.633232,0.861958,90.069693
1553744049,34.2117792116785,117.137014063427,44.1639825226739,4.28592313609026,0.136102438701471,-0.0774596521148977,-1.475585,1.181567,88.903466
1553744050,34.2117805983105,117.137060160398,44.0764782987535,4.20458354216946,0.0938400796987627,-0.113120627472647,-2.177975,0.78032,89.310389
1553744051,34.2117811945681,117.137105341649,43.9667478110641,4.12070506836883,0.0118277135868416,-0.0849814374481245,-1.910663,0.888623,90.304431
1553744052,34.2117817499851,117.13714970544,43.8779090233147,4.05109064152682,0.0428429878938735,-0.0825777967866662,-1.946848,0.60387,90.113079
1553744053,34.2117822760833,117.137193472319,43.7867394154891,4.0279082157064,0.0205318916997736,-0.106676366961487,-1.857373,0.50344,90.268018
1553744054,34.211782444259,117.137236722064,43.6988302730024,3.96320905418104,-0.0160529562419514,-0.0955525795220687,-1.921069,0.418213,91.128938
1553744055,34.2117822881821,117.13727945118,43.601574074477,3.93067133488943,-0.0329918813001137,-0.120438336283857,-2.028113,0.115415,91.483173
1553744056,34.2117821706106,117.137321913405,43.5069284122437,3.91721098930628,0.0274168123733988,-0.0741173640746372,-1.881841,-0.111341,91.067717
1553744057,34.2117821925564,117.137364137468,43.4268699521199,3.88232565855224,0.00751250015176954,-0.0875273859338033,-1.699813,-0.00451,91.070462
1553744058,34.2117822203861,117.137406079065,43.3583014085889,3.8380180388595,0.0297300745374881,-0.0686269339043507,-1.422452,0.0914,90.755033
1553744059,34.2117822574693,117.1374474369,43.3060087291524,3.80133989508268,-0.0238311761705887,-0.0503197485600956,-1.399163,0.296029,90.988548
1553744060,34.2117821737294,117.137488085678,43.2503073187545,3.69937583625509,-0.0383967275563046,-0.0609107005778314,-1.543502,0.346116,91.274856
1553744061,34.2117820572395,117.137528312816,43.1857206737623,3.69544943782721,0.00271548296875958,-0.044900764078336,-1.798521,0.489075,90.926114
1553744062,34.2117820314413,117.137568468621,43.1116731651127,3.68740863037908,0.0168306074477896,-0.0905611575610867,-1.923804,0.741696,90.848279
1553744063,34.2117820634762,117.137608858611,43.0281900921836,3.73040191395113,0.00736649557149933,-0.0499629375907628,-2.197073,0.65004,90.98957
1553744064,34.211782065686,117.137649797476,42.937123128213,3.79718093014004,0.00205649121400767,-0.0706098762545049,-1.826301,0.574508,90.831512
1553744065,34.2117823574855,117.13769125154,42.8592800088227,3.83630562232472,0.0513700427751415,-0.0631053945796202,-1.950621,0.449087,90.365915
1553744066,34.2117826120789,117.13773330349,42.7679430134594,3.91168412786967,0.0377367451318655,-0.101745868905409,-1.913062,0.42442,90.728365
1553744067,34.2117825221695,117.137776129186,42.6812341287732,3.95780318571287,-0.0331920564589652,-0.102358343817524,-1.750635,0.327971,91.650008
1553744068,34.2117817150355,117.137819536804,42.5994926961139,4.02916173356567,-0.125787230817208,-0.0871108336169167,-1.826207,0.329469,92.781204
1553744069,34.2117803865065,117.137863358445,42.5156685039401,4.04800635986525,-0.154626091990592,-0.114058240237917,-1.827054,0.459146,93.169037
1553744070,34.2117787911193,117.137907421016,42.4309188146144,4.06374748442091,-0.155475894115207,-0.125258250074764,-1.847558,0.525475,93.249239
1553744071,34.2117776552548,117.137951680844,42.3458965215832,4.07008866331807,-0.103023063139582,-0.0992497918944516,-1.854588,0.503863,92.542372
1553744072,34.2117768418455,117.13799607334,42.2669574581087,4.07690834958777,-0.0727946981000406,-0.0921316503165117,-1.733443,0.523356,92.035391
1553744073,34.2117761222871,117.13804041804,42.1869348846376,4.06275926048192,-0.0372014743871036,-0.0875684970284851,-1.8876,0.666531,91.508385
1553744074,34.2117765490276,117.138084649676,42.1013043485582,4.08332129942971,0.108398141311531,-0.0954044474007327,-1.843097,0.551062,89.41482
1553744075,34.2117775067176,117.138128981763,42.0179762551561,4.08864733677257,0.0718606660823573,-0.0612290794704823,-1.800893,0.467514,89.78733
1553744076,34.2117779030028,117.138173212431,41.9408716671169,4.07143480367643,-0.0275342053911114,-0.0484304340857795,-1.676368,0.356773,90.778426
1553744077,34.2117775681262,117.138217331054,41.8674512710422,4.08122381884191,-0.06012782905112,-0.0645196457760733,-1.732082,0.365435,91.84626
1553744078,34.2117771405005,117.138261254846,41.7949346154928,4.05961996054715,-0.0620145655371049,-0.0492947217096323,-1.475806,0.165516,91.8204
1553744079,34.2117764327609,117.138305010349,41.7378835948184,4.02574504625849,-0.124514383099391,-0.0516332347097952,-1.398095,0.068605,92.631827
1553744080,34.2117744785236,117.138348334501,41.688559689559,3.97171906945669,-0.331321614642921,-0.0409221331859983,-1.16281,0.216703,95.271829
1553744081,34.211771239537,117.138391921267,41.6443109633401,4.11736424596299,-0.410567112644732,-0.0221881067292354,-0.939148,0.603277,96.067626
1553744082,34.2117681332808,117.138437001943,41.6193138770759,4.02767108954501,-0.369480720973186,-0.018590085326725,-1.55807,0.601954,95.148012
1553744083,34.2117660760307,117.138481685296,41.5583398025483,4.10713785193781,-0.200318799487674,-0.0486317154897826,-1.79329,0.576585,93.285676
1553744084,34.2117651803828,117.138526581392,41.4857038557529,4.21725061727255,-0.0505907256859554,-0.0660969711019396,-1.537014,0.877597,91.401487
1553744085,34.2117653739627,117.138573463945,41.423885429278,4.33606115962475,0.0736804103254164,-0.0710198361582707,-1.356708,0.925513,89.899458
1553744086,34.2117665362685,117.138620449622,41.3676448250189,4.31079120116,0.202254336845519,-0.0644856823541118,-1.345451,0.871973,88.669092
1553744087,34.2117683386616,117.138667065588,41.3154647834599,4.31053666538949,0.255241796499236,-0.0517134571726168,-1.174483,0.853664,87.949342
1553744088,34.2117705471088,117.138714572299,41.2646214300767,4.49060262800517,0.249811270696303,-0.0348334090514652,-1.281514,0.959476,87.610399
1553744089,34.2117728464093,117.13876336121,41.2096265638247,4.5147645294926,0.22975334167262,-0.0497960362453432,-1.321641,0.822175,87.929944
1553744090,34.2117747199423,117.138812278422,41.152954175137,4.49505243670879,0.184848306079332,-0.0762344736848469,-1.375548,0.756679,88.745477
1553744091,34.2117758072714,117.13886141385,41.0929391793907,4.53510652002606,0.0899473020702798,-0.0629311915300094,-1.496791,0.815715,89.85718
1553744092,34.2117763984265,117.13891055602,41.0285051418468,4.53803090766941,0.0560334333972864,-0.0610715594925669,-1.384822,1.00435,90.029031
1553744093,34.2117774173075,117.138959832323,40.9618720300496,4.52822564328945,0.194970004686696,-0.0786716005196721,-1.354806,1.218965,88.52743
1553744094,34.2117798446232,117.139009350836,40.8984411889687,4.59385248913553,0.399861834035517,-0.0332087600644942,-1.359177,1.124686,86.35718
1553744095,34.2117840155651,117.139059152619,40.8386608548462,4.55760501278502,0.528235654261692,-0.051280025385637,-1.253805,1.297056,84.104756
1553744096,34.2117897207219,117.139108561806,40.7811257345602,4.50524175424658,0.715573012106023,-0.081375672892791,-1.311268,1.408529,82.066285
1553744097,34.2117967475021,117.139157033015,40.7302850987762,4.42399227477766,0.84786862746108,-0.00917296434420228,-1.129601,1.244434,80.262628
1553744098,34.211804656764,117.139204305852,40.688422053121,4.27919332024879,0.879684625570784,-0.0541893667846609,-1.317938,1.253349,79.219447
1553744099,34.2118128453801,117.139250319217,40.6418888065964,4.20823377850508,0.912111256258505,-0.0503042906261382,-1.213882,1.110913,78.559937
1553744100,34.2118212375812,117.139295343736,40.5977116078138,4.11863116855745,0.949957425086951,-0.059725940003255,-1.266377,1.149003,77.959854
1553744101,34.211829930675,117.139339705214,40.556021570228,4.09378957350847,0.956112475870252,-0.0260933194242848,-1.236492,1.184537,77.592139
1553744102,34.2118385932165,117.139384638867,40.5175377810374,4.17585461107386,0.946971544361895,-0.0588910973073179,-1.22643,1.199771,78.074557
1553744103,34.2118471697448,117.139430145425,40.4699661238119,4.20512423760557,0.989545071944103,-0.0539230645765332,-1.273616,1.096521,77.788606
1553744104,34.2118561355007,117.139475703439,40.4193624323234,4.17943754719054,1.00177873905786,-0.0221166703088678,-1.270846,1.189823,77.448918
1553744105,34.2118652104577,117.13952084031,40.3651710627601,4.20699466286215,1.01886602178905,-0.0436913755011281,-1.403491,1.131129,77.200402
1553744106,34.2118748311878,117.139567752276,40.3108639521524,4.41625492873534,1.0777079962731,-0.0519796035948147,-1.252169,1.111641,76.914492
1553744107,34.211884891738,117.139616153132,40.2470492050052,4.45441598262831,1.14235964204275,-0.0794839728338606,-1.471926,1.091405,76.706281
1553744108,34.2118954630921,117.139664319486,40.1852669483051,4.44547275572602,1.22014258799726,-0.0267028660085644,-1.522759,0.946603,75.776506
1553744109,34.2119064936975,117.139712256043,40.1232567755505,4.38411531919394,1.23621711513306,-0.0592377604331998,-1.303822,1.100873,75.060047
1553744110,34.2119180829456,117.139759778602,40.0661455346271,4.35836863468902,1.33657090864998,-0.0681105741389071,-1.206274,1.227665,74.132015
1553744111,34.2119303851894,117.13980706812,40.0100930035114,4.34816914206944,1.37200184256243,-0.0544155856386457,-1.230607,0.819465,73.153098
1553744112,34.2119431571848,117.139853822327,39.9520995309576,4.25498503084671,1.4137519531194,-0.0606860966082143,-1.287522,0.911722,72.321611
1553744113,34.2119565393241,117.139899954801,39.8923811912537,4.251822461013,1.53730208653083,-0.0805546694696473,-1.26313,0.807577,71.169097
1553744114,34.211970898261,117.139946467708,39.8315888904035,4.29978035511959,1.62906883769801,-0.0305551921759701,-1.293301,0.740352,70.247956
1553744115,34.2119858543648,117.139993397484,39.7676319498569,4.32694915707761,1.66679332766292,-0.0451330801493355,-1.241627,1.033286,69.55637
1553744116,34.2120011684622,117.140040271286,39.7057392811403,4.32974689914127,1.72053624594844,-0.0761565214163911,-1.162594,1.266338,69.368281
1553744117,34.2120166081506,117.140087310728,39.6464779889211,4.34441977307926,1.73717473102562,-0.0543855602525737,-1.239032,1.235764,69.268827
1553744118,34.2120325876183,117.140134435798,39.5934149734676,4.29494567019651,1.81878760490047,-0.0730434002542139,-1.223312,1.620993,67.930946
1553744119,34.2120497100917,117.140181053723,39.5459537925199,4.2700896117082,1.97346464513272,-0.0444297467125543,-1.22584,1.531318,66.145223
1553744120,34.2120681178313,117.140227088468,39.496891643852,4.22027175320781,2.09890347936525,-0.045733066644798,-1.288928,1.590112,64.319278
1553744121,34.2120876450334,117.140272578662,39.4359300909564,4.14033954585805,2.21678963113354,-0.0341493236067301,-1.414417,1.391499,62.925071
1553744122,34.2121083040107,117.140317260902,39.3788459105417,4.04600482110321,2.37033497238548,-0.0412202170772415,-1.178984,1.449882,60.569595
1553744123,34.2121306856892,117.140360414687,39.3412779718637,3.88702243699263,2.58666733390309,-0.0837238199951895,-1.018033,1.539864,57.249723
1553744124,34.2121550200154,117.140402397474,39.3052747389302,3.84980529251845,2.76749597812211,-0.00286718936933483,-0.891219,1.431645,55.363096
1553744125,34.2121798479689,117.140444082153,39.275886095129,3.83050535432975,2.73380939094136,-0.0173477506308488,-0.917411,1.377913,55.390648
1553744126,34.2122043241274,117.140485740157,39.2469805553555,3.88280792039554,2.66022358391814,-0.0104946119225995,-1.034502,1.04027,56.552623
1553744127,34.212227559728,117.140527904372,39.2159403031692,3.85602948476094,2.53735528705739,-0.0467628046226425,-0.92763,1.03484,57.499812
1553744128,34.2122508358046,117.140569039665,39.1889687338844,3.72364603555904,2.61847520831972,-0.0451307575878885,-0.806133,0.935664,56.04167
1553744129,34.2122749352551,117.140609554456,39.162834405899,3.72165822759024,2.7001261906042,-0.0193801915141196,-0.988019,0.978277,54.804854
1553744130,34.2123002669057,117.140650232791,39.1384222889319,3.74945670394449,2.83755527744288,-0.0418744874805401,-0.918112,1.039129,53.593928
1553744131,34.2123262858892,117.140690007664,39.1210357956588,3.57635447189044,2.91069490784408,0.0106228451848007,-0.674721,1.175455,51.710959
1553744132,34.2123529339263,117.140728116044,39.1184046613052,3.45740937331854,2.95909129376851,-0.0125355667027358,-0.692455,1.005493,50.3791
1553744133,34.2123797455851,117.14076546832,39.1175367739052,3.45708227323647,3.0271625432846,-0.0343961132815589,-0.604233,1.083834,49.91339
1553744134,34.2124072862125,117.140803393689,39.1133448611945,3.50860705459548,3.06679698747221,0.0353662844273026,-0.606448,1.050847,49.711052
1553744135,34.212435198525,117.140841180406,39.1143203228712,3.48256995356064,3.09705601336004,0.0139845867672908,-0.777845,1.007353,49.027864
1553744136,34.212463175302,117.14087881857,39.099444469437,3.46782503048982,3.09880563669234,-0.040164460809105,-0.733454,0.779871,49.233
1553744137,34.2124908238529,117.140916313448,39.0883206734434,3.44077669953011,3.02452736594901,-0.0109506436447635,-0.603457,0.900009,49.406479
1553744138,34.2125184414905,117.140953351815,39.0786847444251,3.39954414961413,3.05868316596986,-0.0309493947756663,-0.911375,1.026496,48.836439
1553744139,34.2125460602165,117.140990220852,39.0635371338576,3.39952279609245,3.07975260462831,-0.0139159309017438,-0.801219,0.933819,48.781335
1553744140,34.2125740216181,117.141026704388,39.0440616458654,3.32587225968311,3.1059047212554,-0.0132504623995027,-0.688699,0.61867,47.737965
1553744141,34.212602210225,117.141062558082,39.0302043259144,3.25854084240231,3.10469283322142,-0.0381443277517124,-0.766831,0.676747,47.610765
1553744142,34.2126298614354,117.141097544083,39.0186540856957,3.17593056460105,3.09837915463015,-0.00395764907237561,-0.743325,0.78865,46.979195
1553744143,34.2126578437175,117.141131440949,39.0011120978743,3.07234515892327,3.12290170707563,-0.00800951839222841,-0.812158,0.868079,45.346348
1553744144,34.2126864588718,117.141164094423,38.9888103827834,2.98096429550735,3.19434177109179,0.00430329740371138,-0.650565,0.796237,43.914162
1553744145,34.2127158521997,117.141196025148,38.9776073182002,2.8790332397167,3.33495199962323,-0.0121969182742567,-0.783767,0.891215,41.735333
1553744146,34.2127465227275,117.141226819118,38.9679005350918,2.81183024069639,3.44531527493482,-0.0304524843994363,-0.744962,0.976733,40.303266
1553744147,34.212777276095,117.141257841867,38.9571302151307,2.91863993543813,3.39594488372647,-0.000523409703446998,-0.775894,0.969195,41.632204
1553744148,34.2128075838477,117.141289637644,38.9514783816412,2.90543408058675,3.36532486999534,0.00716399021826808,-0.593942,1.085665,41.609156
1553744149,34.212838690928,117.141320550975,38.9434743802994,2.8185188260896,3.47213405104469,-0.00942117585468982,-0.73937,1.267592,39.791258
1553744150,34.2128703558584,117.141350943857,38.9369441047311,2.77970233945568,3.53949028660619,-0.0284502204744412,-0.53214,1.062413,39.544908
1553744151,34.2129025047485,117.141380824726,38.9403854589909,2.76485162163026,3.67322094253074,0.0736574349412795,-1.117654,0.44366,38.278374
1553744152,34.2129353933857,117.141410144741,38.9227391947061,2.66807045659628,3.6011843696505,0.0462187670001566,-0.578667,0.749091,37.000455
1553744153,34.2129672948036,117.14143759665,38.9345452515408,2.42500108600269,3.46459812714613,0.033683085685843,-0.46208,0.918127,35.974892
1553744154,34.21299792566,117.141462347795,38.9313254570588,2.1756960964632,3.35941321444753,-0.0143649027171069,-0.622045,0.709426,34.212297
1553744155,34.2130274726518,117.141484951278,38.9288621358573,1.98410469185393,3.2185999175122,0.0184429594618329,-0.689662,0.822451,32.509449
1553744156,34.213055964902,117.141505471936,38.9099543718621,1.85708960349718,3.08873212222061,-0.0697788058455693,-0.903316,0.778857,31.681723
1553744157,34.2130832198056,117.141524917214,38.8830509111285,1.7267811433613,3.00729179855402,0.00198022260140229,-0.430063,1.239277,31.24624
1553744158,34.2131103200254,117.141543509874,38.8813845962286,1.78419416893572,3.18481887131433,-0.00478794902690338,-0.665723,1.348801,29.782111
1553744159,34.2131404845745,117.141562813057,38.8742159353569,1.78057161516215,3.45159570868719,0.0208035345802124,-0.657728,0.979175,28.515527
1553744160,34.2131717332343,117.141582215437,38.871589994058,1.73630316605859,3.4728579844024,-0.0193580915232947,-0.702964,0.959343,27.907818
1553744161,34.2132032401492,117.141601266225,38.8588462444022,1.76499886223425,3.57050268125028,-0.0153499021607655,-0.6882,0.982495,27.323408
1553744162,34.2132357252485,117.141620682619,38.8483632132411,1.77448956238262,3.56853842819215,-0.0284654090260779,-0.729379,1.074801,27.459378
1553744163,34.2132673887852,117.141639782451,38.8420844580978,1.77660348541989,3.43974931557904,0.00622105838171705,-0.67014,1.000115,27.758894
1553744164,34.2132980911649,117.141658482297,38.8396632438526,1.71856543995886,3.38490390651763,0.0104101979159461,-0.57101,1.058372,27.693805
1553744165,34.2133286485981,117.141676511707,38.8342134393752,1.64644065133614,3.41639732412076,-0.00745019250437884,-0.721416,0.908648,26.717077
1553744166,34.2133597027264,117.141694409359,38.8206514231861,1.64228440167832,3.48942910012694,0.00430106863270963,-0.98776,0.777725,26.66669
1553744167,34.213390823323,117.141712578627,38.8140323134139,1.67568931457198,3.44117513478043,-0.0118748809759748,-0.823375,0.932599,27.230329
1553744168,34.213421400349,117.141731186668,38.798277631402,1.77784010877975,3.37747290301282,-0.0231157311839432,0.231099,1.148027,28.081259
1553744169,34.2134519587578,117.141750053982,38.812239211984,1.6895850145729,3.3750464056166,-0.0604502974781929,-0.855066,0.309109,28.66847
1553744170,34.2134822989314,117.141769281042,38.8031159108505,1.77471554895816,3.37939532244766,-0.0223824686969549,-1.05195,0.896355,28.637899
1553744171,34.2135128520601,117.141788435571,38.8072715448216,1.72622896695045,3.43452375686116,-0.0163130995674892,-0.546738,0.660077,28.708722
1553744172,34.2135436989945,117.141807679464,38.8115160660818,1.78259070498804,3.43404464046994,0.0359692333798893,-0.693227,0.628527,28.375669
1553744173,34.2135742479449,117.141826951852,38.8003506492823,1.80971542156884,3.42460104084215,-0.00527294972251191,-0.632132,1.485108,28.403087
1553744174,34.2136058372055,117.141846681953,38.7973175160587,1.91936191188353,3.57190714224408,0.0324070732478714,-0.878786,1.011071,28.676164
1553744175,34.2136381883467,117.141867431555,38.7944858334959,1.93701918037579,3.57064629499237,0.00580783208580504,-0.888543,0.571391,29.636868
1553744176,34.2136697405448,117.141888487249,38.7814967315644,1.93750458526762,3.47168009418958,-0.0122599214839052,-0.965309,0.205369,30.567011
1553744177,34.2137006262814,117.141909859669,38.758078655228,1.99384381197514,3.41784585339444,0.00644793632739793,-1.272156,0.42204,31.19125
1553744178,34.2137309180913,117.141931087078,38.7372967638075,1.8387969950397,3.21201181614123,-0.258162166093456,-0.936516,1.065345,31.208746
1553744179,34.2137615771357,117.14195284579,38.7188524696976,2.05882301937878,3.45479134669258,0.0161408083478873,-0.746784,1.226464,31.541024
1553744180,34.2137927272248,117.141975340059,38.7074460145086,2.121301310722,3.37676659292365,0.0330775761496727,-0.522672,0.836053,32.675313
1553744181,34.2138227192393,117.141997145683,38.7106794752181,1.92084340666351,3.28453362503703,-0.0180131362749389,-0.686509,0.956163,31.72812
1553744182,34.2138519407991,117.142018020452,38.6991074131802,1.8865108168654,3.21161278638754,-0.0263675588914243,-0.704414,1.053663,31.48754
1553744183,34.2138807604527,117.142038708096,38.6873004781082,1.91658719929749,3.15562056120762,-0.0240495566004832,-0.662505,1.178583,32.138198
1553744184,34.2139093130022,117.142059485903,38.6781656276435,1.88517189383403,3.1726656721252,0.000680893930391058,-0.764525,0.845506,31.953023
1553744185,34.2139376991852,117.142079874776,38.6641608811915,1.83986212321569,3.09210366131977,-0.0373405303807626,-0.653208,1.159845,32.104393
1553744186,34.2139645110797,117.142099937729,38.6473298994824,1.84403097214701,2.90279992111275,-0.0221447905913428,-0.700852,1.114129,33.363022
1553744187,34.2139898604936,117.142119122139,38.6289953226224,1.67700538813233,2.76042708914873,-0.040400664214949,-0.879739,1.207818,32.73273
1553744188,34.2140169380076,117.142138231872,38.6008465774357,1.79598389850964,3.17128853387865,-0.0310784681714114,-0.592925,1.322518,30.420511
1553744189,34.2140448236375,117.142157419785,38.5742489239201,1.74442817223801,3.05256245578906,-0.0432065435947431,-1.256303,1.448273,30.72645
1553744190,34.2140717042789,117.142176286174,38.5390944937244,1.70440149794626,2.92649703762724,0.00525571665445002,-0.732231,1.447361,31.074165
1553744191,34.2140978094002,117.14219422323,38.5255293911323,1.60782801762333,2.89571112940237,0.0345271024078286,-0.239218,1.219602,30.275345
1553744192,34.214125020474,117.142212388262,38.5431788899004,1.79315893844138,3.12769758658411,-0.0434376376395911,-0.066667,1.635281,29.859767
1553744193,34.2141537019156,117.142231607394,38.5539347240701,1.8115541267626,3.12746666902276,0.00314324053966497,-0.60201,0.581494,30.978589
1553744194,34.214181383887,117.142251389368,38.5445627234876,1.84208653282341,3.01574273554909,-0.0335105740559345,-0.75134,0.230167,32.757355
1553744195,34.214207279327,117.142271877627,38.5331978648901,1.9434317697129,2.75561235063345,-0.0279737288714064,-0.931921,0.373698,35.771018
1553744196,34.2142303827799,117.142294221786,38.5042437547818,2.19817357988908,2.41729548149177,-0.0212712913828608,-1.127199,0.480955,43.051016
1553744197,34.2142512883918,117.142318046464,38.4674796825275,2.21143781296863,2.24484746804815,-0.0664352660138736,-1.299647,0.438129,45.105491
1553744198,34.2142716367054,117.142341168794,38.4273747391999,2.05115926307864,2.26438746103867,-0.0329257312378493,-1.152894,0.66821,43.464276
1553744199,34.2142915061658,117.142363316435,38.3960297796875,2.01361034108307,2.16851423556559,-0.046651949934612,-1.395606,0.957462,43.994945
1553744200,34.2143103797062,117.14238472585,38.3493121722713,1.9346764728933,2.01877574020627,-0.0683041432695248,-1.433915,1.075454,44.759429
1553744201,34.2143282018485,117.142404531004,38.3069429714233,1.68219985311554,1.97833131707023,-0.0675118810079564,-1.42169,1.24742,41.708212
1553744202,34.2143467615814,117.142421642114,38.2722944263369,1.42063304312131,2.09710912385086,-0.0483433496291619,-1.565152,1.29134,36.041197
1553744203,34.2143674355202,117.142438433897,38.2253116052598,1.66413892400339,2.53206357074508,-0.0459969055751868,-1.283792,1.487735,34.550183
1553744204,34.2143905811877,117.142457028166,38.1823644023389,1.75040115187343,2.58951430667406,-0.0540135450655441,-1.450815,1.127487,35.46604
1553744205,34.2144142265265,117.142477062862,38.1343768332154,1.96018176923056,2.75996312992873,-0.0485896389179468,-1.285949,1.073725,36.063372
1553744206,34.2144403608509,117.14249901269,38.0804963950068,2.02327389546393,2.98871399216058,-0.0577703816657336,-1.583803,0.909316,35.41544
1553744207,34.2144679874139,117.142521361755,38.0179338045418,2.13463314352783,3.08625228772077,-0.0447119569105479,-1.512785,0.769091,35.012628
1553744208,34.2144960480407,117.142544640249,37.9610343053937,2.24487720801721,3.13839688277399,-0.0360323066066988,-1.664267,0.256824,36.591374
1553744209,34.2145244689874,117.142570251738,37.89337325003,2.42518515472702,3.16233861315762,-0.081911299733562,-1.48823,0.906142,38.709682
1553744210,34.2145526004918,117.14259753053,37.8284711940214,2.55083856507015,3.12547631216617,-0.0508176843133208,-1.228054,0.802568,40.716052
1553744211,34.2145802893994,117.142625902731,37.7681933259591,2.66434930029329,3.06680613469979,-0.0801307568563201,-1.575851,0.485057,42.13368
1553744212,34.2146074907766,117.142654986542,37.6914149131626,2.67945551576866,3.038033016737,-0.0876100920716181,-1.642998,0.289769,43.016644
1553744213,34.2146345383724,117.142684239974,37.6059349421412,2.69289469376289,3.04086737386266,-0.0882200820748842,-1.864031,0.35625,43.058742
1553744214,34.2146615414674,117.14271372121,37.5206023752689,2.70131558826996,3.02827439490477,-0.0874830368347643,-2.035127,-0.008747,43.787774
1553744215,34.2146882302657,117.142743676126,37.4331910628825,2.77059131741701,2.96350901602369,-0.0722638484985443,-1.593651,0.085673,44.411666
1553744216,34.2147145404904,117.142774005465,37.363078837283,2.81426362098819,2.90922883163348,-0.0902489710465113,-1.581997,-0.066928,45.37086
1553744217,34.2147401138985,117.142805009314,37.2922349255532,2.88961056846481,2.78755836735737,-0.090934653418711,-1.528526,0.318085,47.054824
1553744218,34.2147647602817,117.14283641857,37.2303475486115,2.88560100710805,2.71795676902919,-0.0863876696375117,-1.441452,0.486108,47.98871
1553744219,34.2147887097449,117.142867667956,37.1665550321341,2.87479854438675,2.5972187814813,-0.0528765573070398,-1.621759,0.587472,48.860396
1553744220,34.2148121533509,117.142898706441,37.0892512025312,2.832880006495,2.61648659645122,-0.107887716594651,-1.882267,0.497109,48.107047
1553744221,34.2148358845709,117.142929214079,37.0005975179374,2.78677056479393,2.63217359657583,-0.091831240257414,-1.890447,0.27759,48.004212
1553744222,34.2148592510264,117.14295963586,36.9216544479132,2.79004282150265,2.57113758095409,-0.0429720139980707,-1.669656,0.41231,48.752205
1553744223,34.2148817948938,117.142990235749,36.8506361320615,2.85356787501738,2.45203983564773,-0.0723396645377621,-1.458194,0.177755,50.744236
1553744224,34.214902433339,117.143021752892,36.7970170900226,2.92559579277234,2.1923008912989,-0.0371491496918874,-1.593063,0.335756,53.972502
1553744225,34.2149219357104,117.143053122321,36.7348824618384,2.89176392854031,2.13066431686432,-0.044316480390906,-1.551612,0.552968,54.108316
1553744226,34.2149410954245,117.143084174378,36.6681810999289,2.85906499132473,2.13618908544958,-0.0880089006148417,-1.710063,0.347824,54.714641
1553744227,34.2149600515447,117.143115512419,36.5902329580858,2.91562881631255,2.10650314440247,-0.0799193850725298,-1.762004,0.358388,55.089028
1553744228,34.2149796118137,117.143147441429,36.516877300106,3.0145028361777,2.26740453422553,-0.0817944304343641,-1.804792,0.427032,54.127864
1553744229,34.2150010050665,117.143181174489,36.4361632438377,3.13587191816216,2.44316500521761,-0.0895157537085374,-1.771379,0.498837,53.227966
1553744230,34.21502321058,117.143215140496,36.3634388018399,3.11341803452218,2.51004212608206,-0.0864966334924775,-1.619996,0.561759,52.505122
1553744231,34.2150456924209,117.143249054756,36.2936546131968,3.10840052810124,2.51611407479924,-0.0705274379027281,-1.666521,0.497745,52.544766
1553744232,34.2150680152824,117.14328308369,36.2320219743997,3.11723238880823,2.51473751001139,-0.0578315649679768,-1.512975,0.535364,52.888049
1553744233,34.2150901272261,117.143317101761,36.1674511721358,3.11913069901373,2.43219080414945,-0.0733728470279633,-1.445676,0.732899,52.965838
1553744234,34.2151120185787,117.143350895056,36.1032986156642,3.11124041724255,2.39794724639985,-0.0621375055807531,-1.409465,0.713318,53.193445
1553744235,34.2151336188849,117.143384492299,36.0386089030653,3.10558605117556,2.3744411168538,-0.043573631221604,-1.731703,0.704434,53.380326
1553744236,34.2151551577813,117.143417974171,35.9572619497776,3.1121996375229,2.38244112407477,-0.0802353196521643,-1.685323,0.301298,53.443571
1553744237,34.2151766542368,117.143451523412,35.879282599315,3.12445544555078,2.34603289488073,-0.0729302742734765,-1.617614,0.249979,53.729715
1553744238,34.2151979321892,117.143485163061,35.8049375871196,3.06910392125535,2.37751360804211,-0.0640949616556563,-1.721695,0.398947,53.731509
1553744239,34.2152193231904,117.1435185321,35.7263789856806,3.04968569400273,2.40105361422442,-0.0791499173398671,-1.623946,0.233173,53.38181
1553744240,34.2152407541516,117.143551745426,35.6555298585445,3.02435919057754,2.37717257862742,-0.115165176121439,-1.643639,0.36223,53.281459
1553744241,34.2152618226016,117.143585209105,35.5797959566116,3.11850986437182,2.25573625965635,-0.0646231590626221,-1.705694,0.274606,54.888919
1553744242,34.2152819471832,117.14361941366,35.5050943857059,3.18776212637841,2.17565475055779,-0.0571142014103224,-1.472487,0.31528,56.435832
1553744243,34.2153019135692,117.143653640045,35.4455297831446,3.10884043717093,2.23771639584915,-0.0434565065183656,-1.619759,0.775346,55.106449
1553744244,34.2153226090022,117.143687663365,35.3790754089132,3.18834618451718,2.36612325213569,-0.0508956125572908,-1.604408,0.904419,54.794699
1553744245,34.2153438418703,117.143722603485,35.3049779031426,3.24349150465362,2.36864339389686,-0.0652712171521894,-1.841546,1.069481,54.794781
1553744246,34.2153656373404,117.143757727784,35.2226886712015,3.1910083936324,2.48741209496645,-0.0727633258049194,-1.704879,1.727061,53.133364
1553744247,34.215388549324,117.14379199463,35.153887109831,3.10060447670521,2.62300294051806,-0.0800965234526401,-1.51364,1.900761,50.980136
1553744248,34.2154125458605,117.143825239128,35.0948951179162,2.97066262499287,2.72948826914137,-0.0855298608095834,-1.293549,1.721287,48.929414
1553744249,34.2154372452365,117.143857458826,35.0439594425261,2.93185280220035,2.77550852284906,-0.0660650120882245,-1.313406,1.412854,47.889551
1553744250,34.2154624917693,117.143889162531,34.9980223542079,2.91156755165063,2.85927454094542,-0.0434222486350333,-1.202304,1.367623,46.708037
1553744251,34.2154887150771,117.143920575532,34.9670281643048,2.90639181687052,2.95991155161801,0.0557782522702408,-1.402981,1.163372,45.549483
1553744252,34.2155155624782,117.143951983798,34.9284821655601,2.90067890062906,2.97557708345127,-0.0526206792531769,-1.050985,1.20355,45.420648
1553744253,34.2155425899888,117.143983747369,34.8925675004721,2.92096159111208,3.01651311700107,-0.0434626070142774,-1.05602,1.130158,45.557004
1553744254,34.2155697007166,117.144015593653,34.8608630225062,2.91986500450085,3.06400267325058,-0.0403853166946728,-0.960784,1.259329,44.92493
1553744255,34.215597213621,117.144047428294,34.8275753445923,2.92785214536328,3.06953181360774,-0.0289527225246839,-0.850368,1.23291,45.020775
1553744256,34.2156246667499,117.144079640541,34.8004834568128,2.99694172466834,3.04664090240364,-0.0166286121815147,-1.015208,1.102174,45.558743
1553744257,34.2156518715741,117.144111866191,34.7676606383175,2.91261773092541,3.02145904704581,-0.00449227380364614,-1.068065,1.40247,44.828908
1553744258,34.2156791734638,117.144142812048,34.7261186931282,2.76522226223647,3.01730839047628,-0.0837491324925981,-0.832166,1.886017,43.312749
1553744259,34.2157072272258,117.144172513993,34.7041972493753,2.68417799367385,3.16422784524298,-0.0259353362423724,-0.994293,1.423085,41.502864
1553744260,34.2157364553592,117.144200963061,34.6720994124189,2.57006905579214,3.32533737575785,-0.0156647964433008,-1.112298,1.379401,38.767858
1553744261,34.2157675636879,117.144229182263,34.6409508567303,2.6359030046087,3.55626242145632,-0.0298150973913434,-0.886294,1.416428,37.408404
1553744262,34.2158001824671,117.144257726729,34.6159377600998,2.60251878729831,3.62628386713449,-0.0545369298684693,-0.911176,1.539511,36.644608
1553744263,34.2158324120502,117.144285793141,34.5886153448373,2.58568853113945,3.54015718463624,-0.0256890638656873,-0.789699,1.193763,37.670791
1553744264,34.2158633148257,117.144314515284,34.5625499309972,2.69197542387995,3.3568446368103,-0.0246455177327709,-1.048813,0.871277,39.732297
1553744265,34.2158930472818,117.144343962714,34.5317759718746,2.70973247200835,3.25839864242455,-0.0221408488854877,-0.951078,0.939439,40.639147
1553744266,34.2159227775897,117.144372773368,34.5120243709534,2.60888533937596,3.32561966830892,-0.00362046212937317,-0.88808,0.841483,39.167043
1553744267,34.215952682498,117.144400974207,34.4869113527238,2.62236981253819,3.3193914987315,-0.0158001404260897,-0.991893,0.892134,39.107849
1553744268,34.2159824266101,117.144429324621,34.4595762863755,2.62326461974842,3.273815352593,0.00676549351599243,-0.936284,1.001042,39.485551
1553744269,34.2160120752215,117.144457863234,34.4371514003724,2.65760025369104,3.28471467202611,-0.0270446844629697,-0.825206,1.064131,39.684055
1553744270,34.2160413226741,117.14448647147,34.4197031911463,2.57996131170572,3.22102625193487,-0.038308151196748,-0.838674,1.039754,39.812372
1553744271,34.2160699891184,117.144514119598,34.4027807777748,2.49529785359059,3.12240832413818,-0.035551079009819,-0.910725,1.081169,39.444864
1553744272,34.2160978475902,117.144540763057,34.3789486568421,2.41250841973875,3.003660755591,-0.00319217984556186,-0.79049,1.233157,39.614332
1553744273,34.2161243741479,117.144566402134,34.3589837113395,2.32460588378768,2.87339105413242,-0.00901859698058094,-0.848355,1.171717,39.761548
1553744274,34.2161497562459,117.144590863744,34.3389825886115,2.16442120185088,2.78152842260112,-0.00908268905978815,-0.910197,0.997607,39.071384
1553744275,34.2161742468058,117.144613838876,34.3203678689897,2.0362260818501,2.66881931797318,0.00194720480675081,-0.929016,1.258196,38.004744
1553744276,34.2161979387621,117.144634998223,34.3022063709795,1.85262577409493,2.57731210072266,-0.0857792319136395,-0.780406,1.107513,36.93171
1553744277,34.2162207791887,117.144654913974,34.2860181108117,1.8006603438691,2.48970594886417,-0.0280822756841721,-0.804454,1.000146,36.699811
1553744278,34.2162445922084,117.144675758401,34.2712289495394,2.02392421332303,2.75547223232166,-0.018776464764731,-0.938707,1.006032,37.156221
1553744279,34.2162698752527,117.144698481735,34.2531650075689,2.16052159275913,2.80735774770798,-0.00615821447671538,-0.771864,0.865889,38.108329
1553744280,34.2162954003959,117.14472222565,34.2382905865088,2.20384618488254,2.83477878703412,-0.0340326601962677,-0.964797,0.815877,38.903899
1553744281,34.2163216312357,117.144746936137,34.2150023654103,2.33795129996012,2.99821503691484,-0.0218474582632542,-1.014378,1.030101,38.555971
1553744282,34.2163487619549,117.14477218708,34.1871916335076,2.30564947950052,2.93050510738185,-0.00230071463902703,-0.870779,0.745448,38.828906
1553744283,34.2163749955763,117.144796518291,34.1723441528156,2.18424882304942,2.85487555492135,-0.02979337039862,-0.890688,0.566052,38.523928
1553744284,34.2164003080147,117.144820213001,34.1494917795062,2.17918931116044,2.7552296533434,-0.027303909267997,-1.145724,0.85896,38.778191
1553744285,34.2164265077173,117.144844239201,34.1241747606546,2.33284132842345,3.06938283030648,-0.00379175675765442,-1.094512,0.592445,37.875449
1553744286,34.2164551668953,117.144869831545,34.087118986994,2.38850361458338,3.22965944811746,-0.0260831805521746,-1.203344,0.673345,37.358822
1553744287,34.2164843603332,117.144895645968,34.0500535517931,2.36112624233614,3.18955128137355,-0.0417910425803032,-1.151529,0.588717,37.430944
1553744288,34.216513138755,117.144921510942,34.013111429289,2.36407183589105,3.17426130945964,-0.0299748897287093,-1.106719,0.746003,37.694372
1553744289,34.2165413978544,117.144947080588,33.9826372228563,2.35533613112808,3.11467400992335,-0.0419347267859009,-1.105512,0.761694,38.183927
1553744290,34.216568737108,117.144972901115,33.9528316278011,2.38691907321724,2.99263756924518,-0.0509776132638096,-1.174652,1.076321,39.592492
1553744291,34.2165953561271,117.144998829149,33.9142518844455,2.3997471142037,2.9019858574018,-0.0421529513906447,-1.276637,0.984633,40.038294
1553744292,34.2166216587414,117.145024440045,33.8703793892637,2.34973493166577,2.91208224758604,-0.0445503558227001,-1.284347,0.761499,39.804875
1553744293,34.2166480233587,117.145049614691,33.825285917148,2.28733268745773,2.95683073262297,-0.0392198355901687,-1.301454,0.872799,38.889346
1553744294,34.2166744098003,117.145074561073,33.7837471365929,2.28575744156655,2.9405441027252,-0.0757317519352751,-1.283121,0.822189,38.846535
1553744295,34.216700726527,117.145099516637,33.7429117560387,2.30791749503816,2.93256923301885,-0.00353972428624605,-1.125996,0.671808,38.632142
1553744296,34.2167270761073,117.145124243689,33.7091669561341,2.25669502202955,2.92102379048839,-0.0363537198631809,-1.295117,0.710839,38.774152
1553744297,34.2167534393881,117.145148811055,33.6714103305712,2.22502670152378,2.93317267956612,-0.0382126857618514,-0.984197,0.695448,38.666581
1553744298,34.2167797811038,117.145173289317,33.6513994680718,2.28446647607085,2.88525113139807,-0.0121995276377,-1.155135,1.008844,38.84846
1553744299,34.2168061876502,117.145197822547,33.6190363634378,2.28106624836987,2.90169349270534,-0.0221505065244598,-1.256581,0.801583,39.127653
1553744300,34.2168327229264,117.145222541234,33.5852377247065,2.26935960957814,2.95272640729581,-0.0313962748323617,-1.169626,0.727171,39.106768
1553744301,34.2168594669836,117.145247305234,33.5493938177824,2.27195857627902,2.97365743398483,-0.0603961338081445,-1.384063,0.848398,38.647068
1553744302,34.2168864489711,117.145272183127,33.5067498581484,2.31161437314715,2.97944085175535,-0.0386678257834869,-1.426878,0.830765,38.651867
1553744303,34.2169134789296,117.145297332895,33.4669522391632,2.31152454366688,2.98433392256423,-0.0245218812092352,-1.239512,0.775388,38.707767
1553744304,34.2169410113639,117.145321893381,33.4341082070023,2.2272157712909,3.08991400017669,-0.0321773153811717,-1.103308,0.888531,36.981613
1553744305,34.2169688403718,117.145346436537,33.4009032193571,2.24795488248815,3.09661989117869,-0.047371888859985,-1.215654,0.860361,37.623223
1553744306,34.2169964198916,117.145371585335,33.3603816106915,2.34207612473779,2.97210865316122,-0.0492197088310786,-1.204779,0.31476,38.952287
1553744307,34.2170232956107,117.14539775378,33.3155179526657,2.40395228728329,3.00975139425597,-0.0423313741764872,-1.098756,0.711462,39.467354
1553744308,34.2170507135409,117.145423973967,33.2764613134786,2.43605567616679,3.01669024981176,-0.0258588342010841,-1.145415,0.775361,39.785705
1553744309,34.2170777987044,117.145450119165,33.2365590753034,2.43357134910306,2.97641038161209,-0.0235314482447597,-1.173044,0.669975,40.063168
1553744310,34.2171045205939,117.145476334961,33.1936742439866,2.38006780805281,2.98634379433669,-0.0363589204654187,-1.108601,0.942082,39.907096
1553744311,34.2171311029833,117.145502243764,33.1539845271036,2.35554105366609,2.94064061406549,-0.0758493467486347,-1.13293,0.872369,39.838324
1553744312,34.2171587041714,117.145526713014,33.1170505424961,2.23249004156978,3.17539772321013,-0.0156049262629396,-1.310001,0.540192,35.759255
1553744313,34.2171883692552,117.14554992587,33.0688889492303,2.06967080768032,3.35343115864739,0.00179221892533055,-1.160896,0.87507,32.504452
1553744314,34.2172188083824,117.14557131368,33.0278414944187,1.89930232584432,3.35251439232688,-0.0555420946984233,-1.090865,0.819421,30.40539
1553744315,34.2172500424944,117.14559226545,32.9851574664935,1.97853561234852,3.56407418055691,-0.0269827010562469,-1.114467,0.753077,30.260587
1553744316,34.2172821300703,117.145614324692,32.9437461551279,2.07746521470203,3.57069678391393,-0.0331626152429183,-1.090519,0.781774,31.267941
1553744317,34.2173137198991,117.145637205993,32.8981697158888,2.1078373002439,3.45513375284331,-0.0535038845638203,-1.146914,0.883748,32.492886
1553744318,34.2173449077119,117.145659924411,32.8523739436641,2.08431372388219,3.50063286664459,-0.0439412494590388,-1.030474,0.426894,32.119923
1553744319,34.2173762760227,117.145682023103,32.8038122653961,1.95038696458578,3.46038199087606,-0.0469911225070572,-1.445831,0.612155,30.589672
1553744320,34.2174078086509,117.145702464383,32.7408976182342,1.82222673422069,3.52914644040757,-0.0769748741471685,-1.190056,0.68771,28.517382
1553744321,34.2174393162192,117.145722393911,32.699855661951,1.82864070891501,3.49705100294725,-0.0635644592868141,-1.181737,0.601008,28.9554
1553744322,34.2174705852927,117.14574253021,32.6621522596106,1.82540531932362,3.45729048344012,-0.0246563034420835,-1.090083,0.792901,29.017819
1553744323,34.2175019824334,117.145762172316,32.6249004499987,1.78618466241022,3.497883465779,-0.0132140682744271,-1.10611,0.603281,28.153361
1553744324,34.2175335860289,117.145781393759,32.585983668454,1.77436501169038,3.50459218918497,-0.0390818729422762,-0.984497,0.185086,27.816992
1553744325,34.217565320232,117.145800339142,32.5506607377902,1.73179190741259,3.52130421374647,-0.0174190605833351,-0.96874,0.379405,27.061314
1553744326,34.2175969890088,117.145818598951,32.5242335814983,1.67573505987378,3.50124431790353,-0.0128154382696664,-1.021587,0.427361,26.407351
1553744327,34.2176284454819,117.145836663428,32.4950944082811,1.64641602877766,3.49403361026405,-0.0413326811270389,-0.975499,0.652666,26.412815
1553744328,34.2176601560813,117.14585430229,32.4689623946324,1.57141715798288,3.57766941741034,-0.0540615882467219,-0.897638,0.736568,25.030956
1553744329,34.2176928545896,117.145871345897,32.4452914362773,1.52126603786671,3.67846402681342,-0.0315601880999827,-1.069535,1.011575,23.620231
1553744330,34.2177262778623,117.145887657336,32.4154343632981,1.48462420501335,3.73062299381389,0.000218896216626963,-1.162143,1.051055,22.561598
1553744331,34.217760135264,117.145903370076,32.3841195339337,1.40921731246075,3.75110790927127,-0.00678374995421693,-0.796731,0.871828,21.394945
1553744332,34.217793713967,117.145917798067,32.3698143428192,1.30597863185817,3.67822380238071,-0.0116392753146721,-0.725625,0.98649,20.259573
1553744333,34.2178265342214,117.145931104486,32.3565240995958,1.20223829535087,3.59240174352774,-0.01880942026389,-0.746851,0.905116,19.155065
1553744334,34.2178589338918,117.145943447281,32.3407081132755,1.10385393974905,3.66639691654177,-0.0226964771164424,-0.686205,0.751311,18.174152
1553744335,34.2178927606003,117.145955731593,32.3286347491667,1.09862295468377,3.82026495336138,-0.0408936371657322,-0.700713,0.722067,17.445797
1553744336,34.2179271287633,117.145967611565,32.3207151200622,1.04361726912785,3.77252665176056,-0.0204855396421655,-0.740967,0.630631,16.630193
1553744337,34.2179608985595,117.145978638593,32.3072597365826,0.976884824620553,3.68707293741218,-0.0139711713451558,-0.737585,0.752102,15.56263
1553744338,34.2179938861301,117.145988436591,32.3004757063463,0.897603772901903,3.60679702140891,-0.000844528314892123,-0.617445,0.606588,14.795286
1553744339,34.2180258954499,117.145997819914,32.2967717647552,0.840591529828315,3.51392198573836,0.0148039901880228,-0.43815,0.186086,14.908217
1553744340,34.2180569113553,117.146007190418,32.3057341920212,0.864504350411113,3.42545929726424,-0.0169360829659728,-0.295127,0.790939,15.044069
1553744341,34.2180891106448,117.146016972139,32.3119477350265,0.931810000677867,3.53109053139626,0.0286841719488886,-0.438125,0.734588,15.109351
1553744342,34.2181202138431,117.146026450357,32.3173448797315,0.8131488987763,3.40156978957844,0.0110830973181735,-0.340694,0.998617,15.043299
1553744343,34.2181511008273,117.146035058036,32.3260023482144,0.739657490887209,3.45472009667072,0.0111736222365244,-0.456026,1.185472,13.138449
1553744344,34.2181824433901,117.146042984804,32.3314816365018,0.731442292441205,3.50012846026224,0.00842226160985904,-0.417456,1.09136,12.780889
1553744345,34.2182139363831,117.146050693687,32.34265622776,0.685468085932985,3.48615036591089,-0.0119218046776874,-0.404099,1.131824,12.117639
1553744346,34.2182455102919,117.146057942284,32.3513039164245,0.678397685500913,3.50245415022789,0.0423498035227432,-0.42763,1.169931,11.42914
1553744347,34.2182772401426,117.146064556529,32.355856618844,0.531459901108566,3.53602164051028,-0.0123422589761664,-0.484909,1.035238,10.273983
1553744348,34.2183090978203,117.146070249457,32.3609002707526,0.493542360795184,3.51496686211696,0.0150630780509697,-0.536665,0.969657,8.909565
1553744349,34.2183410028719,117.146075107977,32.3653316264972,0.420439089685009,3.53342326918241,-0.00140451598264724,-0.464826,0.562723,8.082227
1553744350,34.218372920408,117.146079724099,32.3677285732701,0.397782185991055,3.54433275691189,-0.0121095330021286,-0.502254,0.631863,7.488438
1553744351,34.2184048292524,117.14608378189,32.3715451732278,0.382748397867359,3.52742299857415,0.00920070976285636,-0.26714,0.584318,6.795445
1553744352,34.2184368300412,117.146087379144,32.376370835118,0.274895740878861,3.60381210421545,0.016020273307209,-0.326931,0.441756,6.08442
1553744353,34.2184692428283,117.146090329157,32.3780141221359,0.264195016098618,3.61390263193654,0.0189673495993583,-0.319087,0.39183,4.924763
1553744354,34.2185019580289,117.146092849571,32.3765670740977,0.231953819895679,3.6348165184084,-0.0153395873874029,-0.440957,0.435632,4.659181
1553744355,34.218534655815,117.146095354888,32.3797408044338,0.187671178385927,3.5898216061181,0.00814647475437025,-0.330217,0.419779,4.68479
1553744356,34.2185666749464,117.146097748568,32.3851390127093,0.230681399855677,3.50636019586933,-0.00427417639313932,-0.415633,0.867351,4.343953
1553744357,34.2185994015052,117.146099720309,32.3871801365167,0.151686519170204,3.71730895809954,0.0127400916384424,-0.454376,0.721303,3.318591
1553744358,34.2186333575826,117.146100986834,32.3913966007531,0.0561981931599104,3.80062796351746,-0.0101904864783595,-0.532645,1.001097,2.18157
1553744359,34.2186676969863,117.14610163979,32.3935513012111,0.0348419142496478,3.8142279583387,-0.0141817784072724,-0.462668,1.057948,1.719384
1553744360,34.2187020794376,117.146102030785,32.3975779823959,0.0503575431062486,3.83470882913639,0.0161651970517758,-0.540456,0.74438,1.640845
1553744361,34.2187376891539,117.146103352457,32.4005915373564,0.251469031819211,4.11687739645632,0.0120344747678165,-0.405774,0.66365,4.262329
1553744362,34.2187755098352,117.146107334259,32.4057398065925,0.455595794022767,4.29838278650652,0.00654928494003748,-0.585135,1.125522,6.939987
1553744363,34.2188148747911,117.146112564893,32.4044027300552,0.494879831975673,4.41256511532509,-0.0137497243540512,-0.613104,1.036433,7.372
1553744364,34.2188550906241,117.146117534279,32.4047638233751,0.431017964338286,4.50453197457647,0.0377386332009957,-0.376768,0.826172,6.696845
1553744365,34.21889570599,117.146121826221,32.4128684485331,0.337723126049143,4.50196633031201,0.0148408513432443,-0.475261,1.045759,5.274144
1553744366,34.2189365208106,117.146124848457,32.415117001161,0.225353242273253,4.53121379621934,-0.00504471490609903,-0.554122,1.345681,3.691294
1553744367,34.2189773378429,117.146126584408,32.418786210008,0.136396858283817,4.49064236300236,0.0154940200998506,-0.36111,1.110768,2.842031
1553744368,34.2190177557335,117.146127827158,32.4253236502409,0.0848792855721162,4.4668874776808,0.00952725664799647,-0.621574,1.291557,2.059695
1553744369,34.2190580344001,117.14612883667,32.4243428213522,0.117072517221713,4.46479856263863,0.00904548347792122,-0.409237,1.358292,2.356945
1553744370,34.2190983259058,117.146130282953,32.4248273801059,0.155446616955374,4.47477757373948,-0.026963212630398,-0.672934,1.299924,3.066077
1553744371,34.2191385004824,117.146132198944,32.4283829862252,0.18269175977288,4.45623129777216,0.0180925859649204,-0.561345,1.155778,3.441133
1553744372,34.2191786371522,117.146134386557,32.4310116358101,0.197773877200446,4.44439318821518,0.0248330836516741,-0.455807,1.013637,3.70643
1553744373,34.2192181995373,117.146135909881,32.4366236748174,0.0433171925508933,4.25113476572784,0.0191526616845441,-0.999516,0.9633,1.633981
1553744374,34.2192559498373,117.146134639837,32.4408386563882,-0.234482574240064,4.04822295229039,-0.00434176542691844,-0.397007,1.105964,357.381954
1553744375,34.2192918520409,117.146130113909,32.4566427040845,-0.55848369132243,3.88739135904395,0.0169819950921761,-0.419189,1.051811,352.851508
1553744376,34.2193267259287,117.146122334031,32.4712430387735,-0.837130894806955,3.81029883520775,0.0200910769779123,-0.414246,1.126705,348.603379
1553744377,34.2193610066905,117.146111710708,32.4865643326193,-1.11046452112384,3.80467066739273,0.0248124969829109,-0.279876,1.342089,344.56596
1553744378,34.2193949583459,117.146098536347,32.5093333357945,-1.34640203093133,3.76719723655761,0.0283469923748585,-0.00703,1.241049,341.910336
1553744379,34.219428920838,117.146083284099,32.5392280491069,-1.49032264800735,3.68537726884743,0.0152902288739978,-0.120427,1.21384,339.317364
1553744380,34.2194611363404,117.146067500804,32.5659978147596,-1.39042815861114,3.46528942868062,0.0063805341162495,-0.285883,1.37177,338.709938
1553744381,34.2194927604445,117.146051786848,32.5860934117809,-1.48258447641351,3.55154575947084,0.0146965534182513,-0.255781,1.194633,338.268449
1553744382,34.2195242341987,117.146035591546,32.6040405621752,-1.51087315887636,3.45354154882912,0.0147671357375425,-0.372182,1.127739,337.337802
1553744383,34.2195550738832,117.146018553165,32.6116040544584,-1.65392657861255,3.37764946640999,0.0089974784946707,-0.536418,1.20359,335.165285
1553744384,34.2195851937742,117.145999825656,32.6192093258724,-1.81183254351744,3.26431163445128,-0.0110628855695372,-0.304012,1.265827,332.125361
1553744385,34.21961586254,117.145977965936,32.6333154989406,-2.14184744600181,3.46698882535618,0.0145603197379247,-0.406626,1.385273,328.829559
1553744386,34.2196464541651,117.145953237226,32.6475579990074,-2.36203718703264,3.29916260167328,0.0248285077146342,-0.183827,1.147491,325.417213
1553744387,34.219674951968,117.145927187388,32.6743455501273,-2.43554095230835,3.02754898025741,0.0187734325902331,-0.198253,1.273705,321.959217
1553744388,34.2197014296221,117.145899580199,32.7016614135355,-2.65440713634339,2.92568676589617,0.076083522455985,-0.180277,1.027228,318.994994
1553744389,34.2197267426604,117.145871558303,32.7179951509461,-2.54877928323284,2.73914098085447,0.206341591461102,-0.183429,0.545019,318.39753
1553744390,34.2197502012984,117.145845451956,32.7718375818804,-2.49237655606039,2.60142454207946,0.159888882250215,0.35032,1.280268,317.316195
1553744391,34.2197743107885,117.145816288892,32.8102129492909,-2.78150991832269,2.64393413622691,0.00136292573265617,-0.136932,0.996605,314.671487
1553744392,34.21979676385,117.145785677164,32.8555851317942,-2.85276838423411,2.28926712165563,0.097865170621896,0.088233,1.000044,310.030887
1553744393,34.2198158715694,117.145754576066,32.9060224564746,-2.87386710815553,2.02941671641331,0.0371703619028027,0.101708,1.115606,305.993942
1553744394,34.2198338862769,117.145722040637,32.9551363009959,-3.09410458003511,1.95235444690317,0.0615707841687357,0.351394,0.940487,303.334477
1553744395,34.2198512262908,117.145687393665,33.0093817226589,-3.29034180113502,1.85785267051787,0.0387077040545016,0.270703,1.266867,300.802352
1553744396,34.2198675878121,117.145651160345,33.0880798185244,-3.39862293587456,1.76497520745047,0.0347944942849051,0.15596,1.322317,298.540388
1553744397,34.219882672449,117.1456137804,33.1367639442906,-3.44278641117351,1.59593416570916,0.0664068201410353,0.193067,1.150143,295.327305
1553744398,34.2198959629447,117.14557590706,33.1917887059972,-3.49888341708181,1.39506745759636,0.05946110010358,0.312717,0.891249,292.672487
1553744399,34.2199079534069,117.145537617055,33.2472477825359,-3.56766790350334,1.25534546628237,0.0604110138663637,0.344153,1.068036,290.679957
1553744400,34.2199189173059,117.145498912599,33.2994357915595,-3.57971211131175,1.14627748734538,0.0358486001555787,0.321745,1.095355,288.820373
1553744401,34.2199285561306,117.145459674615,33.3543640067801,-3.62291724870957,0.997289648832604,0.0735388695452895,0.332444,1.011959,286.159715
1553744402,34.2199367772133,117.145420582531,33.4058083891869,-3.5694552978365,0.865925576234263,0.0621994627817348,0.400261,0.937766,284.603729
1553744403,34.2199446447412,117.145381068275,33.4295654837042,-3.72232232891925,0.861723426947401,0.0488181838990095,0.349443,0.962892,284.16993
1553744404,34.2199525482732,117.145340604474,33.4901267550886,-3.7250827844441,0.852500633210634,0.051709954686305,0.477492,1.107022,283.901628
1553744405,34.2199601973406,117.145300090169,33.5530717121437,-3.7350299830205,0.880421756696635,0.0835616914209972,0.341009,1.073481,283.705727
1553744406,34.2199678242253,117.145259600614,33.6089657070115,-3.69494500976273,0.827405874098508,0.0139245946717158,0.438202,0.649985,284.00496
1553744407,34.2199752996125,117.145219624345,33.6664528958499,-3.67938080645856,0.80342542627329,0.0616316921876539,0.436789,0.531597,283.523298
1553744408,34.2199824550479,117.145179810518,33.7281138822436,-3.66911381167565,0.755227047053139,0.0311439299117529,0.562365,0.715249,282.947893
1553744409,34.2199892796139,117.145140326987,33.761943904683,-3.56865812898297,0.811843190114039,0.0368075143041306,0.451781,0.149974,282.988022
1553744410,34.2199958663816,117.145102765637,33.8292247271165,-3.37215915031393,0.712433432731669,0.11006938211968,1.066528,0.786583,282.716798
1553744411,34.2200021242685,117.145066434155,33.9039138369262,-3.3980365566269,0.709327431383065,0.0470654322695722,0.41572,0.69163,282.800837
1553744412,34.2200085608738,117.145028891864,33.9636792121455,-3.52021491304498,0.716316310377121,0.0616839481826536,0.329683,0.604306,282.67487
1553744413,34.2200151208315,117.144990549307,34.0264420490712,-3.5556961775312,0.739480397158376,0.0418501530279883,0.516369,0.326366,282.993554
1553744414,34.2200222538633,117.14495196307,34.089979342185,-3.55257424379096,0.819259313199355,0.0436854677116195,0.408666,0.500737,283.805278
1553744415,34.220029329426,117.144913192117,34.1522209150717,-3.57073371574028,0.793521010053223,0.0584135076820879,0.386704,0.372621,283.504591
1553744416,34.2200360530247,117.144874292671,34.213188408874,-3.59418335299308,0.706671369099875,0.0758656784185259,0.374409,0.246288,282.476366
1553744417,34.2200427224974,117.144835256794,34.2758712600917,-3.62065299573219,0.740998731223736,0.0556216218779915,0.337467,0.20487,282.786333
1553744418,34.2200497020866,117.144795669481,34.3413191884756,-3.62510253374093,0.78693193137164,0.0841056196266967,0.31038,-0.093832,283.435532
1553744419,34.2200570689172,117.144756147511,34.4111784659326,-3.62330045404405,0.813308196263559,0.100446989077225,0.601542,0.02906,283.770761
1553744420,34.2200641435935,117.144717347068,34.4771213335916,-3.52544285754776,0.729920331919134,0.0541291715855222,0.355266,0.268645,282.865143
1553744421,34.2200708112002,117.14467917506,34.540108804591,-3.54020491880223,0.766134356230741,0.0791219381172673,0.429825,0.053592,283.106507
1553744422,34.2200779361067,117.144640433775,34.5996373742819,-3.57717204170378,0.830137818195928,0.0508073503906009,0.372564,0.277644,283.778908
1553744423,34.2200855077495,117.144601774649,34.6432045670226,-3.61112263473545,0.837302996732509,0.0509412265663919,0.527504,0.540625,284.316562
1553744424,34.2200935096148,117.144562320943,34.703732852824,-3.65482036363939,0.943085040554845,0.0536629835969175,0.314404,0.48898,285.181586
1553744425,34.2201017356455,117.144522462125,34.752594131045,-3.64571463916147,0.885842264337095,0.0489208801827141,0.141272,0.534695,284.353768
1553744426,34.2201092502847,117.14448400058,34.8072371231392,-3.4667628646322,0.846741010848492,0.122416914494831,0.457252,0.258911,284.3484
1553744427,34.2201169544672,117.144446985779,34.8718636138365,-3.38276257075786,0.8771536720766,0.0456927285482751,0.619064,0.410235,285.598083
1553744428,34.2201253470969,117.144409999653,34.9397853380069,-3.42358334869717,0.984545447852907,0.0798330485176129,0.763764,0.240802,286.878095
1553744429,34.2201347125582,117.144372792101,35.0072952508926,-3.43757678716288,1.07343509457612,0.048712730279256,0.304878,0.755603,288.455019
1553744430,34.2201451328221,117.144335632001,35.0592457177117,-3.42663163522999,1.20518420404425,0.0594867276230148,0.202407,1.174436,290.101325
1553744431,34.2201562039035,117.144299122305,35.1064035752788,-3.24942654846313,1.28109327079394,0.045674256091093,0.502596,1.079041,291.921832
1553744432,34.2201675244618,117.144264056116,35.1502134939656,-3.3313126021572,1.23000495480538,0.015879479300455,0.131386,1.10825,291.881866
1553744433,34.2201785286679,117.144229075113,35.1940537812188,-3.19332094125476,1.24925037302116,0.0533748222510848,0.091647,1.221259,292.228546
1553744434,34.2201900866943,117.144195244427,35.2258055731654,-2.99816470260498,1.38986171690486,0.0226676848370014,-0.063856,0.846866,296.425465
1553744435,34.2202051049779,117.144166255921,35.2693164534867,-2.4482404000026,1.95693528243846,0.0548474624992573,0.396887,0.814885,309.03952
1553744436,34.220224884839,117.14414293055,35.307939956896,-1.94834766814053,2.41310857945774,0.0580460834063965,0.121015,1.183242,322.509004
1553744437,34.2202477813916,117.144125786456,35.391242663376,-1.41385911280409,2.75474764812406,0.0713919063745718,1.090721,0.311607,334.381431
1553744438,34.2202742769759,117.144113177724,35.4547805590555,-0.914938147612941,3.0526641640498,0.0832327313543455,0.589138,1.215611,343.049023
1553744439,34.2203010511095,117.144106008092,35.5048954319209,-0.371831832197593,2.99549937214959,0.025031979865916,0.223882,0.984808,353.298264
1553744440,34.2203284992198,117.144105421221,35.5375509401783,0.229672117917184,3.23805183315041,0.0329248247183147,-0.104559,1.284065,3.897762
1553744441,34.2203581084501,117.144110159936,35.5591382877901,0.609843680255884,3.374129478631,0.0159983463289066,-0.192571,1.551209,10.709256
1553744442,34.2203891195975,117.144117272349,35.5761243738234,0.709039432975098,3.50152649845647,0.00650100711559798,-0.134425,1.345257,11.787862
1553744443,34.2204216050699,117.144124467372,35.596259618178,0.654794810567658,3.73436557892746,0.0197858276402012,-0.369225,1.28636,11.0927
1553744444,34.2204553492743,117.144132648267,35.597806061618,0.805331432701455,3.69039538915178,-0.041810946297288,-0.699101,1.547718,13.179658
1553744445,34.2204879143747,117.144141964245,35.5711730998009,0.913077063386577,3.57149630338918,-0.0110195823324708,-0.876594,1.407853,14.843777
1553744446,34.2205199960373,117.144151356797,35.5736017199233,0.857458211186979,3.53264484337625,0.0354376443240694,0.030977,1.213869,14.392279
1553744447,34.2205513165668,117.144160343604,35.6041512945667,0.759148577421915,3.40483342359567,-0.00779711254502313,-0.191394,1.678437,13.733084
1553744448,34.220582763888,117.144168546722,35.6158013641834,0.76723957279848,3.60568954953059,0.0169502312046261,-0.577103,1.549298,12.739817
1553744449,34.2206152140151,117.144176899071,35.609706456773,0.790150250069371,3.5219474254549,0.00138370768022655,-0.864286,1.429782,13.522946
1553744450,34.2206468149966,117.14418589698,35.5927423983812,0.837241197882473,3.48043938503719,-0.0424954544662568,-0.890595,1.6099,14.804801
1553744451,34.2206777140291,117.144195250003,35.5675739375874,0.857757730064979,3.38625402948878,-0.0462636389054554,-1.209087,1.619782,15.11747
1553744452,34.2207082277915,117.144203499223,35.5358960097656,0.633046753748134,3.3404782033975,-0.0536393530456758,-0.981279,1.558665,12.69909
1553744453,34.2207380325831,117.144209761718,35.5220528356731,0.512788481654441,3.15951330800574,-0.128967552574989,-1.101773,1.722789,10.084959
1553744454,34.2207670160443,117.144212976475,35.4963597506285,0.0318634780719388,3.12147652801112,-0.030364516146397,-1.455424,1.534118,2.741937
1553744455,34.2207947829806,117.144208247849,35.4645927920938,-0.947991698510054,2.79265044706366,-0.044768516517296,-1.237211,1.568032,344.566494
1553744456,34.2208169166814,117.144191000371,35.4518476752564,-2.01995809477032,1.80679509494211,0.026679210351197,-0.718648,1.762415,314.806617
1553744457,34.2208275048286,117.144164358715,35.451535471715,-2.67427122130392,0.518616917408839,0.00741133476398889,-0.267453,0.844509,283.717395
1553744458,34.2208272485359,117.144133215298,35.4631074713543,-2.63318792202252,-0.590659042318249,0.00960536529195666,-0.511344,0.69504,259.683572
1553744459,34.2208185119889,117.144105178905,35.4690490243956,-2.45694691185139,-1.22055378330112,0.00577359621200491,-0.677873,0.846194,244.171208
1553744460,34.2208049836922,117.144078959027,35.4741252362728,-2.25077949872276,-1.71104668497951,-0.00564711872896828,-0.07038,1.202081,233.64044
1553744461,34.2207869695528,117.144056483031,35.4960135947913,-1.93942740470858,-2.19033433703793,0.0340269578121259,0.213522,1.023324,221.295369
1553744462,34.2207653272349,117.144037558219,35.5299713695422,-1.53181085331609,-2.44661166405749,-0.0016955709611659,-0.828904,1.577916,212.467279
1553744463,34.2207402273417,117.144021510554,35.5286145098507,-1.44822346070719,-3.05099049532781,0.0209715349133215,-0.498171,1.513586,205.819011
1553744464,34.2207119133591,117.144007027739,35.5304701635614,-1.253098904384,-3.15056059441509,-0.00866468409287924,-0.404359,1.779688,202.239246
1553744465,34.2206829094696,117.143994888334,35.5434948001057,-0.996732033233212,-3.24686891354827,0.0209167913564561,-0.409563,1.884515,197.664963
1553744466,34.2206532289667,117.143985704658,35.5601859381422,-0.734985221111612,-3.30763037428298,0.0195711999664516,-0.298261,1.897798,193.423302
1553744467,34.2206230289178,117.14397887228,35.5673734536394,-0.547526367883067,-3.36602656793705,0.0254169316536474,-0.48459,1.742779,190.466804
1553744468,34.2205927053042,117.143973640687,35.5751561904326,-0.441934948714729,-3.36939655400848,0.0179265986818067,-0.154035,1.712989,188.345877
1553744469,34.2205629408831,117.143969324958,35.5877578472719,-0.384310158378777,-3.26721714802789,-0.011393410349352,-0.639565,1.354858,188.008549
1553744470,34.2205336734221,117.143965304585,35.5922123137861,-0.376116148396459,-3.22954133063952,0.0505711044620596,-0.235511,0.970032,187.635306
1553744471,34.2205044000295,117.143961724471,35.611861131154,-0.29831825128954,-3.24800865905657,-0.0129603873813162,-0.36848,1.181969,186.2314
1553744472,34.2204752306632,117.143958689081,35.6269921902567,-0.295716343455044,-3.20789925169904,0.0240880709548845,-0.301443,0.937908,186.246289
1553744473,34.2204465819044,117.143955136914,35.6532351411879,-0.365053391844564,-3.16907259634705,0.0523536071820108,-0.487478,0.559551,187.757888
1553744474,34.2204180887801,117.143950869145,35.6612085001543,-0.388465186605985,-3.17268765558932,0.0149946279146664,-0.449734,0.764543,188.20761
1553744475,34.2203898449436,117.143946442894,35.6694225538522,-0.413363010845077,-3.06352461611704,0.0180816954407887,-0.438442,0.595555,188.749554
1553744476,34.2203629199807,117.143942283224,35.6741323601454,-0.390370774314548,-2.97056143245867,0.00586809595570181,-0.887962,0.298255,188.302211
1553744477,34.2203354656837,117.143938627197,35.6513750497252,-0.265979339930768,-3.03422137176735,-0.0445607208232037,-1.447302,0.431081,186.219687
1553744478,34.220308330817,117.143937185982,35.6351996837184,0.0458211086274229,-2.94148042760938,0.0093445168455708,-0.448357,0.290906,180.870435
1553744479,34.2202821640355,117.143939900018,35.631835386157,0.484330300782414,-2.85312403668774,-0.0636662470909646,-1.553528,0.040502,172.03728
1553744480,34.2202570749022,117.143948036982,35.5860707042739,0.763115184542809,-2.6715778213591,0.0410385129162576,-0.908932,-1.11825,162.455593
1553744481,34.220233536408,117.143959526426,35.5647924048826,1.17684357532584,-2.56766609809591,-0.0530660711114581,-1.226482,-0.358487,156.762219
1553744482,34.220209628035,117.143973165081,35.5256028901786,1.32973714647414,-2.70179111785716,-0.0834618281309043,-1.427322,-0.214446,155.071202
1553744483,34.2201846989997,117.143987403985,35.4804020868614,1.29107471204245,-2.80568754181667,-0.0231625909442252,-1.099955,-0.588834,156.146655
1553744484,34.2201594168551,117.144001008796,35.4430058561265,1.22732489103181,-2.82319971958006,-0.0596485977774235,-1.202363,-0.619364,157.744404
1553744485,34.2201342287997,117.144013216362,35.4062683545053,1.03247592007916,-2.71417047214254,-0.00302036525044169,-1.180168,-0.322085,160.124618
1553744486,34.2201099561657,117.144023923643,35.3909309376031,0.97771952586143,-2.69846575606445,0.0307911041832969,-0.533211,-0.949406,161.067266
1553744487,34.2200846796895,117.144036549929,35.3863990539685,1.25096177966391,-2.75491689149817,-0.00534291663367781,-0.036442,-1.447004,157.190578
1553744488,34.2200593868041,117.14405012505,35.4076610784978,1.20319292550898,-2.88260641280253,0.00458834118901841,-0.101257,-1.524729,158.070169
1553744489,34.2200329247612,117.144061780313,35.4240156849846,0.943076269077224,-2.98795178196619,0.0190078759589869,-0.042017,-1.280043,163.298142
1553744490,34.2200057578356,117.144070648595,35.4522045888007,0.673076506343272,-3.04687656117972,0.0167402969628501,0.338819,-1.328912,168.622546
1553744491,34.2199781466655,117.144075746399,35.4923937506974,0.262898249133683,-3.10086337918589,0.0409977344041879,0.27257,-1.368016,175.857035
1553744492,34.2199505553057,117.144076450725,35.5453569907695,-0.178587517800449,-3.05146987782443,0.0821771453388693,0.65778,-0.78416,182.553806
1553744493,34.2199221573744,117.144073736694,35.6071804277599,-0.355891675441506,-3.05996089171345,0.0466525083536005,0.865698,-0.75606,187.683118
1553744494,34.2198943318944,117.144068728845,35.6912195514888,-0.483905807822267,-3.12622847693843,0.0676289814734128,1.059711,-0.405016,190.605317
1553744495,34.2198671551225,117.144062084058,35.7850366607308,-0.683049662443439,-2.96096654694828,0.0878081231382219,1.256183,0.418575,193.424033
1553744496,34.2198395069051,117.14405406214,35.8828435074538,-0.769235859301482,-3.15737924390469,0.0992093892963832,1.191581,0.296135,195.202881
1553744497,34.219811111115,117.144044743337,35.9887789385393,-0.919663174373902,-3.11554865916531,0.0928288644430812,0.564969,0.263737,196.768717
1553744498,34.2197827385997,117.144034316972,36.053577828221,-1.0566478256635,-3.16912423953384,0.0720272651128449,0.738396,-0.096673,199.148023
1553744499,34.2197549773123,117.144022225195,36.1182639887556,-1.16015128892378,-3.01254387002932,0.0409562932557919,0.39729,0.015592,202.548254
1553744500,34.2197279635228,117.144008149814,36.1695022508502,-1.37828975852489,-3.04853841669027,0.0565408127724689,0.156583,0.329966,206.042371
1553744501,34.2197013878892,117.143991252236,36.225739643909,-1.7370351484343,-2.83180223973529,0.0508229095390751,0.104372,0.531735,211.703122
1553744502,34.219676762704,117.143971388741,36.2732596071437,-1.99532513145167,-2.59731120957098,0.0243331139458531,0.019526,0.577843,217.880664
1553744503,34.2196544492927,117.143948820512,36.2958050267771,-2.19303669021584,-2.36161068549196,0.0280721487841626,-0.431472,0.51143,223.913678
1553744504,34.2196339464133,117.143924304029,36.3164495099336,-2.37680858560484,-2.16553887120828,-0.00416469459897995,-0.395668,0.328398,229.54765
1553744505,34.2196171426682,117.143896513001,36.3312264373526,-2.70947210375027,-1.61721838488694,-0.0155439564695266,-0.112172,0.274665,240.772475
1553744506,34.2196063220097,117.143866321068,36.3517049094662,-2.86785779356866,-0.772356991741386,0.03139033570563,-0.371102,-0.134245,255.651807
1553744507,34.2196032366488,117.143835615071,36.3623782442883,-2.86783897628708,-0.00876583242446865,-0.0404569681335275,-0.474256,0.126496,271.04612
1553744508,34.2196062797573,117.143805207761,36.3781566331163,-2.9364803525746,0.671321067825532,0.0193691207070188,-0.340649,0.142621,283.992897
1553744509,34.2196154155516,117.143774507355,36.3924292400479,-2.68695713745913,1.35315270978721,0.0588479859718567,-0.59968,0.10841,296.781257
1553744510,34.2196302218303,117.143747418569,36.3993746973574,-2.35083283720899,1.94178458930805,-0.0527027534926853,-0.554085,-0.090048,310.649137
1553744511,34.2196495663304,117.143725399121,36.4022936010733,-1.84906278637449,2.35235353804951,0.0157684517617478,-0.654159,-0.134762,323.04965
1553744512,34.2196721603312,117.143709211231,36.4086670400575,-1.2253723335742,2.75501557179355,-0.00726933875817148,-0.529031,0.04596,335.920159
1553744513,34.2196995439791,117.143698759163,36.3593373345211,-0.667233709885215,3.18572677084883,-0.0342069859806551,-0.611101,0.141764,348.031911
1553744514,34.2197284566388,117.143694672152,36.3486898224801,0.0735715438944025,3.25208369383696,-0.0108570810403767,-0.769664,0.071208,359.778746
1553744515,34.219758229907,117.14369759497,36.3345968928188,0.517609447452193,3.31702878357342,-0.0121040841739761,-0.842465,0.092107,9.438655
1553744516,34.2197869711956,117.14370565019,36.3252309150994,0.952125705273679,3.12886952319948,-0.00928160280166024,-0.967203,0.390382,16.775387
1553744517,34.2198147621403,117.143717248915,36.293051158078,1.19392981372874,3.08324378082135,-0.02221233702502,-1.299956,0.209929,22.60103
1553744518,34.2198414099988,117.143732460267,36.2641597213224,1.56545103919105,2.88796222990801,-0.0320343958959135,-1.257927,0.363005,28.822912
1553744519,34.21986668008,117.143750336925,36.2306022299454,1.75156424470542,2.75821028211909,-0.0741939100066886,-1.207124,0.686419,33.112651
1553744520,34.2198905799515,117.143770854628,36.1929223630577,2.05635471740273,2.50889481186189,-0.0561346526487456,-1.970915,0.164692,38.933396
1553744521,34.2199134494005,117.143793751361,36.1223727324978,2.18827658024951,2.52385578772678,-0.0443460380366167,-1.834911,-0.026684,41.506567
1553744522,34.2199361289065,117.143817281746,36.0614660298452,2.14536041557497,2.52237299004262,-0.0474993303894278,-1.665232,0.550424,41.780133
1553744523,34.2199585215755,117.143840896852,36.0082239862531,2.17098636853877,2.46931649022505,-0.0459484354628332,-1.621198,0.153232,42.700883
1553744524,34.2199804130077,117.143864635062,35.9513827711344,2.20017175399576,2.40531108496965,-0.0496370571384468,-1.554234,0.20495,43.342924
1553744525,34.2200017763063,117.143888292105,35.8935510311276,2.18593894362955,2.33846185202415,-0.0509225033902034,-1.982559,0.006965,43.902471
1553744526,34.2200231679861,117.143911561652,35.8293130444363,2.09531338457535,2.40210210200814,-0.0271350685914269,-1.842702,0.491117,41.766355
1553744527,34.2200455681622,117.143933095931,35.7624032879248,1.91275638724925,2.51909274325881,-0.0444494532924966,-2.15918,1.023633,37.827602
1553744528,34.2200690813995,117.143953115289,35.6793236313388,1.80401286085665,2.6164077175029,-0.0239427161170738,-2.23701,1.690201,35.016959
1553744529,34.2200936087473,117.143971039369,35.6033258996904,1.49566889081975,2.77595044753025,-0.0522559268468907,-1.99305,2.441751,29.627073
1553744530,34.2201193749946,117.143984694935,35.5386450411752,1.02054949865334,2.85838258854567,-0.0312041391061291,-1.764145,1.368944,21.448312
1553744531,34.2201445384117,117.143992978815,35.5224986644462,0.491734939920533,2.76460685019301,0.0337744389625845,-0.740303,1.190301,13.294474
1553744532,34.220167932011,117.143996657146,35.5282856393605,0.0608955130251246,2.43595612202579,-0.0111134179479846,-0.273258,1.618657,3.64372
1553744533,34.2201889694175,117.143993426977,35.5378406038508,-0.597618573620841,2.10962201384784,0.00282827720656065,-0.109344,1.394826,346.922514
1553744534,34.220206460538,117.143984434799,35.5567815760151,-1.030373539512,1.83678277133668,0.0110190741106116,0.503545,0.777369,332.619254
1553744535,34.220223963529,117.143970670543,35.5880124047399,-1.42369832401414,1.88837242007053,0.0169612887567452,0.32589,0.99456,324.19445
1553744536,34.2202402081989,117.143953214081,35.6164301056415,-1.71577336425906,1.65826218806523,0.0245617208737416,0.284913,0.434953,315.676169
1553744537,34.2202542740656,117.14393341319,35.6427989080548,-1.92762511304487,1.36051152100659,0.0195914462741955,-0.009693,1.110473,306.789208
1553744538,34.2202646547293,117.143910768296,35.6567559493706,-2.11699545717771,0.912956177041323,0.00550028099417277,-0.20228,1.037493,294.786375
1553744539,34.2202717638347,117.143887373619,35.663740565069,-2.12345989966273,0.650021608979046,0.011574212053107,-0.21284,1.433441,287.723857
1553744540,34.2202765254097,117.14386408433,35.6695226635784,-2.11194623068703,0.430878635129902,0.0368336866938444,-0.108667,1.301316,282.525543
1553744541,34.2202798179796,117.143840551257,35.6837373431772,-2.30697123935566,0.317496897084878,0.0168351158977258,0.194508,1.522692,278.646626
1553744542,34.2202820014793,117.143813704081,35.7116933586076,-2.54684632619303,0.179617783984461,0.0488594149942793,0.464686,1.435353,274.891615
1553744543,34.2202828034087,117.143785598687,35.7551593538374,-2.58797437009951,0.0315794884803164,0.0531450431871324,0.360635,1.076244,271.780767
1553744544,34.2202825939125,117.14375647768,35.7893281690776,-2.76944797800715,-0.0396051578186365,0.0457856810179184,0.23963,0.758713,270.130497
1553744545,34.2202822927819,117.143725691534,35.820660837926,-2.89049215454477,0.0576998988617323,0.0396336496742754,0.043334,0.614145,271.5049
1553744546,34.2202832888535,117.143694477436,35.8520221300423,-2.8783865151525,0.21751232871579,0.0375959604863289,0.125584,0.988258,274.657625
1553744547,34.2202856835327,117.14366338927,35.8846545256674,-2.86374686477019,0.340069525199484,0.0281000453645469,0.198009,1.33582,277.349535
1553744548,34.2202892584369,117.143632493164,35.9221691647545,-2.90507388541511,0.447595511684074,0.0158106988910552,0.524763,1.363173,279.956486
1553744549,34.2202940527808,117.143599250427,35.970617336221,-3.18439229683682,0.598826371809331,0.0406162070111977,0.344105,1.19977,281.604406
1553744550,34.2202999844399,117.143564234259,36.0184991843998,-3.26829293065385,0.714793655291465,0.04436608832323,-0.009954,1.183577,282.981999
1553744551,34.2203064885629,117.143528340022,36.0512517858297,-3.32293622501932,0.719419674485037,0.0571242191910047,0.135671,0.882356,283.528047
1553744552,34.2203133093946,117.1434922145,36.0892507340759,-3.33136105777407,0.785600234088546,0.0398343438061854,-0.0021,1.067777,283.912791
1553744553,34.2203202695439,117.14345601789,36.118752444163,-3.35303414531675,0.74355778379214,0.0358586461272085,0.094328,1.023722,283.791895
1553744554,34.2203271050905,117.14341979059,36.1561297141016,-3.34527866123391,0.781831799281943,0.0435972054680547,0.216698,1.165523,283.840379
1553744555,34.2203343559884,117.143382614679,36.1951119387522,-3.47816260937867,0.84092185471154,0.0367327781230212,0.213821,1.190055,284.44293
1553744556,34.2203422197452,117.14334438491,36.2337145907804,-3.53094078253999,0.863963365671163,-0.000702121111968934,0.041974,1.411879,284.807039
1553744557,34.220350542422,117.143305721787,36.2685943609104,-3.54814685584434,0.973883553447173,0.0457243227072471,-0.061752,1.600025,286.025507
1553744558,34.2203590558849,117.143266933848,36.302585978061,-3.58804607847056,0.877524799512582,0.0451504707888061,-0.061084,1.847892,284.591067
1553744559,34.220366087417,117.143227888258,36.3364492179826,-3.53546656099758,0.658100176102407,0.02636957113719,0.180708,1.684361,281.787464
1553744560,34.2203711696919,117.14319094376,36.3895033784211,-3.26730029569057,0.479406165598456,0.0330530810438645,0.283359,1.401987,279.245338
1553744561,34.2203752155755,117.143156419915,36.4319976260886,-3.11356606487648,0.453154212149415,0.0289761912751773,0.05557,1.114381,279.338978
1553744562,34.220379597741,117.143122593042,36.467655017972,-3.23611504312849,0.548854258250152,0.0411877510694488,0.177374,0.732257,280.662427
1553744563,34.2203848980826,117.143088180017,36.5064807217568,-3.09148758789261,0.602996263216798,0.0576020872235501,0.134187,0.901065,281.648204
1553744564,34.2203902454721,117.143055058246,36.5465238243341,-3.01407918441066,0.610953040240563,0.00500526954156505,0.097414,0.916435,282.432238
1553744565,34.220395911416,117.143022065197,36.5826214104891,-3.04880179076864,0.632261659604325,0.0536920329315866,0.075857,0.61669,282.98835
1553744566,34.2204017081436,117.142989922409,36.6187263233587,-2.89746651144183,0.637579933894578,0.0369816571840882,0.004549,0.766825,283.315446
1553744567,34.2204072186415,117.142958690575,36.6499483436346,-2.88297552320398,0.592889713503836,0.0386771279709756,0.072342,0.839955,282.570382
1553744568,34.2204124135106,117.14292732506,36.6864169510081,-2.8934685584144,0.578897969243339,0.0539151432642608,0.06025,0.760886,282.099648
1553744569,34.2204176133965,117.142895717134,36.7202892061323,-2.9400403856835,0.600540070960669,0.0220942010617182,0.079043,0.691495,282.587461
1553744570,34.2204235062156,117.142863390844,36.753169009462,-3.09918709653708,0.70708676039812,0.0325830312853598,0.065919,0.683975,283.882391
1553744571,34.220430169655,117.142829817059,36.791945502162,-3.02969234338767,0.742385531604692,0.0358054029747068,0.205451,0.670714,284.660883
1553744572,34.2204368167195,117.1427973107,36.8333927728236,-2.96354890112798,0.747187737719194,0.0447481309688658,0.018519,0.804809,284.867778
1553744573,34.2204436071965,117.142763936713,36.8727876553312,-3.1617997525731,0.770123828062019,0.0216936414600036,0.135635,0.683489,284.914579
1553744574,34.2204510309777,117.142729295424,36.9120247550309,-3.20173155820361,0.870643292124706,0.0517135096597103,0.114554,0.92751,285.719043
1553744575,34.2204588433974,117.142694351274,36.9483329458162,-3.22779147054248,0.878149670918071,0.0175606992949407,0.112033,0.926399,286.566627
1553744576,34.220466754933,117.142659344713,36.9844790045172,-3.23282721678139,0.826065587603334,0.0496873365659488,0.095253,1.15026,285.203806
1553744577,34.2204738526607,117.142624022021,37.0199941815808,-3.24195161858687,0.773057794629503,0.0351617534339035,0.023783,1.189482,284.336029
1553744578,34.220480889061,117.142588713686,37.0530647365376,-3.25573364523312,0.79171904146678,0.0379524791807417,0.050611,1.003596,284.580252
1553744579,34.220488118163,117.142553493974,37.0867128605023,-3.211814535348,0.817422781967238,0.044613742818192,-0.05276,1.267848,284.890243
1553744580,34.2204952853912,117.142518609264,37.1144491638988,-3.23483336891088,0.764386908068066,0.0336857559630342,0.020279,1.137889,284.537213
1553744581,34.2205021194267,117.142482848061,37.1485185092315,-3.38434410557179,0.744529945329265,0.0362096063153925,0.0413,1.225825,283.312237
1553744582,34.2205091214626,117.14244588422,37.1836378574371,-3.34524045476251,0.794237143658154,0.0466975315629019,0.204903,1.135268,284.392692
1553744583,34.2205163953913,117.142411115869,37.2206441126764,-3.09048264935709,0.831394216922642,0.0382968678926307,0.074536,1.484474,285.484183
1553744584,34.2205237628322,117.142376921447,37.2512895558029,-3.24638580341543,0.830006459569188,0.0154432009683395,-0.058527,1.627007,285.374394
1553744585,34.2205312886705,117.142341908415,37.2756604393944,-3.18058593689597,0.850518178039457,0.0226258004059926,-0.083125,1.719275,285.558465
1553744586,34.2205386265873,117.142307990803,37.3022306114435,-3.08708162570444,0.808332583982545,0.0437546558683166,-0.115578,1.809578,285.261253
1553744587,34.2205457823259,117.142274707324,37.3336196225137,-3.08409119846947,0.787287543785206,0.0462471936854368,0.130408,1.615736,285.679344
1553744588,34.2205531842878,117.142241570899,37.3675259016454,-3.12859095935414,0.880990893263331,0.0293880083476494,-0.028629,1.43086,286.388754
1553744589,34.2205615059634,117.142205732026,37.4061282128096,-3.40998366372216,0.931215326705855,0.0195557780740204,-0.002499,1.17939,286.719516
1553744590,34.2205700546661,117.142168885123,37.4450442064553,-3.40523606222695,0.929898340682351,0.0392738654236212,0.012581,0.838654,286.254655
1553744591,34.2205778051225,117.142131926118,37.4825692735612,-3.37505907499564,0.739507621765288,0.045373093796312,0.151377,0.653087,284.036814
1553744592,34.2205841134632,117.142096578161,37.5223623858765,-3.17126636228521,0.549396375111049,-0.0662969264233483,0.078875,0.984851,282.079036
1553744593,34.2205894960743,117.142060665741,37.5619970625266,-3.40858720476984,0.539905922518267,0.0152270256142022,0.144369,1.17761,280.344953
1553744594,34.2205943514613,117.142023103823,37.6076040100306,-3.50607366110235,0.521344732906347,0.0549650106449709,0.056056,1.51169,279.026193
1553744595,34.2205991132418,117.141984838204,37.6453620214015,-3.49745111241148,0.555624046557536,0.0632426689724385,0.07817,1.589767,279.976079
1553744596,34.2206043649236,117.141947746425,37.6743443533778,-3.33930161495361,0.590187871600065,-2.41739350460568e-05,-0.229847,1.789928,280.603333
1553744597,34.220609438073,117.141911610161,37.6968818865716,-3.41675446418968,0.559867833515775,0.0427778030551005,-0.020806,1.453387,280.203277
1553744598,34.2206147668074,117.141873907521,37.7239661058411,-3.51224787562491,0.667161881267308,0.0361646837695038,-0.019053,1.312559,281.401451
1553744599,34.2206209369088,117.141835478071,37.7471867306158,-3.52411517382688,0.704430753826208,0.0364904736470705,-0.089346,1.020272,282.123677
1553744600,34.2206268835818,117.141797353431,37.7641724264249,-3.5224871826534,0.548914299129502,0.00376035286983584,-0.500936,0.973769,280.665401
1553744601,34.2206316922137,117.141759017923,37.7729514772072,-3.53687696195132,0.47904988459633,0.0193536582127599,-0.375316,0.894735,278.607775
1553744602,34.2206348059336,117.141720378769,37.7914439942688,-3.56028833170352,0.195321313771139,0.00621124162215755,-0.299702,0.986566,274.415228
1553744603,34.2206352197142,117.141681541049,37.8164212554693,-3.56254488534267,-0.0934785368772122,0.027197482642436,-0.059609,0.530507,269.783626
1553744604,34.220632910204,117.141642926202,37.8552481597289,-3.49379684447318,-0.400616791817882,0.0484746909507621,0.2719,0.281692,264.052163
1553744605,34.2206268390514,117.14160504192,37.9047967670485,-3.38958210725192,-0.899048639594123,0.0309464350383371,0.34767,0.469739,256.529783
1553744606,34.220616522252,117.141568826921,37.9604340717196,-3.20847719633016,-1.33162055885152,0.0623920497605867,0.376216,0.307123,248.545327
1553744607,34.220602671191,117.141535010082,38.0128241339698,-2.91980491455405,-1.70564687250974,0.0522111792989837,0.248468,0.44482,240.882884
1553744608,34.2205847316731,117.141504437031,38.0616695350036,-2.59557589755141,-2.19730583047772,0.0425070276396549,0.575689,-0.45886,231.671097
1553744609,34.2205645675678,117.141477595628,38.1123760817572,-2.3361082848615,-2.24402612621426,0.0560787506038045,0.310415,0.279467,226.979427
1553744610,34.2205432713328,117.14145218774,38.1663599079475,-2.33496769377215,-2.50973609248825,0.0608983998325048,0.321716,0.513136,224.187837
1553744611,34.2205197661323,117.141426910812,38.216101131402,-2.32020879806554,-2.6831706882617,0.10430336060011,0.185289,0.854793,221.205534
1553744612,34.2204947675863,117.141402424891,38.2622419288382,-2.20628054948506,-2.82803471855452,0.0736937420284369,0.248696,0.735639,219.04513
1553744613,34.2204690275014,117.141378933445,38.3119694683701,-2.09491582550037,-2.84279447318959,0.0633898041550869,0.368147,0.724264,217.382576
1553744614,34.2204433042211,117.141356557732,38.3696265043691,-2.06269943786987,-2.83949043995756,0.0638676005571466,0.348362,0.251002,216.696778
1553744615,34.2204175752255,117.141334293701,38.4264388810843,-2.06354370061627,-2.88881286230943,0.0243647738033732,0.282196,0.309658,216.805126
1553744616,34.2203914015958,117.141311556058,38.4810892082751,-2.1139387880868,-2.90092155273175,0.0528388599284166,0.396845,0.260032,216.816078
1553744617,34.2203652858204,117.141288780044,38.5351957241073,-2.07841021525251,-2.89593804851811,0.0864106259618194,0.271988,0.195859,217.042133
1553744618,34.2203395324141,117.141266050552,38.5853245258331,-2.10814840254095,-2.84506439141234,0.0400614725338493,0.235136,0.334562,217.351833
1553744619,34.2203136582331,117.141243164606,38.6391494842246,-2.09407345648062,-2.83580387763607,0.0211122345469945,0.223299,-0.146411,217.447983
1553744620,34.220287772559,117.141220099647,38.6859594527632,-2.1259832880698,-2.91671064370775,0.0387179510023774,0.353706,0.181068,217.824436
1553744621,34.2202625558061,117.141196533743,38.7410289105028,-2.14794391575026,-2.70475266601061,0.0809255861882485,0.381435,0.420226,219.105478
1553744622,34.2202378804925,117.14117338873,38.7984775202349,-2.19165356024406,-2.81242127756924,0.0471935307574363,0.320809,0.085114,219.137831
1553744623,34.2202125054549,117.141148889652,38.8562495745718,-2.2536235589029,-2.79820021578762,0.033397711357791,0.504862,0.453788,219.915299
1553744624,34.2201873103953,117.141124570836,38.9202318899333,-2.2345015797256,-2.77788496578555,0.0604301834053251,0.431561,0.440275,219.570731
1553744625,34.2201621345503,117.141100504832,38.9810815770179,-2.21072127657184,-2.81600862413393,0.0791445899345424,0.267027,0.44135,219.444088
1553744626,34.2201374939379,117.141076865401,39.0346535909921,-2.13325282267364,-2.65890439044128,0.0668643181902147,0.271392,0.603143,219.317519
1553744627,34.2201135973529,117.141053974161,39.0824567247182,-2.14812639757808,-2.68355153700938,0.0639853752262287,0.268262,0.53251,219.622789
1553744628,34.2200893074142,117.141029901155,39.1268466701731,-2.28404033536565,-2.67854236777901,0.0619558749078859,0.154446,0.750667,220.981979
1553744629,34.2200653111862,117.141005315838,39.1695658769459,-2.23143724842296,-2.57029061422566,0.0486000491161565,0.045516,0.62012,221.668967
1553744630,34.2200422573224,117.140981130315,39.2097305785865,-2.30861869400194,-2.63513401630534,0.0354745234679308,0.39001,0.626435,222.160911
1553744631,34.2200185508305,117.140955158178,39.2603192469105,-2.42370560449706,-2.57952361687304,0.0372834108386577,0.287887,0.661886,223.808669
1553744632,34.2199958265423,117.140930275893,39.3018554085866,-2.1139678080367,-2.4809942124028,0.0204407585063067,0.264006,0.931277,221.888765
1553744633,34.2199735768356,117.140908318763,39.3424493838102,-1.92947514690031,-2.46250931766265,0.0590552107664377,0.186469,0.73667,219.20026
1553744634,34.2199515040602,117.140887945297,39.3808592781425,-1.86783192811281,-2.43428905558967,0.0335660864381024,0.251189,0.719767,218.254841
1553744635,34.219929618974,117.140867902873,39.4224431412295,-1.81063143945821,-2.41620419125408,0.0514305027366566,0.293339,0.844559,217.467724
1553744636,34.2199074376036,117.140848780585,39.4643415603787,-1.6838174816243,-2.49115492069625,0.0247153730958865,0.289024,0.771838,215.49157
1553744637,34.2198848950927,117.140830519759,39.5064636711031,-1.69770463780336,-2.55634914208307,0.0370003588107291,0.314536,0.58171,214.847648
1553744638,34.2198614393553,117.140811102482,39.5481685232371,-1.8778299491911,-2.61902589578164,0.0349147411012309,0.23918,0.540881,216.14596
1553744639,34.2198374373953,117.140790283349,39.5936117665842,-1.95147430669181,-2.69607557667538,0.0183987819226679,0.450551,0.558997,216.917078
1553744640,34.2198127442553,117.140768294135,39.6450981386006,-2.0929162392661,-2.77742800430714,0.0846716971998154,0.38013,0.507943,217.586258
1553744641,34.2197871267534,117.140745449315,39.6962056541815,-2.09151775199101,-2.91673572662194,0.0370026236045982,0.320029,0.555652,217.01794
1553744642,34.2197607227749,117.140722196294,39.7475613839924,-2.20540913383771,-2.93154165298757,0.0623304835865359,0.209922,0.589897,217.509135
1553744643,34.2197346856403,117.140697970171,39.7995436703786,-2.29756808961743,-2.86017444278454,0.0605312350269107,0.297188,0.532218,219.737616
1553744644,34.2197094705114,117.140672589407,39.8543763812631,-2.3497787825652,-2.78734824046218,0.0423610599344242,0.339807,0.725073,221.259772
1553744645,34.2196845821397,117.140646768885,39.9128173682839,-2.39628385345083,-2.73547456567904,0.0229911768706215,0.278392,0.76154,221.94045
1553744646,34.2196597022696,117.140620929308,39.9680947801098,-2.36026938394606,-2.7930714090856,0.0632260939444527,0.358114,0.702759,221.163057
1553744647,34.219634238498,117.140595362177,40.0261437445879,-2.35884825992014,-2.84926005948759,0.0693829956150762,0.329907,0.752125,220.58614
1553744648,34.2196082748115,117.140569504687,40.0910477843136,-2.38689027674418,-2.87901837385114,0.0331211384410715,0.132522,0.840765,220.498988
1553744649,34.2195827931115,117.140544089104,40.1360197858885,-2.30872794188059,-2.75978915768618,0.072973251932567,0.162316,0.715242,220.693216
1553744650,34.2195573545995,117.14051913928,40.1863963464275,-2.2638593682541,-2.8853095835831,0.0779382297186202,0.181009,0.637877,219.239117
1553744651,34.2195309305182,117.140494502556,40.2428213721141,-2.24382487522929,-2.96321967742879,0.0360148941565235,0.38377,0.649266,218.277511
1553744652,34.2195042140388,117.140469964691,40.3113752249628,-2.24099023528707,-2.95750985309254,0.0756322299588956,0.31378,0.727572,218.001536
1553744653,34.219477281884,117.140445809158,40.375987727195,-2.20514685796173,-2.97378548001859,0.0568880800529299,0.270863,0.865388,217.361229
1553744654,34.219450280323,117.140421663297,40.4359183358029,-2.22006511002045,-3.01169720488934,0.0503969575628147,0.183715,1.066829,217.508825
1553744655,34.2194233084528,117.140397265389,40.4945640964434,-2.2440016246814,-2.98237690203576,0.0446287197977588,0.180601,1.285972,217.753728
1553744656,34.2193960824085,117.140373167116,40.5484350575134,-2.20689488795341,-3.02477869449696,0.0714129038925997,0.156608,1.306522,216.758585
1553744657,34.2193687155131,117.140349252348,40.6021643811837,-2.21750549972551,-3.02950498173569,0.0534689098984702,0.182232,1.165406,217.056442
1553744658,34.219341514724,117.140324946109,40.6501408452168,-2.2524350519415,-3.04530509974417,0.0482512824433978,-0.006766,1.032845,217.680719
1553744659,34.2193143272284,117.14030042694,40.6923941066489,-2.25937384147002,-3.01996376287353,0.0394425583830542,0.046537,1.05534,217.564865
1553744660,34.219287094983,117.140275984801,40.7383913947269,-2.26409195018496,-3.01805967581381,0.0704303509453015,0.140767,1.104024,217.557003
1553744661,34.2192599592984,117.140251615473,40.7917572967708,-2.25811609541469,-2.99415557018929,0.0672913154390924,0.339009,0.868124,217.712151
1553744662,34.2192328884473,117.140227381851,40.8523320807144,-2.22724570833411,-3.01176744858054,0.0540683861228655,0.292591,0.723908,217.485592
1553744663,34.2192057686007,117.140203017749,40.903117666021,-2.2363756086561,-3.02441638746938,0.0139875735832242,-0.026134,0.849557,217.703038
1553744664,34.2191784131056,117.140178526413,40.947885083966,-2.28765264019629,-3.05430125162677,0.0828266992826336,0.176824,0.684898,217.28369
1553744665,34.2191505770912,117.140154099285,40.9981229463592,-2.26670571942208,-3.08738536239456,0.0692373137192044,0.4567,0.410664,217.17591
1553744666,34.219122949497,117.140129318343,41.0588231291622,-2.30501525152907,-3.05985135149924,0.069651970156225,0.420066,0.223939,218.043084
1553744667,34.2190955163372,117.140104185049,41.1127063054591,-2.28696973409525,-3.06686195420583,0.0461756340198634,0.211358,-0.040752,218.441361
1553744668,34.2190681469873,117.140078776175,41.159739587456,-2.33102992240607,-3.04900473141841,0.0323674008177723,0.107352,0.229778,218.741584
1553744669,34.219040840561,117.140052936229,41.2018457101658,-2.42354832145316,-2.99610294447249,0.06127544128641,0.038839,0.366864,219.429174
1553744670,34.2190136601007,117.14002683953,41.2483024783432,-2.39450254998955,-3.00744771525722,0.0566195910235228,0.154395,0.469814,219.220946
1553744671,34.2189863298275,117.140001042467,41.2978576347232,-2.40293714126846,-3.03564540827372,0.0838573213216443,0.174367,0.145395,219.237373
1553744672,34.2189591538161,117.13997510105,41.3453699490055,-2.3834333886326,-3.01627967527936,0.0642744307479028,0.183373,0.246388,219.437884
1553744673,34.2189319984804,117.139949174013,41.3966242652386,-2.34743295012352,-3.02788802960637,0.0297762462515618,0.242006,0.030193,219.243679
1553744674,34.2189048938321,117.13992328611,41.4485036861151,-2.37337373959732,-2.9874758833445,0.0574885956071283,0.2411,0.530448,219.199639
1553744675,34.218877600531,117.139897687941,41.5027037421241,-2.35258381360574,-3.00703571117476,0.0720252155843426,0.097299,0.379624,218.661281
1553744676,34.218850143447,117.139872394602,41.5551679758355,-2.33749968211522,-3.051949212203,0.0562693721726117,0.256897,0.351637,218.159972
1553744677,34.2188227900375,117.139847246869,41.6156187849119,-2.31051041860373,-2.9854166223979,0.0829168030857463,0.306844,0.237731,218.704211
1553744678,34.2187962168049,117.139821915096,41.6768502229825,-2.33176253652604,-2.94336460185414,0.0317536423996321,0.506371,0.314107,219.806561
1553744679,34.2187707398469,117.139796988537,41.7406508699059,-2.26279875939609,-2.76282693354641,0.0899283589645221,0.271572,0.18117,220.261059
1553744680,34.218745595439,117.139772108493,41.7982232542709,-2.35072562848366,-2.82588475777417,0.0795132402163716,0.313599,0.234815,220.32464
1553744681,34.2187197822274,117.139746530304,41.8510778062046,-2.3768683121084,-2.88361328985391,0.0648183729578486,0.157516,0.491788,220.284398
1553744682,34.2186939073755,117.139720689681,41.9033183651045,-2.38695559337291,-2.86174109433494,0.0557754808173541,0.192746,0.696657,220.607572
1553744683,34.2186680009568,117.139694737408,41.9535961737856,-2.39870291313166,-2.86267775411162,0.0696018006099697,0.159431,0.646281,220.6542
1553744684,34.218641949,117.139668861922,42.002718645148,-2.3384434863276,-2.91147757867729,0.0506692225267225,0.094347,0.866301,219.898199
1553744685,34.2186157292943,117.139643514598,42.0489738434553,-2.24474978550092,-2.84426109269108,0.0158504604763836,0.170172,0.558036,219.52094
1553744686,34.2185904460168,117.139619629505,42.0971967279911,-2.19364375710769,-2.76970206144827,0.0520341975210565,0.076112,0.228048,218.839795
1553744687,34.2185642292376,117.139595452117,42.1411990495399,-2.23122757934913,-2.93325556901371,0.0506878289325599,0.147499,0.119969,218.14257
1553744688,34.2185370237577,117.139570665775,42.1899844957516,-2.30241016861704,-3.08452151829555,0.118407848644442,0.287165,0.51478,217.975661
1553744689,34.2185093425724,117.139545400161,42.2434558738023,-2.34824341431798,-3.08505894110243,-0.0177256039726377,0.410848,0.421699,218.197027
1553744690,34.2184819369371,117.139520175626,42.2928833262995,-2.28421481236887,-3.03410358959411,0.0620572201021312,-0.083954,0.340948,218.378261
1553744691,34.2184548901175,117.139495550502,42.3424677597359,-2.26175020148795,-2.97352750771863,0.0370025257221447,0.265513,0.37261,217.824259
1553744692,34.2184279619163,117.139470997703,42.4064924884588,-2.31331876568764,-2.93215499477563,0.0277376085800247,0.385358,0.264553,218.241643
1553744693,34.2184012569142,117.139446933133,42.4554513916373,-2.18099318671433,-2.96732240186823,-0.0432490794887086,0.592895,-1.045585,217.927809
1553744694,34.2183742054957,117.13942280301,42.505790354684,-2.19363041100532,-2.90185043480211,0.0151879541558486,0.05839,-1.421034,217.908598
1553744695,34.2183485004259,117.139399022339,42.5499162599444,-2.17308025128707,-2.76975008629795,0.0538950917860073,0.335494,-0.567689,218.856007
1553744696,34.2183233149893,117.139375618229,42.6017545266077,-2.1747170302858,-2.85331944209201,0.0327414044397403,1.151893,-0.72985,218.617839
1553744697,34.2182974367632,117.139351737123,42.6705704256892,-2.2890862790082,-2.87732621437951,0.055595533101892,-0.033592,-0.375954,218.036664
1553744698,34.2182715364775,117.13932777577,42.7127554537728,-2.24340141430105,-2.84992321536302,0.120219635862785,0.275938,-0.359542,219.05689
1553744699,34.2182457901798,117.139303596292,42.7636114349589,-2.14649263403303,-2.84409827502965,0.0334121836364663,0.434364,-0.171425,218.431888
1553744700,34.2182203922219,117.139279972157,42.818111079745,-2.23646802811178,-2.86963732108954,0.0798586541573172,0.525265,0.112807,218.663987
1553744701,34.2181943763432,117.139255794498,42.8827113155276,-2.27041799139842,-2.88066489485244,0.0676232792695424,0.579816,-0.147617,218.991792
1553744702,34.2181683246241,117.139230825777,42.9442676408216,-2.2976600678146,-2.90992216732123,0.0430719503007622,0.377515,-0.043517,219.649335
1553744703,34.2181423665079,117.139205931082,42.9994488358498,-2.23747580697091,-2.81463835504776,0.07723304677364,0.364645,-0.099164,219.467349
1553744704,34.2181158636182,117.139180766573,43.0456864032894,-2.36979174688403,-3.02407527094808,0.0348831197096171,0.387411,0.185841,218.888212
1553744705,34.2180880350739,117.139154836659,43.0840955385938,-2.48488579512073,-3.08186309860085,0.0682892867844593,0.003581,0.03011,218.98281
1553744706,34.2180607980475,117.139128736093,43.1220481973141,-2.39874558095353,-3.00439532790377,0.0343998768303948,0.246269,0.548407,219.678344
1553744707,34.2180336780257,117.139102494906,43.1675913399085,-2.34940503952697,-3.01918478935784,-0.0469911476295091,0.15498,0.49593,219.778716
1553744708,34.2180062260749,117.139076211947,43.221043090336,-2.422687926202,-3.1058373526195,0.0484205669997326,0.345134,0.298369,219.104522
1553744709,34.2179783826946,117.139049513346,43.2796609774232,-2.52433754412522,-3.0325092038465,0.059740203431885,0.278617,0.172438,219.971936
1553744710,34.2179508508382,117.139022098184,43.3425929974765,-2.53934489092074,-3.04072096384601,0.0842647315437355,0.313659,0.837966,220.435985
1553744711,34.2179230076955,117.138995001486,43.4029535166919,-2.46436824650678,-3.11667422721339,0.0519124939963664,0.217588,0.836054,218.993985
1553744712,34.2178945747138,117.138968610027,43.4563868567348,-2.41453286438889,-3.17486549260694,0.0432336748340953,0.257624,0.857162,218.028956
1553744713,34.2178657705667,117.138942662575,43.5099028749391,-2.40674688032965,-3.20876721567772,0.0521862971990619,0.245592,0.867112,217.66262
1553744714,34.2178370240952,117.13891657499,43.5611259294674,-2.41140535148438,-3.15446314909703,0.0576929096282539,0.131743,0.868021,218.162714
1553744715,34.2178088762552,117.138890389547,43.612510278821,-2.3947285565447,-3.09847675187893,0.080286727017193,0.135928,1.020811,218.627404
1553744716,34.2177815360242,117.138864529614,43.6673123436049,-2.35705482683528,-2.96958604502541,0.0472468462742661,0.345443,0.937427,219.476785
1553744717,34.2177548207321,117.138838698094,43.7233192138374,-2.37281771073902,-2.99645796651241,0.0423056323384547,0.115164,0.936712,219.44728
1553744718,34.2177283140042,117.138813509314,43.7719817087054,-2.31434622663417,-2.8952347704799,0.071289319455305,0.084075,0.911884,218.933511
1553744719,34.2177018286217,117.138789087844,43.8171638417989,-2.24091721584527,-2.96124851848821,0.0705566685699035,0.101222,0.632745,217.949192
1553744720,34.2176753509585,117.138765093494,43.8628665311262,-2.12295085058724,-2.89043410157179,0.0233321765334484,-0.046442,0.814744,217.772865
1553744721,34.2176501247313,117.138742417705,43.9125010669231,-2.12628592865188,-2.83631643448021,0.0308906638726407,0.21004,0.642153,217.588603
1553744722,34.2176247196598,117.138719595371,43.9593000821769,-2.10761967142488,-2.82807659742902,0.0507846403668402,0.334024,0.645629,217.601557
1553744723,34.2175989815337,117.138696347982,44.0124131832272,-2.14921226640747,-2.80907548882716,0.0637458390340029,0.194845,0.628711,218.054484
1553744724,34.2175744496446,117.138673337634,44.0572693906724,-2.15048495870232,-2.68553655952965,0.0314615610667601,0.240427,0.646047,219.568391
1553744725,34.2175497474073,117.138649612757,44.1014607362449,-2.21721034242888,-2.79166812259643,0.0239246881973414,0.250311,0.73328,219.214961
1553744726,34.2175243455881,117.138625261573,44.1495126504451,-2.27659257633702,-2.83600986536057,0.0357810696412262,0.277708,0.688564,219.54172
1553744727,34.2174995236337,117.138601637518,44.1972297094762,-2.08082417466806,-2.69584913957214,0.0377381873585922,0.426533,0.297681,219.054903
1553744728,34.217476020401,117.138579356768,44.2485723784193,-2.01131598828664,-2.55525935932165,0.0568471798914822,0.236955,0.511885,218.943029
1553744729,34.2174529422682,117.138557841531,44.2928154459223,-1.97412694058358,-2.55888733094388,0.0461784581492957,0.331679,0.409309,218.424225
1553744730,34.2174296972207,117.138536611314,44.3393900934607,-1.96154727625562,-2.62549183319561,0.0480927940271683,0.411317,0.101199,218.076918
1553744731,34.2174054695146,117.138514860291,44.3826511232182,-2.06009926185017,-2.7572193694611,0.0319590361700584,0.203653,-0.078884,217.700616
1553744732,34.2173805446683,117.138492372026,44.4222613833845,-2.08876850596165,-2.79903198777869,0.0632143962592755,0.196379,-0.236902,218.057291
1553744733,34.2173554781568,117.138469411878,44.4636414060369,-2.12283904852976,-2.8065844536571,0.0138592397905111,0.266806,-0.04279,218.459559
1553744734,34.2173306333227,117.138445958255,44.5044291317463,-2.18875864267646,-2.731011229998,0.0325463628368197,0.467488,-0.128568,219.71698
1553744735,34.2173060696392,117.138422185716,44.5509281633422,-2.16283880570478,-2.71975991004296,0.042677069494458,0.23021,-0.113363,219.746414
1553744736,34.2172821923661,117.138399151172,44.5921606142074,-2.10612512612405,-2.6548037023526,0.0431885990035856,0.134665,0.033158,219.178837
1553744737,34.2172574813225,117.13837611625,44.6289113536477,-2.1675332059959,-2.78771224742564,0.0234569064075199,0.163163,0.03296,218.694962
1553744738,34.2172321224099,117.138352275761,44.6699792677537,-2.21502459141353,-2.82920169130651,0.0595722195463673,0.113675,0.403799,218.764764
1553744739,34.2172065176774,117.138328345214,44.722693384625,-2.22350290532739,-2.84668270140494,0.0995059170225465,0.281738,0.410665,218.802478
1553744740,34.2171806729135,117.138304261962,44.7825528969988,-2.20655790445294,-2.88062549395056,0.0284952258869193,0.319181,0.504768,218.604476
1553744741,34.217154517014,117.138280399626,44.8451515426859,-2.19082969323773,-2.91812678404398,0.0480762672532187,0.478488,0.346517,217.701337
1553744742,34.2171280552499,117.138256666585,44.9042946100235,-2.21833156919499,-2.97306187882056,0.0915156479346293,-0.10151,0.475,217.33538
1553744743,34.2171009369899,117.138232363151,44.9424877306446,-2.2679332626511,-3.06752015706993,0.0223562548393936,0.13628,0.841263,217.880993
1553744744,34.2170733705169,117.138206687874,44.9826620612293,-2.41214726070776,-3.18983900789517,-0.0360651683814324,-0.054401,0.952836,218.939144
1553744745,34.2170448079663,117.138179826763,45.0199344344437,-2.51339953244056,-3.15352569624689,0.0101229164828469,-0.029911,0.769618,218.994168
1553744746,34.2170162296473,117.138152736906,45.0633371975273,-2.45218269740403,-3.1392719381433,0.0265088086934469,0.400268,0.819386,219.039094
1553744747,34.2169879321321,117.13812638019,45.1249563395977,-2.46934969452835,-3.15015309994551,0.0940825862551777,0.638674,0.281941,218.86735
1553744748,34.216959402871,117.138099355059,45.2083746613935,-2.55530338070601,-3.15791737341049,0.0450388195299771,0.796555,-0.1554,219.655242
1553744749,34.2169304910122,117.138071273525,45.2990762451664,-2.64821552646128,-3.20521745785796,0.107482897485947,0.891882,-0.221452,220.210062
1553744750,34.2169014380664,117.138042521782,45.3843405842781,-2.66386627053552,-3.25970650100667,0.0702425796653476,0.452599,0.246911,220.057675
1553744751,34.2168717592099,117.13801365199,45.4401097549126,-2.64378643307831,-3.32352677277733,0.0324974907241808,0.361396,0.224994,219.724911
1553744752,34.2168410950563,117.137984347596,45.5054457057267,-2.70445141519073,-3.4992362357509,0.0561454297405528,0.443476,-0.113601,219.210895
1553744753,34.2168094197118,117.137954377801,45.5543408980593,-2.8040577177811,-3.55449855840462,0.0573873997648167,0.218409,0.432968,219.100275
1553744754,34.2167775776125,117.137924165143,45.5930944671854,-2.79450018092058,-3.51465198882743,0.064592075878156,0.435445,0.253656,219.240436
1553744755,34.2167459982415,117.137894113186,45.6458999365568,-2.7709590170403,-3.51853562970737,0.0276251400507537,0.425363,0.397033,219.105029
1553744756,34.216714145221,117.137863684719,45.7095572967082,-2.81406705238688,-3.54027226731596,0.088044863246963,0.517554,0.50329,219.43336
1553744757,34.2166817324845,117.137832514568,45.7756020780653,-2.92864524448848,-3.59643060984376,0.0603730114692498,0.268869,0.75343,219.507876
1553744758,34.2166495287541,117.137800987853,45.8288954282179,-2.91321593233676,-3.59586210287516,0.0879924353877577,0.261077,0.641708,220.703965
1553744759,34.2166175402575,117.137769375218,45.8826481178403,-2.85833988788561,-3.59602239906359,0.104235266369016,0.350435,0.416911,220.173354
1553744760,34.2165857638907,117.137738209505,45.948036451824,-2.86112528674987,-3.48996017454684,0.0265155350217199,0.405284,0.689902,219.987706
1553744761,34.2165541465175,117.137706855866,46.0106097320095,-2.90583416636613,-3.54081722413857,0.0443980047171773,0.290939,0.960931,220.544126
1553744762,34.2165223553257,117.137674763697,46.0695287110284,-2.94694780987197,-3.52832816140188,0.0491527349111729,0.303025,0.868326,220.688322
1553744763,34.2164904612093,117.137642237564,46.1434607859701,-3.09709092371622,-3.49342426791832,0.111640917919705,0.350032,0.80357,221.701726
1553744764,34.2164587282253,117.137608513582,46.2195639433339,-3.14772540941853,-3.44152610181333,0.104679689713305,0.374089,0.429039,223.453921
1553744765,34.2164297136,117.137573260338,46.289713460952,-3.44517501522075,-3.07559573425349,0.0876184566198386,0.328298,0.753577,228.730243
1553744766,34.2164028226644,117.137533848712,46.3477694736794,-3.83902041612659,-2.91242800080785,0.0699670256160945,-0.057295,0.912785,233.597946
1553744767,34.2163783626937,117.137492487958,46.4058497995138,-3.80794114560134,-2.57203085129459,0.0584425497830503,0.144175,1.172685,236.610916
1553744768,34.2163558487662,117.137452887823,46.4612524909899,-3.47601332930334,-2.46935055500634,0.0105910809350374,0.095072,1.387742,235.754727
1553744769,34.2163340017291,117.13741432131,46.5145712047815,-3.60779979415365,-2.37754791568043,0.0552046551348242,-0.106833,1.312541,237.643149
1553744770,34.216313824537,117.137375315574,46.5586943523958,-3.46329991437243,-2.2133038015204,-0.0547264587126268,0.181439,1.419257,240.201146
1553744771,34.2162956726957,117.13733740469,46.6156558496878,-3.46257498669375,-1.95708293622957,0.0859874539789812,0.155683,0.913295,241.717741
1553744772,34.216279052334,117.137299407188,46.6717653563246,-3.58498063853082,-1.79321136937957,0.0726347443515833,0.08922,0.878332,244.382871
1553744773,34.2162638894711,117.137259949908,46.7177505781874,-3.73627518810463,-1.60009897938852,0.0571836944722909,0.049866,0.648799,247.756951
1553744774,34.2162506257475,117.137219112773,46.7615947835147,-3.83062474980289,-1.39214056366157,0.0341273673985394,-0.08673,0.796243,250.992956
1553744775,34.2162391305977,117.137177017829,46.7854725020006,-3.96765861460893,-1.19360575180964,0.0284855606661858,-0.358815,0.845712,254.255188
1553744776,34.2162292738224,117.137133172902,46.8017305685207,-4.10055561155258,-1.03876364175137,0.0337457129137911,-0.289749,1.024047,256.832806
1553744777,34.2162207043876,117.137088510999,46.8249507667497,-4.06863629352748,-0.869109809937165,0.0207809831799717,-0.289608,1.19845,258.672201
1553744778,34.2162136024427,117.137044834795,46.8453080998734,-4.08741048918482,-0.702436464283831,0.0246476478873694,-0.23885,1.246111,260.901091
1553744779,34.2162078876857,117.136999357409,46.868788308464,-4.2564946642407,-0.545379605667473,0.0266506850276226,-0.136535,1.101778,263.335397
1553744780,34.2162034524516,117.136954030594,46.8791654640809,-4.13376919195013,-0.434264955904436,-0.0282704042642495,-0.667845,1.14558,264.711352
1553744781,34.2161998742946,117.136909453823,46.8706600982696,-4.11805037172864,-0.354505873079018,0.0180477660136351,-0.610774,1.156856,265.70897
1553744782,34.2161961135208,117.136864514169,46.8901657648385,-4.14155767245152,-0.451743955752938,0.0365574096275066,0.010662,1.019046,264.474275
1553744783,34.2161919493625,117.136821035422,46.9327930761501,-3.8629751107894,-0.437776560085897,0.0515846572242852,-0.054495,1.112292,264.017669
1553744784,34.2161874754343,117.136778933816,46.9654875788838,-3.89599119520593,-0.511875151667734,-0.00839261478887474,-0.295971,1.1562,263.163048
1553744785,34.2161825223944,117.136736024613,46.9838627548888,-4.01375303931331,-0.574684663732589,0.0199518589039033,-0.160274,0.865934,262.763831
1553744786,34.2161770920742,117.136691650745,47.0089601660147,-4.16619939126138,-0.613830422191728,0.0401726902912663,-0.149634,0.826083,262.257394
1553744787,34.216171201597,117.136646375723,47.0362082151696,-4.1676789705018,-0.666273884751402,0.0212628628215095,-0.265236,0.757108,261.742663
1553744788,34.2161648225998,117.136601132207,47.0542284548283,-4.19797060029079,-0.725235111056955,0.020829613159287,-0.290072,0.720284,260.871143
1553744789,34.2161577034447,117.136555067568,47.0809507304803,-4.28785459961269,-0.826785400200558,0.0047785557998789,-0.019775,0.347224,260.143522
1553744790,34.2161494705168,117.136508107078,47.1097435709089,-4.34061932496894,-1.04003385361298,0.021388292244894,-0.093603,0.476837,257.862892
1553744791,34.2161394413896,117.136461013177,47.1381131913513,-4.33418063137955,-1.2008063887905,0.053303575998937,-0.030147,0.437973,255.557804
1553744792,34.216128035321,117.136413862049,47.1599106285721,-4.26600058047729,-1.30986712898883,0.00917342694666268,-0.286188,0.850675,253.62845
1553744793,34.2161156003206,117.136368257303,47.178830918856,-4.10728146260057,-1.41068887343862,0.000943045175113011,-0.124872,0.97353,251.798644
1553744794,34.2161026772956,117.136323765573,47.1973346360028,-4.07439825359872,-1.44088725482767,0.00622815758133022,-0.216006,0.605983,251.542317
1553744795,34.2160896840128,117.136279603656,47.2130726631731,-4.05556520839787,-1.47412700004084,0.0319910641163623,-0.31122,0.743698,251.044159
1553744796,34.2160758968377,117.136235432207,47.2213815329596,-4.04446364309275,-1.62625109699751,-0.00749728052883436,-0.516492,0.750278,249.22714
1553744797,34.216060632537,117.136191634614,47.2252342756838,-4.02796755507346,-1.79212217715459,-0.00542931176484496,-0.475328,1.038579,247.006041
1553744798,34.2160434907366,117.13614756178,47.2348132058978,-4.07021831608611,-1.99756516187344,-0.0109673819452986,-0.364257,1.018593,244.728599
1553744799,34.216024814721,117.136103612799,47.2634760327637,-3.9928177346656,-2.13866727554704,0.0524864005634993,0.14745,1.176085,242.792542
1553744800,34.2160051631478,117.136060625452,47.319679653272,-3.91808530690042,-2.2011624369357,0.0590292645586756,0.005677,1.353254,241.312735
1553744801,34.2159848117891,117.136018784084,47.3708870410919,-3.80916867336819,-2.29199002310894,0.0770048816601783,-0.021239,1.260163,239.671407
1553744802,34.2159634384032,117.135977907496,47.4109783582389,-3.71192062001356,-2.44007840395169,0.00668530378825061,-0.11887,0.876468,237.89886
1553744803,34.2159409721329,117.135937698602,47.4461773242801,-3.67217434184031,-2.57077317510771,0.0334945559207926,-0.160519,0.349645,236.305253
1553744804,34.2159173869859,117.135897954603,47.4629404321313,-3.61647489627152,-2.65930751282101,-0.00169614021859199,-0.507425,-0.058056,234.713764
1553744805,34.2158933989851,117.135858916815,47.4760645022616,-3.59715108718381,-2.62436664857737,0.0109430255029639,-0.204952,-0.3917,234.907775
1553744806,34.2158702494719,117.135820266192,47.5106846429408,-3.50169338719746,-2.5546227088414,0.0346444444238843,-0.056235,-0.052944,234.865025
1553744807,34.2158474302787,117.13578340292,47.5554430345073,-3.30223616702482,-2.5502766864625,0.0389245382636016,0.086125,-0.046242,233.508813
1553744808,34.2158243931406,117.135748732362,47.5948526989669,-3.03786943068915,-2.57973336502401,0.012887492629412,-0.059157,0.000864,230.952378
1553744809,34.2157998342934,117.135716561731,47.6228534476832,-2.85774759296326,-2.88855064988485,-0.0202444551050702,-0.223972,-0.269809,226.199286
1553744810,34.2157726347889,117.135686135817,47.6423610085621,-2.7178060628637,-3.09413939435207,0.00822271122549334,-0.17975,-0.566297,222.232841
1553744811,34.2157439596533,117.13565702017,47.6607273742557,-2.66834770876874,-3.22745386304567,-0.00557377970289075,-0.553352,-0.356673,220.450858
1553744812,34.2157144006349,117.135628020063,47.6774544166401,-2.60490611591608,-3.3474411068677,-0.0247419343493023,-0.422541,-0.04278,219.312754
1553744813,34.2156839332248,117.13559986909,47.6823133481666,-2.51787023197213,-3.43969208033059,-0.0117850523802023,-0.632372,-0.295702,217.740419
1553744814,34.2156529453933,117.135572844055,47.7027127211913,-2.40347994685764,-3.46662829331809,0.0367208526546012,-0.0035,0.143188,216.01208
1553744815,34.2156210951504,117.135546754586,47.7250841436908,-2.38443492647116,-3.60746610254368,0.0179833373651954,-0.349648,0.523014,214.111731
1553744816,34.2155879698816,117.135521690614,47.7438233532012,-2.16306344348152,-3.62508229774522,0.0616755547044194,-0.657995,1.136278,211.570213
1553744817,34.2155549563309,117.135499150837,47.7656808597967,-2.01004996854488,-3.68592968862795,0.0675755461969143,0.051605,0.96246,209.537495
1553744818,34.2155214551703,117.135477581752,47.8048403533176,-1.95597462240669,-3.73620651815422,0.0383683489730302,-0.142423,0.98933,208.58533
1553744819,34.2154878276916,117.135456691832,47.837932436727,-1.9480089897267,-3.77989532148798,0.0190350870043663,-0.074319,0.80592,207.891596
1553744820,34.2154535792786,117.135436298432,47.8620593724772,-1.79954512304709,-3.78180520905404,0.0200676577899284,-0.212661,0.524777,206.462935
1553744821,34.2154196552336,117.135418198411,47.8812910458073,-1.55437870188601,-3.70568593856936,0.00771853693810365,-0.276014,0.050395,203.60706
1553744822,34.2153858620288,117.135401924112,47.9005216881633,-1.51113895337985,-3.82959973941938,0.0494560351935738,-0.17641,-0.090904,202.367011
1553744823,34.2153510292651,117.135385802286,47.9275041837245,-1.50581007029605,-3.92484966293028,0.0437053268040943,-0.227319,-0.334457,202.131372
1553744824,34.2153168040427,117.135369616738,47.953192319721,-1.46731909082167,-3.66261136714609,0.00128800718484312,-0.225714,-0.226259,202.481348
1553744825,34.2152836133539,117.135354573659,47.980844723992,-1.30295891813714,-3.65408613360135,-0.0201391625746405,-0.113053,-0.3364,200.814469
1553744826,34.2152515532644,117.135340912426,48.0001251222566,-1.21762467308453,-3.45969512031011,0.0141007091385361,-0.367076,-0.074447,200.393509
1553744827,34.2152214959554,117.135328313748,48.0110254753381,-1.08249853887211,-3.23576729717712,-0.00398896713884689,-0.214014,0.141257,199.987635
1553744828,34.2151933094525,117.135316872987,48.0226257611066,-0.973325321982728,-3.02461740505025,0.0251668562663205,-0.248215,0.266076,198.673604
1553744829,34.2151652254408,117.135306669929,48.0406272672117,-0.945225788491424,-3.25028591773129,0.0440415913475758,-0.290011,0.650864,196.766703
1553744830,34.2151350773938,117.135296792807,48.0574428578839,-0.893520639916096,-3.44298856154121,0.0428909214204878,-0.228802,0.675452,195.233264
1553744831,34.2151034055692,117.135288128638,48.0720815332606,-0.699214603672841,-3.56745904749932,-0.0123645633096967,-0.308008,0.80477,192.07117
1553744832,34.2150702018463,117.135281448913,48.0858683232218,-0.515354483691565,-3.73906811543949,0.0283792924995911,-0.121449,0.654741,188.916853
1553744833,34.2150356179031,117.135276545156,48.10784973111,-0.407639237206001,-3.91587392665756,0.025192118085442,-0.259982,0.447537,186.718247
1553744834,34.214999750934,117.135272438604,48.127505726181,-0.334842666161525,-4.00319342482071,0.032677092742261,0.151818,0.308211,186.141164
1553744835,34.2149635731896,117.135268833506,48.1605151547119,-0.327144680060893,-4.0412959874131,0.0495893176668056,0.063175,-0.00576,185.490858
1553744836,34.214927050915,117.135265526578,48.1981573347002,-0.292848775110136,-4.0840150108997,0.0377224821882358,-0.03294,-0.432043,185.284866
1553744837,34.2148901667304,117.13526227168,48.2237050076947,-0.267719230800209,-4.1268527280674,0.05270649203282,-0.262255,-0.296038,184.793769
1553744838,34.2148526308146,117.135259658385,48.2435341123492,-0.213277481865321,-4.18992740573973,0.0245367145372857,-0.276092,-0.059617,183.621561
1553744839,34.2148146301674,117.135257963975,48.2644856311381,-0.120679945606468,-4.23475802815521,0.0460086264019406,-0.216564,0.173576,182.483955
1553744840,34.2147764427792,117.135256845979,48.2838921360672,-0.100945617076036,-4.23159920550287,0.0413660051325202,-0.29578,0.481816,181.961642
1553744841,34.214738208632,117.135256164732,48.300258920528,-0.0534898878362584,-4.2528281426774,0.021014774572351,-0.289145,0.462052,181.395224
1553744842,34.2146999084061,117.135256240609,48.3114024121314,-0.016646619697876,-4.21593774084328,0.0254530034749119,-0.591774,0.541993,180.313482
1553744843,34.2146620029748,117.135256703377,48.3132753083482,0.0249688692515121,-4.20721930854765,0.0286399258401471,-0.390805,0.264499,180.244251
1553744844,34.2146245427747,117.135257168801,48.3189906906337,0.00118545944472093,-4.12527164030379,0.0397301949554332,-0.384904,0.226631,180.37178
1553744845,34.2145879901802,117.13525758087,48.3384836399928,0.0343579054061255,-4.01332489818574,-0.00218996312602671,-0.281156,0.2169,180.35914
1553744846,34.2145518582536,117.135257980988,48.3604906983674,0.0231668841044157,-4.03089510035324,0.0414365228892937,-0.157416,0.051343,180.468459
1553744847,34.2145156918507,117.135258201121,48.3845677236095,-0.00686829357297436,-3.99967962760887,0.0168731453480486,-0.259642,-0.077845,181.020129
1553744848,34.2144794476748,117.135257999114,48.4017720697448,-0.0487508293230997,-4.03506232151601,0.0280074654719,-0.235236,0.125016,181.214341
1553744849,34.2144430362126,117.135257602274,48.4142574965954,-0.0902217702224437,-4.05674728266159,0.0527874681691136,-0.505426,0.25737,181.535085
1553744850,34.2144063813937,117.135256850414,48.4166494654492,-0.115985271108307,-4.08896938031017,0.00947754038789816,-0.65974,0.37703,182.023393
1553744851,34.2143695449877,117.135255632113,48.4113202188164,-0.16179457504645,-4.0923355346925,0.0304366058975722,-0.94989,0.675597,182.60284
1553744852,34.2143327283494,117.13525454153,48.3903196444735,-0.0945155380022998,-4.09214579951584,0.00704049579373467,-0.826013,0.254161,182.092372
1553744853,34.214296085744,117.135254022408,48.396062174812,-0.0165573364337518,-4.04376326818916,0.0230322698480858,-0.335824,0.536232,181.05755
1553744854,34.2142599042924,117.135254535636,48.397713846527,0.0861410869923965,-4.00755461460231,-0.0408867229247243,-0.697531,0.750856,179.631519
1553744855,34.2142242108241,117.135255533532,48.3891191864386,0.094339679480139,-3.86226575462693,-0.0144660122922444,-0.779315,0.785132,179.50841
1553744856,34.2141899177742,117.135256346012,48.3885999079794,0.0913584946146199,-3.74172253957135,-0.00500622866669342,-0.622607,0.639873,179.992341
1553744857,34.2141573488176,117.135256481771,48.3789211958647,-0.063089182045641,-3.51321517696845,0.00573370973859166,-0.906354,0.748582,181.096894
1553744858,34.2141263688777,117.135256488247,48.3607773846015,0.0167158056743242,-3.36885325216131,-0.0287288573181592,-1.016042,0.40874,180.47429
1553744859,34.2140962876663,117.135256879078,48.3454086137936,0.0213877996021026,-3.42795609129824,0.0155112268839639,-0.726199,0.444564,180.028301
1553744860,34.2140640950652,117.135257682023,48.3383620455861,0.0752729052429153,-3.70366569665588,0.0190629785399812,-0.734422,0.104819,179.630185
1553744861,34.2140292519985,117.135258515624,48.3315454823896,0.103438980313612,-3.9925443605497,-0.0131493876091451,-0.706796,0.26364,179.898789
1553744862,34.2139921711941,117.135258562772,48.3216520221904,-0.0555477355006133,-4.14094060973383,-0.0332161969225591,-0.789654,0.544929,181.632274
1553744863,34.2139537255754,117.135257757195,48.3014372969046,-0.0919130000595554,-4.40947691055901,0.0184763542674338,-0.895365,0.59019,182.051408
1553744864,34.2139141900789,117.135256215987,48.2847378915176,-0.185656149243547,-4.36184479349752,-0.0248956158115372,-0.992102,0.541428,183.342279
1553744865,34.2138748184428,117.135254499747,48.2839924488217,-0.181862782618851,-4.38569293258836,-0.0129394490841359,-0.66313,0.583933,183.031356
1553744866,34.213835252399,117.135252786283,48.2918455246836,-0.148456866955294,-4.40169352351069,-0.00718914027575401,-0.531412,0.36278,182.883195
1553744867,34.2137952940069,117.135251200898,48.3032413702458,-0.125018233490151,-4.44560467138671,-0.00485252920286383,-0.512282,0.750031,182.46195
1553744868,34.2137551129856,117.135250100059,48.306498343125,-0.10179093332042,-4.45137821768156,-0.00525062319074676,-0.716854,0.79256,182.102882
1553744869,34.2137147802166,117.135249081667,48.298945187591,-0.100378106230819,-4.4655553833002,-0.0235234875840717,-0.744817,0.9144,181.850724
1553744870,34.2136744137575,117.135248961506,48.2844420438632,0.0659616273172252,-4.43134312931037,-0.0507162107754238,-0.689542,0.731407,180.351322
1553744871,34.2136347236938,117.135249515167,48.2751950509846,0.0796776713002113,-4.36363938320274,0.0133342438187012,-0.757758,0.927371,179.667878
1553744872,34.2135955453555,117.135251241557,48.2696129251271,0.204246050161431,-4.31883005118792,0.0150179875350092,-0.688648,0.804578,178.05365
1553744873,34.2135565190084,117.135253658427,48.2605794258416,0.201420380703464,-4.3450541616989,0.0144624389468242,-0.86299,0.47913,178.236976
1553744874,34.2135174723807,117.135255411251,48.2406295761466,0.0992003876199606,-4.34467067761458,-0.00921879450356222,-0.975241,0.470341,179.222808
1553744875,34.2134783627547,117.13525621732,48.2202893812209,0.0578518796882773,-4.36724560450858,-0.0542677613046703,-0.742898,0.335473,180.558511
1553744876,34.2134396745982,117.13525649201,48.2041104529053,0.0247353143808203,-4.25634100786599,-0.0306331353412459,-0.883594,0.138977,180.636222
1553744877,34.2134017592532,117.13525698495,48.193463999778,0.0938386580593095,-4.15822404660009,0.00825133507011477,-0.76441,0.02493,179.952756
1553744878,34.2133645438833,117.135257881071,48.177112262696,0.118289599712021,-4.14043395551464,-0.0161316651771177,-0.899207,-0.016276,179.878779
1553744879,34.2133275665751,117.135258789747,48.1468239407986,0.140515617568761,-4.13983293930299,0.000771933458721286,-0.845235,-0.040909,179.430094
1553744880,34.2132905103313,117.135259319625,48.1134095462039,-0.0464148802918599,-4.13655750443418,0.00129282510399209,-0.88118,-0.100256,181.446109
1553744881,34.2132535327566,117.135258203583,48.0938407620415,-0.125251729457349,-4.08766484535268,-0.00480794507181526,-0.578324,0.029716,182.557624
1553744882,34.2132167205072,117.135256869656,48.08109416347,-0.090255027879333,-4.07139908121435,-0.00738589394730904,-0.70799,0.010702,182.579113
1553744883,34.2131803182122,117.13525587783,48.0726084867492,-0.055558662911085,-4.05014097116174,-0.0244202516900451,-0.49442,0.141105,182.08883
1553744884,34.2131428439251,117.135255320207,48.0665000742301,-0.00845916754131559,-4.24705406237255,-0.012256988589938,-0.717458,0.30354,181.055047
1553744885,34.2131038951753,117.135255326552,48.0466189458966,-0.00869291346148071,-4.38558861517121,-0.023705099371877,-0.689826,0.34342,181.058541
1553744886,34.2130643604102,117.135255013853,48.0227497527376,-0.0538348489084941,-4.38772473149854,0.0256805303493475,-0.723985,0.444965,181.348163
1553744887,34.2130256058347,117.135254870394,48.0103229396045,0.0128992271221589,-4.24742016557306,0.000739610034266924,-0.705672,0.288171,180.760743
1553744888,34.2129876967294,117.135255126615,47.9880171753466,0.0352589701324775,-4.16392217023419,-0.0509211670856817,-0.922769,0.2678,180.570363
1553744889,34.2129501652835,117.135255478803,47.9521205089986,0.00246497696812875,-4.12208177346228,-0.0590997189386497,-1.211967,0.237852,180.516835
1553744890,34.2129127226168,117.135255273662,47.9141921093687,-0.0482723748630528,-4.13915405832805,-0.0464376921422904,-0.724037,0.136421,181.774124
1553744891,34.2128753807135,117.135254596899,47.8936188695952,-0.0351458909784129,-4.14978421100933,-0.0183512507739179,-0.587096,0.105386,181.308773
1553744892,34.2128384910015,117.135254170131,47.8793081557378,-0.0427212452712475,-4.02160841098442,-0.0432398416023896,-0.826807,-0.262269,181.663568
1553744893,34.2128028745693,117.135253504718,47.8617985025048,-0.0475489996527416,-3.89605416547193,-0.0233673349103694,-0.642692,-0.222285,181.818142
1553744894,34.2127684738464,117.135252793556,47.8504820419475,-0.0734570594275078,-3.76149813129142,0.00994327468244638,-1.03027,0.073378,181.598135
1553744895,34.2127350257342,117.135252298351,47.8295911103487,-0.0310181820328684,-3.6632613088245,-0.0260471812829612,-0.864594,0.28,181.414582
1553744896,34.2127019593958,117.135252008598,47.8193363975734,0.0212986010140382,-3.74494753444001,0.0282901729671743,-0.494698,0.172695,181.232057
1553744897,34.2126672168001,117.135251943488,47.8300100537017,0.0480743705143484,-3.9116146556551,-0.0235932313152152,-0.553752,0.481988,180.427538
1553744898,34.2126311665943,117.135252580196,47.8174755405635,0.0616234289899243,-4.02332845903366,-0.00690389233585775,-0.813745,0.599785,179.599394
1553744899,34.2125946048977,117.135253597025,47.8030227106065,0.0713124178037561,-4.1149659927024,0.0033790486424301,-0.594789,0.328444,179.744814
1553744900,34.2125569966962,117.135254441957,47.7867902489379,0.081646743167518,-4.15360557516783,-0.0287147220930906,-0.84068,0.24685,179.76307
1553744901,34.2125197177661,117.135255138534,47.7719748569652,0.0398978710629936,-4.05978198024894,-0.0546574124032189,-0.750435,0.105036,180.546619
1553744902,34.212483278978,117.135254952347,47.7605983214453,-0.0862279126758988,-4.00963765493823,-0.0199154004989035,-0.564963,-0.036718,181.85333
1553744903,34.2124472505286,117.135253909712,47.7516409317032,-0.0985756607645021,-3.98735709509123,-0.0260045251927015,-0.669098,0.124082,182.11386
1553744904,34.2124110014782,117.135252914879,47.7342134332284,-0.0969515267808111,-4.0330565519039,-0.037043900981121,-0.701455,0.256946,182.108668
1553744905,34.2123744179315,117.135252282301,47.7108909208328,-0.0276813328422109,-4.05249801464191,-0.044018009217226,-0.787157,0.166902,181.213613
1553744906,34.212337693331,117.135252507621,47.6892412891611,0.0107525564427869,-4.04215505383096,0.0208063288148914,-0.692653,-0.027374,180.379398
1553744907,34.2123013693821,117.135252638062,47.673369676806,-0.0242216660398245,-3.95948276540979,-0.0207494895632578,-0.628313,0.365488,180.719227
1553744908,34.2122658514372,117.135252608441,47.6629489604384,-0.0549466723881361,-3.93002798654197,0.0373080177750988,-0.735138,0.063696,181.190345
1553744909,34.2122305706903,117.135252439639,47.6529597649351,-0.031118589869879,-3.91922358157698,-0.0248223885926111,-0.765579,-0.037317,180.931452
1553744910,34.2121953934266,117.135252310915,47.6367609230801,-0.0250781182846624,-3.85846907683264,-0.0110213932670686,-0.703219,-0.040088,181.110957
1553744911,34.2121609850529,117.135252550481,47.6302892835811,0.0548936600361279,-3.74566366193922,-0.0328697081812315,-0.565652,0.004791,180.092483
1553744912,34.2121274952686,117.135253431869,47.6251281518489,0.118079003085455,-3.6678442941515,-0.0495033624171075,-0.791832,0.254992,179.091939
1553744913,34.2120945591742,117.135254889775,47.6185617465526,0.0791999989451292,-3.67852242531244,-0.0604741816031789,-0.516794,-0.048192,178.833448
1553744914,34.2120602187675,117.135255906961,47.6045649545267,0.101281101048942,-3.89422239323424,-0.0100045291386053,-1.075319,-0.030866,180.205298
1553744915,34.212025759863,117.135255855853,47.5885608177632,-0.0112398863530867,-3.81573659723911,0.0755373116075531,-0.899843,-0.060061,181.700482
1553744916,34.2119922610849,117.135255248269,47.5724257882684,-0.0314298738704913,-3.65215106061523,-0.0227770383397596,-0.754121,-0.595484,181.919502
1553744917,34.211959736952,117.135255359761,47.5662407837808,0.0996573903319348,-3.51009712398201,0.0137326168473979,-0.817919,-0.200327,179.478731
1553744918,34.211928900251,117.135259050698,47.5479768738151,0.632583096217027,-3.24007161374013,-0.0526076440825107,-1.122738,-0.314095,171.398374
1553744919,34.2119003351663,117.135268702942,47.5183651009575,1.15298265146907,-2.98438481712933,-0.0196027727447083,-1.16412,-0.680284,160.880407
1553744920,34.2118740740042,117.135282534677,47.4881412349641,1.37919247185592,-2.77480320283013,-0.0290570325327872,-1.350503,-1.016469,155.292995
1553744921,34.2118498746005,117.135299098818,47.4487934540957,1.66384873739836,-2.5272724475745,-0.0498633611852395,-1.456003,-0.79746,148.379323
1553744922,34.2118281040144,117.13531952401,47.3973488714546,2.05468523034836,-2.22626969218788,-0.056831873398856,-1.75545,-0.804865,138.821355
1553744923,34.2118086242531,117.135345537382,47.3296426292509,2.64512253835191,-1.99425248626014,-0.0726070116998428,-1.657393,-0.51445,128.823594
1553744924,34.2117922507592,117.135376692425,47.2531393738464,2.99414366140775,-1.55606162422113,-0.0679261104297412,-1.917709,-0.096345,118.366598
1553744925,34.2117809192194,117.1354116326,47.1792822321877,3.32468855748207,-0.866777223404511,-0.0928506366967324,-1.667617,-0.04735,106.828963
1553744926,34.2117756103653,117.135449063894,47.1081327358261,3.45698964581908,-0.275243405445251,-0.0611527305894096,-1.762713,0.249871,95.36222
1553744927,34.2117752968641,117.135487616126,47.034782060422,3.56753209248761,0.162539547645773,-0.0985579247045641,-1.698254,0.777091,88.502492
1553744928,34.2117774587594,117.135527970338,46.9684122204781,3.78358609015826,0.322309410577825,-0.0489789976816162,-1.529766,0.867344,85.966319
1553744929,34.2117809400444,117.135569595403,46.9002082012594,3.86287974096571,0.42286774903799,-0.0510389425853988,-1.499856,0.735479,84.423117
1553744930,34.2117850385905,117.135611923253,46.8344531645998,3.93275128722594,0.489466901239498,-0.0725152771054837,-1.657306,0.963575,83.931175
1553744931,34.2117891450771,117.135654902223,46.7602884471416,4.00017500799551,0.423762651354956,-0.103933251294764,-1.690665,0.436058,85.148706
1553744932,34.2117917564105,117.135698784105,46.6792843779549,4.14285249889332,0.186444682003311,-0.103482138391545,-1.876245,-0.099864,88.419679
1553744933,34.2117925953833,117.135744014077,46.5850897291675,4.20155404419129,0.0497399954698617,-0.101614696724586,-1.791856,-0.068235,90.521318
1553744934,34.211792659587,117.135790060414,46.4750155871734,4.31289588527036,0.0130520687166909,-0.124131890826717,-2.132975,0.275149,90.895828
1553744935,34.2117924664389,117.135836459831,46.3589078448713,4.29578686824952,0.0181854894994108,-0.10678235128827,-1.024766,0.806631,91.64526
1553744936,34.2117923055381,117.135882710529,46.280224269256,4.25144535646026,-0.0388542228670929,-0.0833590450875724,-1.637288,0.525115,90.971396
1553744937,34.2117925947478,117.135928745763,46.2028036778793,4.21855213418592,0.0622930853130829,-0.0933994790004727,-1.867075,0.688427,89.501422
1553744938,34.2117933704188,117.135974678884,46.1100440509617,4.24311367436531,0.0316880400555497,-0.0554996804633451,-1.884766,0.620903,90.140927
1553744939,34.2117930454326,117.136020653279,46.015445956029,4.23846354988151,-0.090813437712051,-0.117207746573099,-1.714388,0.816296,92.044424
1553744940,34.2117924162089,117.136066620308,45.9260208439082,4.19967381550234,-0.069174660099432,-0.117020125551886,-1.707979,0.715191,91.569488
1553744941,34.2117922117034,117.136112404826,45.8473372384906,4.21951965842737,-0.0382312010430141,-0.116289412294433,-1.408202,0.526858,91.692764
1553744942,34.2117911675284,117.136157926306,45.7704769745469,4.20982844097361,-0.204805821240688,-0.0847176082974657,-1.782147,0.345059,93.535618
1553744943,34.2117888101971,117.136203191984,45.6873196046799,4.17816837165504,-0.293385121094007,-0.102055028401961,-1.796238,0.34407,95.081067
1553744944,34.2117859384718,117.136248342859,45.6009373134002,4.15872198088936,-0.350592656484124,-0.0605992977439221,-1.866027,0.249199,95.631874
1553744945,34.2117832829723,117.136293539001,45.5130699677393,4.14581887120474,-0.243042612531859,-0.049821437718379,-1.740557,0.588226,93.933904
1553744946,34.2117821144804,117.136338526696,45.4262567609549,4.12434082568204,-0.0555217495888803,-0.0837441874700139,-1.829028,0.970984,91.638678
1553744947,34.211781876163,117.136383059203,45.3441968224943,4.07630729107964,0.0108537221528237,-0.0710989831599887,-1.795107,0.915681,90.810453
1553744948,34.2117819763207,117.13642720544,45.2656063791364,4.05422549532621,-0.0217347213045346,-0.0729673552811401,-1.750689,0.511913,91.243345
1553744949,34.211781155107,117.136471089121,45.1772693255916,4.05013063457943,-0.144329894918585,-0.0936307869988511,-1.919071,0.323414,93.114033
1553744950,34.2117796542917,117.13651477905,45.0877614924684,4.0058676087433,-0.146888344467734,-0.096982036897225,-1.827433,0.259235,93.123014
1553744951,34.2117781214498,117.136558181806,45.0052574221045,3.99116047810702,-0.164225706810018,-0.0608108149865184,-1.725614,0.240901,93.465586
1553744952,34.2117766918276,117.136601201305,44.9290340868756,3.94812192770461,-0.147355939870406,-0.0909586222571763,-1.726448,0.413093,93.295722
1553744953,34.2117749187012,117.136643873996,44.8519403096288,3.91136746529163,-0.158544885851351,-0.0887303253037372,-1.633287,1.009636,93.305664
1553744954,34.2117734803163,117.136686335207,44.7771466271952,3.89306830265024,-0.176279346954399,-0.105331774585347,-1.732599,1.053587,93.379379
1553744955,34.211771570712,117.136728594701,44.6974196741357,3.9038787100314,-0.25461040050897,-0.0594858076874623,-1.894617,1.073022,94.336105
1553744956,34.2117695026778,117.1367707668,44.6061911685392,3.89683865029019,-0.199733559639818,-0.0903993294120387,-1.995678,1.083598,93.865579
1553744957,34.2117675122744,117.136813031969,44.5111898137257,3.90948585475868,-0.272490946344596,-0.100772196572173,-2.12903,0.948224,94.459841
1553744958,34.211765157062,117.136855284575,44.4205724997446,3.88121902556105,-0.222207946959511,-0.0555653122996647,-2.116013,0.861454,94.06049
1553744959,34.2117641463101,117.136897327289,44.3364805895835,3.85254621452046,0.027930803429473,-0.0962160859930624,-1.899291,0.845912,90.914551
1553744960,34.2117653349745,117.136938927521,44.2652680799365,3.81006593146544,0.199447971796753,-0.0888150011685524,-1.813352,0.993862,87.742983
1553744961,34.2117673788242,117.136979897058,44.2021506987512,3.71213037776579,0.275586972783843,-0.0923086068588055,-1.710517,1.502183,86.368405
1553744962,34.2117704843525,117.13701994125,44.1472312314436,3.62598703972071,0.445314350534963,-0.0520395713385535,-1.422964,1.764982,84.448988
1553744963,34.2117743482537,117.137058977168,44.0824094656855,3.57431769488557,0.447583615252092,-0.130076605835773,-2.044094,1.476144,83.903735
1553744964,34.2117782980143,117.137097855573,43.9946868177503,3.58587416968015,0.42827161886296,-0.0803296937453892,-1.830378,1.155864,84.070055
1553744965,34.2117818408055,117.137136666974,43.9200053391978,3.59711800589402,0.321894111739484,-0.0519252587903706,-1.810353,0.462167,85.611952
1553744966,34.2117841463676,117.137176106167,43.8408675249666,3.72017231726475,0.201094859504937,-0.087680028157404,-1.962232,0.723515,87.81524
1553744967,34.2117854962854,117.137217631104,43.7557962201536,3.89351803993659,0.114398179171826,-0.0704367041426875,-1.927956,0.533737,88.970064
1553744968,34.2117866642516,117.137260363753,43.6648395359516,4.00375943289221,0.0937748221804209,-0.111246061735462,-2.179152,0.56387,89.422371
1553744969,34.2117871417575,117.1373039031,43.5638123126701,4.04000043904145,0.0214654691836004,-0.10804946171829,-2.093225,0.411852,90.606803
1553744970,34.2117872225584,117.137347744331,43.4759300844744,4.03668306904642,-0.0291103203764602,-0.0656763985125584,-1.84748,0.467492,90.788249
1553744971,34.2117872784411,117.13739144819,43.402784653008,3.99593508431917,-0.00791872060971729,-0.0452669390508873,-1.599514,0.214315,90.84895
1553744972,34.2117870997125,117.137434537619,43.3447952689603,3.92685320828676,-0.0460653273116739,-0.0460745720284832,-1.302293,0.238371,91.704691
1553744973,34.211786387474,117.137476686333,43.2920353841037,3.85165359629286,-0.0744768255718636,-0.057643530573528,-1.396316,0.699067,91.999192
1553744974,34.2117857747589,117.13751812298,43.2319308584556,3.80770337701146,-0.0503376125069307,-0.0806976918047023,-1.613561,0.448716,92.314103
1553744975,34.2117848044628,117.137559165259,43.1590240644291,3.7709580912305,-0.10932425376955,-0.0579679370079738,-1.881108,0.668323,92.391355
1553744976,34.2117838726065,117.137600010183,43.0709529463202,3.76069055792284,-0.128936359984287,-0.0735862937237648,-2.038795,0.616061,92.524773
1553744977,34.2117831539682,117.137640779309,42.9783303849399,3.73754359193368,-0.0281617099012768,-0.0724072958405357,-1.796324,0.512171,91.434621
1553744978,34.2117838181065,117.137681396496,42.8984318841249,3.72722621525957,0.182848729016685,-0.0875218977100756,-1.740806,0.667241,88.620365
1553744979,34.2117857600555,117.137721979325,42.8110331492499,3.75074400419332,0.258746623908684,-0.0675396152176698,-1.903784,0.557943,87.096636
1553744980,34.2117878778713,117.137763063233,42.7233983250335,3.84149285920908,0.154421123080051,-0.0795030149891334,-1.724107,0.072354,88.263502
1553744981,34.2117890354197,117.137805353739,42.6376984724775,3.97631673551056,0.0862575799583568,-0.0966325452339107,-1.724073,0.117993,89.547915
1553744982,34.2117895657474,117.137849275877,42.5476174168289,4.09841356669894,0.0214836072627767,-0.0867334475106145,-1.811361,0.161131,90.641401
1553744983,34.2117894521898,117.137894169114,42.4576525716111,4.16757178438787,-0.0274023927955034,-0.100202449287415,-1.825703,0.295757,91.376597
1553744984,34.2117889413563,117.137939681105,42.3649188522249,4.19096443878999,-0.075484210569338,-0.0952901188603713,-1.745892,0.44536,91.822403
1553744985,34.2117889652545,117.137985594355,42.2756490726024,4.244086308968,0.0659814579183192,-0.0952672516730173,-1.745984,0.332507,90.153757
1553744986,34.2117895569979,117.138031754118,42.1862192833796,4.26776964872913,0.0392046149634544,-0.111019023378711,-1.790093,0.013139,90.460002
1553744987,34.2117898623469,117.138078174126,42.0954942340031,4.30650087755984,0.00320496427059101,-0.0598491418514588,-1.802856,0.285187,90.384166
1553744988,34.2117900970239,117.138124870684,42.0002924241126,4.32622664130695,0.0152917850685947,-0.111419070878475,-1.767485,0.222748,90.858003
1553744989,34.2117901811763,117.138171813122,41.911863418296,4.32360172982702,0.0475173075681475,-0.0965670094717857,-1.578499,0.178196,90.50082
1553744990,34.2117904397572,117.138218872898,41.8269900921732,4.34804075489525,0.0269992384377498,-0.0912887446167717,-1.711629,0.109365,90.584158
1553744991,34.2117907758243,117.138265850715,41.741924664937,4.32671413155756,0.0329214774532402,-0.0501996026123553,-1.438097,0.127264,90.280357
1553744992,34.2117909563218,117.138312568629,41.6751264873892,4.29325065309057,-0.0564015178323315,-0.0664431977225653,-1.367459,-0.062358,91.147359
1553744993,34.2117908543473,117.138358652311,41.6241786368191,4.21590449200644,-0.0243647570277729,-0.0477563911415124,-1.353945,-0.548805,91.220109
1553744994,34.2117907755964,117.138403793719,41.5836702939123,4.13253899234438,-0.0328049519352754,-0.0317854035965523,-1.300443,-0.889683,91.343514
1553744995,34.2117903355069,117.138447694808,41.5469797104597,3.93308796205552,-0.0122415706709486,-0.127836718831045,-1.515704,-0.489657,91.524905
1553744996,34.2117903115197,117.138490673087,41.4957579933107,3.98140628279425,-0.0226824944939585,-0.0288879866041252,-1.548303,-0.865872,90.786856
1553744997,34.2117903677826,117.138534088584,41.4456717930734,4.04234514993368,-0.0236804101763657,-0.0434272608104396,-1.478016,-0.282426,90.802128
1553744998,34.2117905732089,117.138579276728,41.3925919970497,4.2853396315889,0.0147662719283721,0.0191885160149049,-1.176956,-0.784035,90.60801
1553744999,34.2117909069134,117.138626275417,41.3452617237344,4.38927650641317,0.0358281803233875,-0.042024894337972,-1.199402,0.023747,90.441489
1553745000,34.2117909144239,117.138673868837,41.2977938931435,4.40262512874176,-0.0110230867434022,-0.0656008180608656,-1.204926,-0.003059,91.458685
1553745001,34.2117905382196,117.138721473705,41.256016000174,4.43569435675782,-0.0376146186019364,-0.0264898828659523,-1.196306,0.074506,91.432156
1553745002,34.2117901253574,117.138769632155,41.2077690148726,4.46177026352582,-0.0572581074006198,-0.0562905378690118,-1.278044,0.321156,91.448101
1553745003,34.2117896812941,117.13881808176,41.1574983065948,4.46913004677798,-0.116700638500502,-0.0133261382170077,-1.231828,0.095114,92.357368
1553745004,34.2117883642879,117.138865618394,41.1020295741037,4.35536497846714,-0.158035074521663,-0.0752517080392022,-1.437383,0.368823,93.290649
1553745005,34.2117860988716,117.138912513167,41.0430041020736,4.30937521236649,-0.256635431919706,-0.0974142398453863,-1.397426,0.91966,94.566401
1553745006,34.2117845643139,117.138959092918,40.98034392111,4.30876822130717,-0.0508285191056379,-0.0461830780583427,-1.364253,1.152969,91.518796
1553745007,34.211785986205,117.139006313778,40.9191012829542,4.37048905578252,0.333643339549546,-0.0549775887019604,-1.314993,1.186707,86.654988
1553745008,34.2117907461436,117.139053653568,40.8663814421743,4.37093528071123,0.647328305648974,-0.0574790095555855,-1.279235,1.241941,82.282559
1553745009,34.211797554715,117.139101191182,40.8191279405728,4.37044087945492,0.8213806378503,-0.0413565829579561,-1.297467,1.394588,80.339085
1553745010,34.2118053076613,117.139149041372,40.7671969085932,4.39198445465397,0.94032732313805,-0.077576255632156,-1.108298,1.22842,79.738668
1553745011,34.2118130335237,117.139196312996,40.7250204579905,4.33332035680945,0.858547674991239,-0.015986714106844,-1.121406,1.180906,80.062192
1553745012,34.2118203786939,117.139242660939,40.6720338938758,4.21233265759579,0.764354609571999,-0.0517456527451869,-1.309992,1.098053,80.419676
1553745013,34.2118276650799,117.1392886925,40.6250810865313,4.33480167336673,0.828290309094935,-0.0532974336758688,-1.133777,0.987065,80.249567
1553745014,34.2118352409343,117.139336910161,40.5753650590777,4.49060839551159,0.854259341553622,-0.055921512221478,-1.258724,1.125543,80.322271
1553745015,34.2118437632373,117.139385556281,40.5277474969625,4.4596337978958,1.02445998896706,-0.0341338493453817,-1.161689,1.103262,78.283431
1553745016,34.2118530748981,117.139433227834,40.4758440498263,4.32494571866655,1.04475844323391,-0.0657672097580101,-1.191187,1.26139,77.330465
1553745017,34.211863238162,117.139480541536,40.4201706843451,4.35176210882018,1.18320367904623,-0.0773084867811722,-1.286726,1.131935,76.269931
1553745018,34.2118741418653,117.139528054706,40.3610784206539,4.39413377161212,1.21058180308569,-0.0446552932547922,-1.146218,0.9653,75.342581
1553745019,34.2118854848209,117.139575531452,40.3085782080889,4.3578279223447,1.28242454598369,-0.0400510061216702,-1.364729,0.754511,74.596449
1553745020,34.2118969253763,117.139622708617,40.2490474982187,4.38555760218374,1.19204142417551,-0.0476210140380848,-1.310873,0.732815,75.666031
1553745021,34.2119065359198,117.139670325211,40.1839531268924,4.42313624971443,0.958618031725272,-0.0457841207552202,-1.50734,0.840514,78.634819
1553745022,34.2119147946021,117.13971828142,40.1259903442115,4.41654862273008,0.87000455376519,-0.0666283684993959,-1.32644,1.138413,79.196982
1553745023,34.2119235317187,117.139766138314,40.075341142714,4.38028761294226,0.978267199293896,-0.0426698334925946,-1.357801,1.580725,77.627256
1553745024,34.2119336533352,117.139813874227,40.0175714064389,4.37906886224971,1.26649942749724,-0.0770979884573251,-1.312213,1.272435,75.018811
1553745025,34.2119463572126,117.139861200117,39.9653558749706,4.30505103059283,1.57000938165506,-0.0592972639055328,-1.204264,1.06676,70.781541
1553745026,34.2119618746771,117.13990790971,39.9094104897231,4.25353508223358,1.80750229299773,-0.0493332039918524,-1.348272,0.976522,67.587001
1553745027,34.2119792985238,117.139953913994,39.8536841543391,4.18437847857868,2.02005791309543,-0.0862831139221351,-1.365168,0.903283,65.180617
1553745028,34.2119976249869,117.139999327469,39.7983155595139,4.19492354224752,2.02762838552148,-0.0582889777320453,-1.246625,1.074562,64.783489
1553745029,34.2120155431973,117.140044937095,39.7437480222434,4.20576766863095,1.94833744877379,-0.0715017706368315,-1.319192,0.91574,66.281523
1553745030,34.2120326566171,117.140091065755,39.6853134622797,4.23260739901186,1.88963540344646,-0.0580831117608644,-1.227251,0.985977,66.624309
1553745031,34.2120503271052,117.140136847532,39.6409279005602,4.20483474059597,1.97088468850787,-0.0513064214543679,-1.105862,1.068929,65.575476
1553745032,34.2120682762256,117.14018166571,39.5937691517174,4.04210469395132,2.05900340756095,-0.0528546193730584,-1.257998,1.282281,64.133777
1553745033,34.2120871393621,117.140225117153,39.5415513943881,3.92861060732383,2.1501859929782,-0.0571304789325368,-1.415161,1.211722,61.979174
1553745034,34.2121074589779,117.140267128019,39.4829205637798,3.83418593523256,2.3069723729981,-0.0511828515064279,-1.229168,1.069863,59.676231
1553745035,34.2121290303184,117.140308457925,39.4281614320353,3.77411606921272,2.46185685487426,-0.0904584004885838,-1.213134,1.130069,57.989358
1553745036,34.2121515199378,117.140349530784,39.3872121693566,3.7826496677315,2.53659149452787,-0.0438643488454069,-1.170703,0.614696,57.345342
1553745037,34.2121741169325,117.140390647728,39.3500881856307,3.80059037302663,2.4746658533802,-0.0381540374187623,-0.96213,0.35738,58.014449
1553745038,34.2121960292512,117.140432589468,39.3179573221132,3.90367697922837,2.39089337459027,-0.067896341453896,-1.012432,0.083993,59.512634
1553745039,34.2122181482929,117.140475013247,39.2841143943369,3.91925529022831,2.52827668762104,-0.0191823056335922,-1.084244,0.06175,58.299275
1553745040,34.2122411371368,117.140517550336,39.2435338366777,3.93586530878444,2.53583654655196,-0.0214074818366656,-0.891701,0.383686,57.782716
1553745041,34.2122640560688,117.140560071868,39.2090247794986,3.91199656645554,2.53832907876818,-0.0535289820557978,-0.977403,0.40576,58.314499
1553745042,34.2122866044795,117.140602692501,39.1780537441373,3.92772367685216,2.50082798249599,-0.0339428970472724,-1.075292,0.957616,58.270251
1553745043,34.2123099311568,117.140644289816,39.1446079546586,3.71014243472527,2.61186560439951,-0.0389638114877231,-0.928476,0.861827,55.803929
1553745044,34.212333603378,117.140683524716,39.1259295940399,3.47539063857475,2.63098683187253,-0.0315150729077918,-0.759329,1.057971,54.180174
1553745045,34.2123566207381,117.140720482963,39.1180510930717,3.30773800716966,2.4856603143615,0.0239390378579452,-0.816935,0.997936,54.013507
1553745046,34.2123786576226,117.14075528465,39.1100687105209,3.1109816235725,2.40341324442304,0.0186310044309401,-0.689053,0.972648,53.451478
1553745047,34.2123997011565,117.140788118928,39.1023043068126,2.93772174024639,2.29822647923383,-0.0311933812238232,-0.73901,1.060405,53.137298
1553745048,34.2124214885768,117.140820977413,39.0976742133498,3.06168192907327,2.55694077746789,-0.0257609337582865,-0.647855,1.242507,51.082682
1553745049,34.2124460694262,117.140854136434,39.092606282793,3.05235240068982,2.80662979910356,-0.0248393395044653,-0.774007,1.045055,48.110944
1553745050,34.2124718739487,117.140887474339,39.0799809871241,3.08805446644397,2.84383778262281,-0.0439917992633989,-0.761041,0.839614,48.437546
1553745051,34.212497421278,117.140921344101,39.0701898531988,3.1289677714154,2.8291269477378,-0.0259113686925754,-0.55051,0.496361,49.207087
1553745052,34.2125227255665,117.14095548897,39.0591453649104,3.14500917255053,2.82328533783232,-0.0226540449822976,-0.831254,0.888323,49.127344
1553745053,34.212548225493,117.140989441218,39.0464192274958,3.05460795817399,2.87965053656518,-0.0308546450308751,-0.836529,0.954511,48.06765
1553745054,34.2125746206679,117.141022851679,39.0281404647976,3.11926516498586,2.93273605534466,-0.0253389065908893,-0.810969,0.751579,47.46375
1553745055,34.2126009519432,117.141057037603,39.0167310172692,3.20173334217488,2.87020948683509,0.0186039589203664,-0.794121,0.627858,48.761952
1553745056,34.2126270472389,117.14109172171,39.0064733112231,3.19324010212949,2.93923166595488,0.0113518280501308,-0.878935,0.90726,48.077794
1553745057,34.2126545608247,117.141125785244,38.9889210937545,3.10323713443118,3.10902678434908,-0.0213948986292318,-0.872322,0.991904,45.633384
1553745058,34.2126831114365,117.141158656839,38.9746994562447,2.93193049921724,3.17365004127682,-0.0292910099411994,-0.737226,0.906272,43.671841
1553745059,34.2127122778025,117.141189994126,38.9613968236372,2.82845099407389,3.30022075900947,-0.0304781220780563,-0.711441,0.930739,41.74345
1553745060,34.2127424249155,117.141220464061,38.9534927122295,2.76621149927741,3.3746062442369,0.0290798490828987,-0.792592,1.121625,40.328633
1553745061,34.2127730625954,117.141250388795,38.9473680080846,2.75422631614495,3.41204030462598,-0.00996790160969163,-0.753916,1.078651,39.69883
1553745062,34.212803988218,117.141280063214,38.9405098045245,2.7264160190796,3.41734237212499,0.00357807004927579,-0.675334,1.142259,39.293015
1553745063,34.2128351133251,117.141309422967,38.9402356641367,2.67680838183925,3.46495149196349,-0.0219782905425563,-0.720496,1.112364,38.589327
1553745064,34.2128666901713,117.141338150608,38.9338476182893,2.60363647566246,3.51601658183311,-0.008154684210395,-0.62488,1.257545,37.540395
1553745065,34.2128987820645,117.141366022333,38.9323594756424,2.47275706552734,3.74759180587615,0.076322679555465,-0.612689,0.355249,36.666042
1553745066,34.2129315060614,117.141393844995,38.9309021523222,2.58054007884507,3.62840306385844,-0.00448415621393994,-0.698134,0.63665,36.186586
1553745067,34.2129639187969,117.141421440942,38.9446574309841,2.52079656288824,3.55567880030327,0.0313362027813202,-0.267303,1.061686,35.88407
1553745068,34.2129966922024,117.141447996277,38.9547069473192,2.41318281607172,3.66557450021005,-0.0218009088353939,-1.021328,-0.271508,34.64779
1553745069,34.2130295584254,117.141474169593,38.9567298870534,2.38261909088887,3.644454351637,0.0359408759771422,-0.623437,-0.272411,34.436894
1553745070,34.2130622559682,117.141499610325,38.9435900589451,2.30457029703234,3.57533468866204,0.016661635159201,-1.103403,0.584328,33.324169
1553745071,34.2130948099058,117.141523064977,38.9325386099517,2.01747901757829,3.59871056657595,0.0285249302530519,-0.647537,0.636601,29.946131
1553745072,34.2131278606539,117.141543339142,38.9240270843729,1.76393699865991,3.70800096254127,-0.00949350049432129,-0.618894,0.995695,26.235437
1553745073,34.2131619414074,117.141561848696,38.9182145502418,1.66953646151239,3.82718021808073,-0.0318210938247776,-0.54957,0.650999,25.050539
1553745074,34.2131967722267,117.141580645628,38.9038596693426,1.80662790792507,3.95386577248386,-0.0278398183699204,-0.696318,-0.205982,25.664866
1553745075,34.2132335300557,117.141600901901,38.889922009781,1.89653940289851,4.06245606854378,-0.0096945554410941,-0.860762,-0.281949,25.920912
1553745076,34.2132700663625,117.141621753407,38.87833539024,1.94342778319303,4.02203251636089,-0.0284936633143928,-0.44789,-0.280329,27.00305
1553745077,34.2133061752918,117.14164322692,38.879563184455,1.97419195492888,4.01814405290722,0.0341393494427193,-0.588636,-0.254213,27.352297
1553745078,34.2133420624964,117.14166519018,38.8689469993114,2.09393197007226,3.96264070772454,0.0108409498489248,-0.703584,0.192527,28.564407
1553745079,34.2133780110485,117.14168745696,38.8340970659629,2.02867284510036,4.02439728889792,-0.00528664955522418,-0.320678,0.26551,27.512968
1553745080,34.2134142711747,117.141708815384,38.8320075683296,1.90925570410623,4.01910510928783,-0.00817170938433653,-0.844328,0.650289,26.555585
1553745081,34.2134494357969,117.141729399485,38.8307947777212,1.97621837665194,3.82313028499724,0.0346229940946732,-0.666889,0.10901,28.369527
1553745082,34.2134829457621,117.141751720306,38.8203061269596,2.15904377654329,3.73016357308812,-0.0171665073950806,-0.997469,0.636096,30.836572
1553745083,34.213517076166,117.141775166117,38.8135307347402,2.10288609657978,3.86930688994585,0.00050619072628777,-0.57663,0.749431,29.993532
1553745084,34.2135519809947,117.141797315779,38.8155813580379,1.88033890558382,3.85430769427452,-0.0307863282012273,-0.612359,0.972167,27.171062
1553745085,34.2135871131326,117.14181680388,38.8036710685119,1.63526849986049,3.90820351233268,-0.0495806368909022,-0.808979,1.419923,24.201998
1553745086,34.2136226057281,117.141834750996,38.7934259884059,1.67042471121088,4.01761599604649,-0.00774548174475309,-0.905683,1.366245,23.617695
1553745087,34.2136591198725,117.141853826766,38.7765899561346,1.86371401054473,4.09516404791115,-0.0186415556025179,-0.895533,1.115967,25.227456
1553745088,34.2136955721306,117.141874964942,38.7574033392593,2.02194988962579,3.99340426000553,-0.023707804873657,-0.984445,1.537334,27.487398
1553745089,34.2137313285732,117.141895773903,38.7307987092063,1.85375289356688,3.94420246958121,-0.0527170612028445,-0.664808,1.473748,26.047731
1553745090,34.2137668491269,117.141915560397,38.7231162963435,1.90553020438498,3.95565501147214,0.0211440391570725,-0.59288,0.056194,26.640442
1553745091,34.2138022915839,117.141937277593,38.719284620136,2.12643435347218,3.90180344252119,-0.0116977050394711,-0.461939,0.33103,29.463858
1553745092,34.213836944286,117.141961416266,38.7126890998334,2.33646922642585,3.78629117221509,0.0372520223761836,-0.771028,0.620273,32.069512
1553745093,34.2138712122311,117.141986606235,38.6977262757719,2.33532082633305,3.7930632772637,-0.0349515774846276,-0.838652,0.709535,32.419975
1553745094,34.2139049501224,117.142011501641,38.6803150596097,2.25100355492315,3.69775404682371,-0.017492996375591,-0.616076,0.796422,32.488338
1553745095,34.2139376302271,117.142035602671,38.6736321663484,2.16196074622905,3.63230470394781,-0.00304457605076092,-0.693746,0.599263,32.149679
1553745096,34.213969757853,117.142059283114,38.6610451424494,2.18832016069572,3.57267240303458,0.013519426311716,-0.85076,0.54555,32.521405
1553745097,34.2140016519408,117.142083350814,38.6420977097005,2.24282874909801,3.51088401401658,-0.0218778962040842,-1.048696,0.488262,33.419436
1553745098,34.214032677414,117.142107660496,38.6190230762586,2.26308316837603,3.35794698698021,0.0198646833264213,-0.944719,0.626442,34.593818
1553745099,34.2140624345535,117.142131487007,38.5841138316318,2.12463493347869,3.29601860140593,-0.045560713647403,-1.246599,0.48669,34.633903
1553745100,34.2140912257431,117.142154477759,38.5413931626827,2.06842727734778,3.16808668692774,-0.0423714813865157,-0.786168,0.480103,34.824003
1553745101,34.2141198686612,117.14217754089,38.5459826374426,2.1557428505756,3.26153442693527,0.00871459168184763,-0.261441,-0.044385,34.574459
1553745102,34.2141498901998,117.142201671509,38.5497537786141,2.26978838110743,3.37428207051759,-0.0219365807100178,-0.801468,0.443861,34.963317
1553745103,34.2141805497483,117.14222696325,38.5348090101033,2.37508181343011,3.39161702715576,-0.0332012141441655,-0.846103,0.060298,36.194551
1553745104,34.2142111111441,117.142253350841,38.523429274559,2.47001782617325,3.42566050427664,-0.0245773844320885,-0.913675,-0.299503,37.362718
1553745105,34.2142411382372,117.142280337891,38.4978444082662,2.47552701394696,3.25214857003934,-0.0521697384499411,-1.07745,0.003675,38.287349
1553745106,34.2142695386425,117.14230697054,38.4584179464728,2.41913904633972,3.06371516377497,-0.0684884642102344,-1.094281,0.487047,39.420333
1553745107,34.2142964545973,117.142333131199,38.4281850997359,2.35832974942299,2.90692805842838,-0.0157497970876583,-1.288597,0.605969,40.124664
1553745108,34.2143225105987,117.142357962388,38.3835188783705,2.23331978328603,2.85610477462125,-0.0761660158398634,-1.77666,0.381454,39.056933
1553745109,34.2143485214647,117.142382110729,38.3195406189188,2.29133706393935,2.96096203496319,-0.043638136124672,-1.471229,-0.242858,38.824341
1553745110,34.2143761748985,117.142408118827,38.261481480673,2.4728445942914,3.16499265842251,-0.0573679755212695,-1.33923,0.548581,38.919001
1553745111,34.2144047354313,117.14243479288,38.2066107494757,2.44295021743414,3.20127228261634,-0.094715403662043,-1.49899,0.045117,38.80589
1553745112,34.2144332757967,117.142461953446,38.1372473239899,2.52242038789812,3.17947053837137,-0.0928842416363003,-1.44295,0.333086,40.033653
1553745113,34.2144614866365,117.142489859786,38.0611760690808,2.57364543115821,3.15297822016025,-0.0859333338905786,-1.623836,0.160669,40.763856
1553745114,34.2144894830915,117.142518084566,37.9898467883468,2.60175626349685,3.10877757141458,-0.108071073024,-1.56565,-0.039986,41.435218
1553745115,34.2145170438599,117.14254689817,37.9220144441351,2.6761460285804,3.03155457655601,-0.0709738196497269,-1.489367,0.09989,42.586651
1553745116,34.2145439113787,117.142576429617,37.8605709895492,2.73188802720616,2.94387706961239,-0.110980204622092,-1.478721,0.569913,43.978102
1553745117,34.2145703280657,117.142606322103,37.7979812752455,2.77823540817463,2.89312531256544,-0.0719092661476866,-1.484399,0.319245,44.51234
1553745118,34.2145965538712,117.142636485969,37.7256284961477,2.826605040994,2.8869507476246,-0.0841684205451536,-1.815665,0.317861,45.21823
1553745119,34.2146225414169,117.142667279977,37.6441279537976,2.89391536809729,2.86540108844163,-0.0720378001317679,-1.991942,0.202693,46.101205
1553745120,34.2146484927194,117.142698603833,37.5507570495829,2.92437485580394,2.88701336949304,-0.0629166679833344,-2.003638,0.391505,46.123511
1553745121,34.2146749337078,117.142730052208,37.4593106471002,2.92510251862066,2.94560076599884,-0.0565984355446911,-1.933578,0.232553,45.584126
1553745122,34.2147016773677,117.142761501828,37.3771777059883,2.90570662309178,2.94145509269152,-0.0931823921117605,-1.752923,0.268514,45.541653
1553745123,34.214728157515,117.142793240675,37.2971303295344,2.94728356378199,2.89075953182379,-0.0719786345413347,-1.854523,0.370801,46.255155
1553745124,34.2147540705794,117.142825465363,37.2224520118907,2.96538032496029,2.83846163274405,-0.0786516864305875,-1.446145,0.438668,47.447849
1553745125,34.214779242676,117.142858014234,37.1566112460569,3.01506146260225,2.74020629825778,-0.0426358970726264,-1.549404,0.671721,48.494315
1553745126,34.2148036943603,117.142890568867,37.0802488178015,2.98667667197591,2.73194295535718,-0.076721220983075,-1.822327,0.678499,49.224141
1553745127,34.2148278316209,117.142923068817,36.9947143588215,3.00993216320496,2.64737431970809,-0.0803964194133902,-1.970485,0.526543,49.545817
1553745128,34.2148514922607,117.142955832506,36.9086833335459,3.04651312287827,2.5891240097093,-0.0551965078363537,-1.573456,0.982277,50.393472
1553745129,34.214874750219,117.142988858955,36.8385484302416,3.08694672134067,2.52551871760754,-0.0665818790517705,-1.360934,0.625211,51.305175
1553745130,34.2148973647129,117.143022287571,36.7809071866795,3.10239625791681,2.48765158673227,-0.0678014888642977,-1.389796,0.658644,52.35388
1553745131,34.214919367752,117.143056052227,36.7180887442082,3.16717718355729,2.41007670056486,-0.0586428627243829,-1.623929,0.776167,53.340969
1553745132,34.2149409953065,117.143090479965,36.6471669292077,3.22006385049761,2.39894851004129,-0.0796231429243983,-1.836322,0.746003,54.33347
1553745133,34.2149626725632,117.143126312029,36.5610243985429,3.39531391010467,2.38774445616252,-0.0791508933296945,-1.768109,0.954877,55.350891
1553745134,34.2149847187536,117.143163412983,36.478720696643,3.41773706154746,2.48963045376363,-0.0707077210608815,-1.738117,0.70262,54.989228
1553745135,34.2150077878556,117.143200526253,36.3913836535066,3.40775902741749,2.60114558643399,-0.0853173442483091,-1.588708,0.870471,53.405691
1553745136,34.215031687253,117.143237144068,36.3179863961414,3.34925924079425,2.65561900608931,-0.0587216523229013,-1.706015,0.850958,52.493818
1553745137,34.2150556791467,117.143273180064,36.2455069189891,3.29824435159121,2.65389550360667,-0.0561858801920845,-1.516235,0.874621,52.048153
1553745138,34.215079442033,117.143308510471,36.1765972487628,3.21069970857358,2.62544412740307,-0.089036595005852,-1.614304,0.904045,51.933123
1553745139,34.215102737616,117.143343366801,36.1092275809497,3.15624300805324,2.54354119634928,-0.103746116019416,-1.493101,0.990566,52.274189
1553745140,34.2151255657856,117.143378049631,36.0469726016745,3.2523673809195,2.57067979274806,-0.0814114407663578,-1.626971,1.013181,52.807816
1553745141,34.2151494738863,117.143414799262,35.9668261753395,3.4763830229771,2.73437777282304,-0.124744831748177,-1.712479,0.667931,52.904848
1553745142,34.2151750386184,117.143453574816,35.8814149191603,3.63957667690587,2.91958078901129,-0.100113082856622,-1.521382,0.526811,52.425821
1553745143,34.2152017077634,117.143493910874,35.7972381245345,3.74347966327198,2.97136730138927,-0.0820144554559692,-1.659961,0.614384,52.770101
1553745144,34.2152286360742,117.143535079086,35.7081312993541,3.81649040817631,2.99568234802561,-0.0786462588171477,-1.606502,0.438838,52.868185
1553745145,34.2152557748781,117.143576204973,35.6202561082318,3.74329219896289,3.03705851182053,-0.121709116183062,-1.713184,0.432666,52.276922
1553745146,34.2152826993149,117.143616747084,35.5317842727527,3.7200307728404,2.946373010959,-0.0754859550700329,-1.600454,0.54359,52.559188
1553745147,34.2153089888915,117.143656623512,35.4579590009525,3.60246604527828,2.91556098847462,-0.0497344458298308,-1.510964,0.599084,52.127774
1553745148,34.2153355216626,117.143696050323,35.3835875047371,3.69719022817512,3.01073138270821,-0.0812093459046173,-1.507032,0.979459,51.737023
1553745149,34.2153630184006,117.143736368403,35.2942371787503,3.69563302732435,3.08484622109709,-0.111952309187514,-1.670757,1.646685,50.891505
1553745150,34.2153914346394,117.14377623584,35.213167482987,3.64550375993455,3.17531982007168,-0.0991734670311699,-1.588495,1.606962,49.846643
1553745151,34.2154205705175,117.143815564499,35.1338572464883,3.60808108517232,3.27851290892782,-0.099764667168962,-1.473499,1.433578,48.641134
1553745152,34.2154507360175,117.143854729466,35.0644262181595,3.59457186726147,3.39164704026218,-0.0651800995180318,-1.28568,1.141125,47.599698
1553745153,34.2154819210086,117.143893613885,35.0083055561408,3.53586479341014,3.49087360722271,-0.036818760416045,-1.056607,1.096267,46.546545
1553745154,34.2155126509241,117.143930882843,34.964179311879,3.34782885072352,3.34490188670066,-0.00532490465844249,-1.188138,1.185362,46.015465
1553745155,34.2155427173429,117.143967089459,34.9180304091424,3.34310087041893,3.38865616433479,-0.0518841991369594,-1.194153,1.257176,45.796813
1553745156,34.2155739901201,117.144003788982,34.8796059731394,3.43488485302845,3.50920121267173,-0.0353114063576652,-1.11095,1.163085,45.055808
1553745157,34.2156060736822,117.144040959892,34.8423001589254,3.43492702857455,3.60416816750461,-0.0291398132191483,-1.006967,1.069053,44.635218
1553745158,34.2156382944157,117.144077699275,34.8110739439726,3.33433730682406,3.51602322957371,-0.0400046674695285,-1.153773,1.213833,44.316139
1553745159,34.2156696208477,117.144113258229,34.7781298356131,3.25019863662229,3.44896538446462,-0.0249719695547792,-1.510038,0.964224,44.357954
1553745160,34.2157015436921,117.144148701039,34.7332583880052,3.29683001436719,3.61269466060039,0.01879216956823,-0.898154,1.162214,42.873868
1553745161,34.2157353532857,117.144183835512,34.6989375790581,3.20361342129404,3.83545689150718,-0.0206997655732397,-1.057165,1.140671,40.87297
1553745162,34.2157707695039,117.144218408861,34.6586206117645,3.13602632537127,4.00201767129383,-0.00777465306719249,-0.898912,1.225147,39.361584
1553745163,34.2158071871125,117.14425227952,34.6292327661067,3.08470959025609,4.08202976272671,-0.0205124351405637,-0.927756,1.39346,38.163654
1553745164,34.215843919926,117.144286230649,34.5928884185851,3.21629315031355,4.02851530022881,-0.0147257281148832,-0.957911,1.118624,39.511803
1553745165,34.2158799469364,117.144321487896,34.5507528465241,3.23573583512445,3.97232627253504,-0.0245680650310556,-0.949919,1.036171,40.224895
1553745166,34.2159159437374,117.144356695664,34.5171045372263,3.24189841519345,4.00148825229428,0.00724101629974094,-0.855729,1.031492,40.214666
1553745167,34.2159520835038,117.144391685576,34.4885912071913,3.25218160106388,4.07164474339171,-0.0514676336370257,-1.025567,1.117793,39.611114
1553745168,34.2159887846484,117.144426776992,34.4538665693253,3.18355482850174,4.05054239389803,-0.0417728279876097,-0.915779,1.214573,38.998797
1553745169,34.2160255684897,117.144460897629,34.4269949747249,3.15939433886997,4.06315506532274,-0.0318641908500927,-0.832835,1.087098,38.762988
1553745170,34.2160622773938,117.144494968787,34.4052367350087,3.12430679308747,4.0774197498438,0.00229046966197521,-0.793727,1.069373,38.608835
1553745171,34.2160989616298,117.144528972624,34.3750565713271,3.12428159629007,4.07434572766077,-0.0500938975883214,-0.85695,1.135377,38.667867
1553745172,34.2161352870231,117.144563003006,34.3465078445151,3.14566611076682,3.97616441228105,-0.0533130948532232,-0.937655,1.311387,39.076057
1553745173,34.2161712912665,117.14459703616,34.3169984966516,3.13805101849024,3.97784330494206,0.00290631724510404,-0.914788,1.238166,39.14382
1553745174,34.2162072196544,117.144630661313,34.2856387691572,3.06246352769793,3.95353705221906,-0.012919684629966,-0.91679,1.159402,38.796913
1553745175,34.2162427796231,117.144663599202,34.2592507814988,3.01078522122849,3.91750957989367,-0.0613028798134096,-0.955519,1.241165,38.655738
1553745176,34.2162779947022,117.144696554714,34.2268827874213,3.05633139519618,3.87534902764824,-0.0277545787944951,-0.879205,1.117992,39.181168
1553745177,34.2163129496261,117.144729770735,34.1924960222095,3.05238108421007,3.91669563036769,-0.0618793650198366,-0.976084,1.15245,39.112352
1553745178,34.2163483947854,117.144762986252,34.147498193197,3.02628243784991,3.93342406840635,-0.031348117054093,-0.943706,1.023253,38.42755
1553745179,34.216384101364,117.144795401816,34.1132095921785,2.97887243939356,3.96626670751081,-0.00850850825879634,-0.877891,0.889191,38.102057
1553745180,34.2164192489538,117.144827678288,34.0722986459732,2.96566532957093,3.8248394320703,-0.0761739578933731,-1.069989,1.427029,38.793618
1553745181,34.2164530519741,117.144859562915,34.0230925325304,2.93695333599382,3.66672216778676,-0.0125954934753141,-1.237313,0.925902,39.716689
1553745182,34.2164858678454,117.144890645417,33.9677511854097,2.82632185348501,3.59965843238093,-0.0384571281023989,-1.238834,0.915131,39.14386
1553745183,34.21651847284,117.144921367457,33.9112439444289,2.85184991798113,3.65205631428632,-0.0603798194138561,-1.099956,0.911966,39.095358
1553745184,34.216552134028,117.144953231129,33.8691754965112,2.9795910242525,3.7989939014021,-0.0470496047118052,-1.029834,1.088562,39.123667
1553745185,34.2165865036038,117.144985629337,33.8200340121984,2.99149985593934,3.86082506263031,-0.0383855139413976,-1.184851,1.155777,38.859799
1553745186,34.2166213290289,117.145018172383,33.7605558503419,3.02031596190933,3.8780895845764,-0.0495445681764313,-1.247808,0.99039,38.963536
1553745187,34.2166558833845,117.145050951919,33.6955041307956,3.03275610097149,3.80559361040951,-0.0354076888618633,-1.238247,0.902731,39.544161
1553745188,34.2166898706281,117.145083741669,33.6358247557655,2.97653808063896,3.7724355555469,-0.0737836957035967,-1.243097,0.858929,39.603826
1553745189,34.2167237001338,117.14511590356,33.5840948335826,2.92212588920015,3.7633367185528,-0.0443962887917371,-1.313174,1.015208,38.614067
1553745190,34.2167582450649,117.145147322904,33.5330358268693,2.8884902764395,3.86319339791654,-0.0720880933892123,-0.916142,1.021856,37.973197
1553745191,34.2167920459821,117.145178546722,33.4948655422777,2.85676487337677,3.67028605881952,-0.0462677498445063,-1.170896,1.080541,38.865246
1553745192,34.2168244589815,117.145209087516,33.4448000453413,2.79594584910991,3.55137506609004,-0.0207833779495001,-1.216431,0.977611,39.134393
1553745193,34.2168565268851,117.145239145542,33.3941225046292,2.81218388478444,3.63591040468516,-0.0864079120270844,-1.231271,0.851112,38.931853
1553745194,34.2168899594083,117.145270276346,33.3378051118925,2.92683340786016,3.73965716129402,-0.0344603919891937,-1.220128,0.805143,38.873479
1553745195,34.2169241416228,117.145302397025,33.2872393205762,2.96707841233356,3.79053469301104,-0.0523682742112248,-1.125648,0.850141,39.27483
1553745196,34.2169580376293,117.145334607133,33.2460173685104,2.92880000000553,3.69147797897179,-0.0347403329572962,-1.14961,1.084436,39.0939
1553745197,34.2169920693238,117.145366148505,33.2040041098371,2.86520742258279,3.82648733424639,-0.0394348377504388,-1.298527,0.399295,38.224821
1553745198,34.217026044226,117.145396883982,33.1605871748179,2.80367949868802,3.7302953517843,-0.0206847067405618,-1.15219,0.6554,37.783782
1553745199,34.2170596462198,117.14542740286,33.1228733258322,2.8684294160763,3.76525360544951,-0.0383010657502811,-1.114871,0.717296,38.120503
1553745200,34.2170935457943,117.145458511272,33.0828567380086,2.84668908917719,3.72688187659973,-0.031665555924266,-1.156996,0.593181,38.374516
1553745201,34.2171266427533,117.145488929455,33.0475040469319,2.78000632812868,3.60275713765294,-0.00385002017253733,-1.284366,0.569172,38.197406
1553745202,34.217159380079,117.145517690519,33.0085755810142,2.52677511357619,3.56350530466553,-0.0190386195053469,-1.127571,0.671325,35.945072
1553745203,34.2171915111234,117.145544394853,32.9654030017555,2.40740333844811,3.54832859688246,-0.034063684109148,-1.159855,0.708912,35.769614
1553745204,34.2172224430853,117.145570308943,32.9293241994455,2.31098954627683,3.42066153390913,-0.0366058387914203,-1.243301,0.822328,35.371033
1553745205,34.2172532611696,117.145594610715,32.8958180472255,2.13888994796547,3.46510580070232,-0.0166006153918294,-1.20348,0.910263,33.006853
1553745206,34.2172852204418,117.145617765336,32.8611092185602,2.10922182629828,3.6543760207343,-0.0299530724478989,-1.177071,0.814348,31.609911
1553745207,34.2173182051179,117.145641024408,32.8227446852252,2.13395410438577,3.68327918359117,-0.0262170955498826,-1.328945,0.891165,31.195061
1553745208,34.2173517228714,117.145664073267,32.7881214227527,2.11768533323516,3.73509675604638,-0.0241671755171153,-1.044133,0.56862,30.561149
1553745209,34.2173862713644,117.145686984673,32.741859276779,2.11788400895536,3.89245428335254,-0.0474971222462333,-1.462296,0.814355,29.290438
1553745210,34.2174218758303,117.145709428333,32.6887339940295,2.00077079050409,3.97692490038939,0.00256525407096553,-1.248981,1.157745,27.872322
1553745211,34.2174574453224,117.1457304429,32.6573207266629,1.87291134889706,3.90772407287181,-0.0503850123625971,-1.171815,0.950474,26.713297
1553745212,34.2174927010183,117.145750459935,32.6308596553281,1.82481798000377,3.91260899984833,-0.0184432687133302,-0.990672,0.401838,26.252287
1553745213,34.2175279678368,117.145770448755,32.5954735474661,1.86075264529657,3.91376407095091,-0.0361440168715748,-1.146967,0.057738,26.644767
1553745214,34.2175632275834,117.145790015192,32.5612434279174,1.73985329100774,3.88993918520476,-0.0348950021930872,-1.099917,0.296274,25.028045
1553745215,34.2175985304538,117.145808896795,32.5359861720353,1.77211520732552,3.89575668508958,-0.0381122361640407,-0.972228,0.001078,25.423939
1553745216,34.2176335349633,117.1458280337,32.5096066333354,1.77277914327016,3.89036836126687,-0.0141817784507987,-1.052735,0.220243,25.213026
1553745217,34.2176686996304,117.145847016361,32.4837795915082,1.75808604685202,3.8873575205602,-0.0239783070351418,-0.868043,0.400754,25.136471
1553745218,34.2177042558757,117.145865491941,32.4598791021854,1.65682543804089,3.97627966136513,-0.0480366784305071,-0.951769,0.472229,23.831999
1553745219,34.2177400691585,117.1458830576,32.4278417294845,1.53554064716587,3.94100264155547,-0.00860814464370052,-1.110917,0.644276,22.404462
1553745220,34.2177755646193,117.14589897479,32.4067479129881,1.40852552924579,3.93104915706408,-0.0153087624798294,-0.844771,0.401103,21.260353
1553745221,34.2178112649479,117.145914538419,32.393140043132,1.42020749428463,3.98278778672483,0.0135321503591723,-0.862377,0.325022,20.802915
1553745222,34.2178468356101,117.145929358777,32.3775674691424,1.27989283413849,3.92478213654213,0.0134727057691453,-0.884802,0.420648,19.260266
1553745223,34.2178822091768,117.145942760421,32.3639157330617,1.20635912616681,3.90529077106922,0.0225754759783963,-0.882752,0.213781,17.989072
1553745224,34.2179175386164,117.14595521551,32.3485727645457,1.10991605232794,3.91413998984758,0.00956538868733303,-0.691213,0.103454,16.998954
1553745225,34.2179531558858,117.145966968902,32.332518315874,1.0859501196825,4.13273906775316,-0.0237936005754342,-0.83038,0.1669,15.96529
1553745226,34.2179908309821,117.145979031964,32.3222349900752,1.12850173495076,4.18340237070259,0.00307229768309836,-0.713304,-0.061532,16.422383
1553745227,34.218027720663,117.14599149668,32.3191437935457,1.11121538077287,3.99936041044501,0.019408371877381,-0.528675,-0.028523,16.534081
1553745228,34.2180634091487,117.146002733626,32.33060253039,1.00156624528692,3.90332923745766,0.0165807210362663,-0.532749,0.256567,15.359258
1553745229,34.2180980706084,117.146013177565,32.3388712508604,0.939260315346099,3.80127791561709,0.0172704446300032,-0.466471,0.150761,15.06874
1553745230,34.2181323521751,117.146023031503,32.3486466314644,0.881514142526801,3.79337616985297,0.0182222533414602,-0.39342,0.228846,14.117795
1553745231,34.2181667725167,117.146032386777,32.3553492054343,0.848133906978665,3.83627197551109,0.0280571869815966,-0.479251,0.229631,13.802296
1553745232,34.2182012871291,117.146041747503,32.3626816598698,0.848383667267258,3.8335650150911,-0.00352536291667027,-0.392571,0.412721,13.790014
1553745233,34.2182358745091,117.146051069855,32.3705949205905,0.820135675944497,3.86923341945452,-0.0239628633383697,-0.273112,0.664281,13.429442
1553745234,34.218271332152,117.146059932877,32.3717079302296,0.749792808459495,3.89029576509411,-0.0478184532712658,-0.484715,0.912985,12.255399
1553745235,34.218306633587,117.146067499235,32.369850541465,0.633203334386588,3.97738518101841,-0.00516324867470774,-0.655175,0.783925,10.253179
1553745236,34.2183420538505,117.14607358545,32.3752871109173,0.482487719984813,3.86179207433075,0.022551600832047,-0.55272,0.625548,8.244799
1553745237,34.2183774625101,117.146078016715,32.3790622642264,0.366283599213537,3.94296927983914,0.015217857666896,-0.496741,0.463796,6.324129
1553745238,34.2184132782762,117.14608146995,32.3875663625076,0.273742488193477,3.94169843211206,0.0099759933321335,-0.473602,0.319978,5.312731
1553745239,34.2184480490291,117.146084236393,32.3975919894874,0.223369753856189,3.80118730525709,0.00142246778561139,-0.636977,-0.252347,5.058292
1553745240,34.2184821034169,117.146086911252,32.3999891681597,0.218441686775778,3.80236619509615,0.003247748228141,-0.406103,-0.21212,4.842036
1553745241,34.2185166549099,117.146089783923,32.3995484281331,0.319921353849664,3.87438013319531,-0.0492941259431552,-0.329702,0.029922,5.559571
1553745242,34.218551293553,117.146093418216,32.4097903827205,0.342810802744158,3.86726772767966,0.0429659861901395,-0.380234,0.363344,6.040725
1553745243,34.2185860037077,117.146096728397,32.4137050686404,0.256906772226043,3.87277662447866,-0.00247533353191476,-0.348527,0.570286,4.752109
1553745244,34.2186221225474,117.14609865518,32.4190234290436,0.131846728014633,4.05810275529639,-0.00290994289874957,-0.375654,0.72871,2.696211
1553745245,34.2186590064719,117.14609934492,32.4222502904013,0.0505986578824194,4.08951589993586,0.000692814737935254,-0.448013,0.792311,1.560222
1553745246,34.2186960537162,117.146099351278,32.4272926161066,-0.00126184573595467,4.0880854903797,-0.00253595984062605,-0.402208,0.489617,0.897325
1553745247,34.218733095575,117.146098920868,32.4314377326518,-0.0199939809501362,4.10915060940187,0.00561337492548297,-0.301476,0.310507,0.628593
1553745248,34.2187700756513,117.146098878204,32.4367715483531,0.0419949673789103,4.11917752646132,-0.0197971768398346,-0.410545,0.434875,1.53295
1553745249,34.2188071072727,117.146099579079,32.4354787552729,0.11115080648104,4.09675009826504,-0.015268614344121,-0.519542,0.406329,2.503849
1553745250,34.2188440731892,117.146101017066,32.4360144417733,0.16431212325938,4.10996676121951,0.000864766318350085,-0.340525,0.71141,3.094549
1553745251,34.2188810420859,117.146102376815,32.4431795580313,0.121579633550179,4.0930700515351,0.0185996218309243,-0.38264,0.887164,2.581926
1553745252,34.2189179446058,117.146103042048,32.4505044845864,0.0647002845806437,4.05802069949225,0.00434461363326855,-0.668805,0.828395,1.710911
1553745253,34.2189547609829,117.146103552528,32.4452091176063,0.048751106221036,4.08542995160144,0.00494370307280145,-0.581103,1.21728,1.516433
1553745254,34.2189924428759,117.146103727974,32.4534499272704,0.027732216307088,4.28311073771229,0.0325781011167809,-0.463368,0.854561,1.286077
1553745255,34.2190309970845,117.146104584532,32.4563357038423,0.207384956145347,4.20939542293063,-0.00128583641708002,-0.675104,1.025904,3.447695
1553745256,34.2190677687262,117.146107424202,32.4530102983117,0.313511704927566,3.97774798751778,0.0388118367468551,-0.775667,1.146675,5.299921
1553745257,34.2191027800905,117.1461101451,32.4487288752571,0.219539218863751,3.7614909733857,0.00471046904355732,-0.686783,1.072257,3.997115
1553745258,34.2191360967266,117.146111912067,32.45235999953,0.15513569345692,3.60183148998567,0.00297226567487319,-0.715779,0.956067,3.52532
1553745259,34.2191690463924,117.146113298483,32.450054358691,0.0632040383915892,3.75342438753461,-0.0243231698482897,-0.468658,0.994265,2.547312
1553745260,34.2192037266194,117.146113831846,32.4588913051412,0.0308947582201701,3.8797162589903,0.0211486084852213,-0.565697,0.980043,1.390559
1553745261,34.2192389406621,117.146113855368,32.4571252064779,0.0217468577654825,3.88912283424508,0.0517750357877524,-0.324911,1.145167,0.828841
1553745262,34.2192748237121,117.14611275575,32.4742739200592,-0.213056384125938,3.98397915391012,0.0101033852146288,-0.446802,1.178757,358.240899
1553745263,34.2193108184845,117.146108522222,32.4838717840612,-0.580551980057746,3.99714500536761,0.00319445077705649,-0.310283,1.103078,352.91864
1553745264,34.2193470855859,117.146099955891,32.4988436847925,-0.944346828615613,3.89559363938497,0.0102598278239547,-0.45683,1.215101,347.472423
1553745265,34.2193816972065,117.146088169556,32.5188824031502,-1.20889267497815,3.76302591265666,0.000693583918374596,-0.197216,1.239651,343.614992
1553745266,34.2194153907203,117.146074969195,32.5410799114034,-1.22547727075858,3.69569119634748,0.0125713998365571,-0.179452,1.196962,343.115325
1553745267,34.219449779405,117.146061540751,32.5619208421558,-1.35357304175855,3.82595318739713,-0.0367046110216473,-0.295278,1.136328,342.596923
1553745268,34.2194847589494,117.146046510033,32.5806369418278,-1.52040013714776,3.81811201042877,0.0121695842431238,-0.228984,1.027679,339.82846
1553745269,34.2195184973046,117.146029179624,32.6026399489492,-1.69589343747513,3.59916045764182,-0.00908013636140614,-0.320568,0.858972,336.443476
1553745270,34.2195502224777,117.146010185888,32.6169233750552,-1.78705815474129,3.43118118059611,0.0280866070528634,-0.545107,0.691899,333.256343
1553745271,34.2195808140685,117.14598963625,32.6293894639239,-1.98110782178871,3.41420256085371,0.010376507482933,-0.2836,0.896136,330.609594
1553745272,34.2196111158064,117.145966798019,32.6482348637655,-2.14537885748786,3.31578829268094,0.0128279368618285,-0.303327,0.394164,327.92175
1553745273,34.219640338932,117.145942496484,32.6651877891272,-2.27060996429979,3.1725097599463,0.0225657498870824,-0.215171,0.369378,325.303244
1553745274,34.2196685055914,117.145916783896,32.6944179655984,-2.42264980513231,3.05048683251915,0.0437264944813573,-0.176444,0.323232,322.821538
1553745275,34.2196955691863,117.145889845457,32.7239653579891,-2.50984696348796,2.8693850966452,0.0255026865387624,-0.101112,0.382096,320.437529
1553745276,34.2197208432038,117.145862264546,32.7448850106448,-2.67121000087673,2.79746587931703,0.232608652618707,-0.15682,0.097194,317.744559
1553745277,34.2197454064884,117.145832739241,32.7981534851715,-2.73272944914436,2.64897614797589,0.00106077046684172,0.019095,0.049241,315.190093
1553745278,34.2197686357069,117.145803065409,32.8360698809847,-2.71200549792837,2.52342527267765,0.0576374220282434,0.137386,-0.023342,313.915967
1553745279,34.2197907695304,117.14577294618,32.885499256663,-2.85747616167009,2.37877667213132,0.0267119750488944,0.325247,0.31391,311.324405
1553745280,34.2198119600267,117.145741194284,32.9376424858347,-2.9052477406465,2.31144994520431,0.0776963080422814,0.167693,0.517757,309.266322
1553745281,34.2198322823223,117.145709188621,32.9926934745163,-2.93768785411847,2.21138758160883,0.0914605689412704,0.288066,0.553204,307.812107
1553745282,34.2198515619174,117.145677986711,33.0435496615246,-2.89194055736146,2.0689118195015,0.0324452741537409,0.030505,1.24901,307.156718
1553745283,34.2198699123947,117.145644269424,33.0912454109639,-3.20843108224216,1.81608829994026,0.0556621713778761,0.083597,1.359677,301.006727
1553745284,34.2198847656781,117.145608120329,33.1438783165067,-3.38912050171719,1.48911826333299,0.0474238615929419,0.195026,1.270572,294.710826
1553745285,34.2198969772042,117.145570433733,33.198844906874,-3.52899617196467,1.23635261143513,0.0225441446103744,0.396902,0.957831,290.888472
1553745286,34.2199081273444,117.145531001576,33.2615546770394,-3.68897579945391,1.17498420800749,0.0718794962166852,0.332464,1.116772,288.91815
1553745287,34.2199182264187,117.145490990064,33.3178770598024,-3.63471476493177,1.06892846105233,0.0891208322405271,0.354833,0.733721,287.282867
1553745288,34.2199269166878,117.145452386241,33.372814418748,-3.54994951854317,0.909271954503002,0.0589230731497788,0.307139,0.57715,285.290065
1553745289,34.2199344907872,117.145412993599,33.4248700942844,-3.68184516470403,0.760117826725395,0.0061703030554604,0.359155,0.462665,283.375052
1553745290,34.2199417348487,117.14537274426,33.4791882960126,-3.73185834237731,0.833883791998673,0.0470758310686013,0.351113,0.526678,283.498486
1553745291,34.2199491811608,117.145332349814,33.5431955605745,-3.7182584298622,0.850638711484953,0.09001128419219,0.554018,0.326686,283.684091
1553745292,34.2199566561317,117.145291921686,33.606084975414,-3.738110560449,0.841861413450888,0.0513497653565276,0.35853,0.347115,283.764068
1553745293,34.2199639763622,117.145251182318,33.6639837836847,-3.78200462037275,0.781188892341809,0.0712107152118025,0.351682,0.088878,282.953385
1553745294,34.2199708781285,117.145209920522,33.7243421059102,-3.81992553595511,0.762453903706643,0.0471905126119848,0.372698,-0.085357,282.516805
1553745295,34.2199780140297,117.145168825101,33.7874109344557,-3.72124955117912,0.791468984906651,0.0329791415899336,0.126028,0.199576,283.622641
1553745296,34.2199856764887,117.145129493059,33.8197210459039,-3.58449447095333,0.930708190360202,0.0860851444875222,0.446262,0.226329,284.831678
1553745297,34.2199935924634,117.145091319069,33.8924788311124,-3.535028645779,0.916733277203304,0.0977423756104609,0.400697,-0.022241,285.188943
1553745298,34.2200014900487,117.145051816421,33.9504542304203,-3.71344897352334,0.827293399114242,0.0336504505242008,0.400786,0.204926,284.302855
1553745299,34.2200090842227,117.14501075858,34.0081274937838,-3.87162899525192,0.80041229832334,0.0518370120411357,0.413445,0.243534,283.394155
1553745300,34.2200165041712,117.144969062921,34.074657253921,-3.75529181686155,0.82419329236167,0.0613252561245091,0.278205,0.21418,283.330021
1553745301,34.2200237768139,117.144928905868,34.1296492693946,-3.63840787102799,0.834486284406546,0.0497474137916964,0.329289,0.114018,283.539567
1553745302,34.2200311214833,117.144889481962,34.187119170092,-3.63448301617591,0.843813145396681,0.0680410228067932,0.307082,0.038081,284.056563
1553745303,34.2200388634305,117.144849439266,34.2473634583876,-3.72875908763891,0.860451856099255,0.0684709404464346,0.359285,0.157121,284.261992
1553745304,34.220046680846,117.144809401761,34.3095242921263,-3.65141349548239,0.859004177123528,0.0705996366377678,0.192331,0.01458,284.427291
1553745305,34.2200545036025,117.14476987431,34.3672577440739,-3.6252912096061,0.888184492771075,0.0685926552464193,0.402865,0.151661,284.507281
1553745306,34.2200621419474,117.144730490725,34.4301745230332,-3.62056697064546,0.836823809232666,0.0569800260837004,0.338263,0.127033,283.990418
1553745307,34.2200697358623,117.144691107625,34.484334371984,-3.63363984928869,0.848476518885801,0.0771883576758525,0.302017,0.39523,284.205476
1553745308,34.2200773700581,117.144651768589,34.537258984521,-3.64728589760956,0.837472660567182,0.0435789387317165,0.319073,0.561389,284.03783
1553745309,34.2200850467913,117.144612337927,34.5868021501228,-3.63086163190356,0.881120192749139,0.0345255832727632,0.299767,0.816146,284.239773
1553745310,34.2200928228099,117.144572946624,34.6379336332902,-3.63213629099497,0.853383798986648,0.0610823645942601,0.217302,0.78436,284.353978
1553745311,34.2201004379553,117.144534127777,34.6797402435914,-3.59697980316159,0.822219319722848,0.0073270677678921,-0.035981,0.651202,284.144385
1553745312,34.2201075402434,117.144495910647,34.7376236906275,-3.53035376783861,0.804956459836257,0.0504913029703658,0.440935,0.448082,283.807113
1553745313,34.2201147144595,117.144456324754,34.8015574794263,-3.6942157986231,0.834186919429319,0.0910868632489843,0.625753,0.21833,283.551374
1553745314,34.2201219269852,117.144417272446,34.8716902565211,-3.52989406985869,0.734500299036299,0.0545084057008101,0.562426,0.290952,283.513885
1553745315,34.2201283532568,117.144379613198,34.9349203668535,-3.37214044918716,0.697955906694477,0.0975722463927773,0.806734,-0.421552,282.900852
1553745316,34.2201345574568,117.144344646408,34.9952507130802,-3.09830617660762,0.657816833393385,0.0552344973667772,0.330126,0.3663,283.320928
1553745317,34.2201402522279,117.144311871426,35.0390915106982,-2.980528324473,0.615092035250149,0.0611530472339624,0.580586,0.033066,282.935688
1553745318,34.220145745986,117.144279803612,35.0837105438113,-2.87724512343973,0.605322410586764,0.00439077256387155,0.194875,0.003552,283.250041
1553745319,34.2201513850709,117.144248931461,35.1206303024665,-2.81354530545587,0.655716395328894,0.015646822173652,0.393474,1.066005,283.605391
1553745320,34.2201573970238,117.144217328359,35.1643057595938,-2.97209479390761,0.696875893869538,0.0173644628709429,0.390321,0.816967,284.910756
1553745321,34.2201644420633,117.144185228482,35.1977417804301,-2.85898223586223,0.847883049705402,0.0176042337655504,-0.108745,-0.084595,288.317821
1553745322,34.2201739377126,117.144155968971,35.2440185397863,-2.54055888363829,1.20326310135426,0.0463083975740352,0.419346,0.370577,295.911866
1553745323,34.2201855448545,117.144130130718,35.2944320691749,-2.21010273698991,1.34113500802606,0.039189057103078,0.250909,0.605798,301.907633
1553745324,34.2201981978544,117.144107334202,35.3325233934447,-1.90378588436677,1.52099149121652,0.0592468575773456,0.100987,0.494768,308.10855
1553745325,34.2202119861726,117.144089432996,35.3703741617501,-1.42869329017603,1.48758273361265,0.0212389562713531,0.521522,0.565254,316.846371
1553745326,34.220224519714,117.144075872129,35.4066117182374,-1.01117166867568,1.26304198831112,0.0526573093760803,0.199393,0.470652,320.436606
1553745327,34.2202325224183,117.14406932396,35.4296633154154,-0.437418318325756,0.732999192689952,0.0193751982943629,0.086106,1.126048,329.003003
1553745328,34.2202386262646,117.144065030348,35.442348184064,-0.550502932746706,0.905530990726369,0.0217519164994024,0.494286,0.875392,330.786635
1553745329,34.2202465621301,117.144059185625,35.4638541890308,-0.596685433548714,0.951189599072223,0.0132981204539094,0.687895,1.383936,328.686545
1553745330,34.2202540115708,117.144052110331,35.4775658603758,-0.645267450158798,0.625258972713943,-0.0142525368361901,1.146878,-0.713872,322.377868
1553745331,34.2202584720288,117.144046280694,35.4986747754738,-0.430440506762763,0.378793422685321,0.0138388246667028,0.845768,-0.774572,313.636893
1553745332,34.2202638539192,117.144039112202,35.5277552343905,-0.884157376464547,0.81112921430408,0.0129665471801525,0.393023,-0.401307,312.801352
1553745333,34.2202695593329,117.144030403085,35.5503015229478,-0.691066915081544,0.41068662384739,0.0220684361138234,0.260684,-0.344052,306.223291
1553745334,34.2202726021561,117.144023666802,35.5607956079766,-0.534338161367393,0.259361216430228,0.0027365522735457,0.191252,-0.60386,299.38215
1553745335,34.2202745306278,117.144019257581,35.5698888925835,-0.261317195027194,0.13757338982724,0.00221042859224576,0.172048,-0.57726,298.463884
1553745336,34.2202751344016,117.144017868481,35.5727690979838,0.00935485434963956,-0.00289216497530706,0.00247428410911863,0.184024,-0.54295,298.262296
1553745337,34.2202751427149,117.144017824656,35.5749695412815,-0.00488294671701702,0.00534739627635832,-0.000749789585391651,0.180453,-0.55855,298.323561
1553745338,34.2202751420625,117.144017896961,35.5804104562849,0.0101091480898085,-0.0255772870520742,0.00382197749262342,0.661738,-0.344166,298.414389
1553745339,34.2202751086501,117.144017974218,35.5823036814108,0.0137815723640555,-0.00625935378171138,0.00564701278639227,0.999672,-0.365257,298.440838
1553745340,34.2202750427638,117.144018133928,35.5823806980625,0.01649634966095,-0.00864858449451097,0.000269135848560394,0.987117,-0.416123,298.422509
1553745341,34.2202750183743,117.144018221086,35.5828023022041,0.00579540407229919,-0.00517340317873266,-0.00128420839004296,0.9865,-0.417618,298.423406
1553745342,34.2202750183743,117.144018221086,35.5828023022041,0.0120470368347879,-0.00653884251411408,-0.00105472369693544,0.982173,-0.41099,298.433286
1553745343,34.2202750183743,117.144018221086,35.5828023022041,0.00848758658004816,-0.00303190935662614,-0.000876584108565351,0.979124,-0.410472,298.447937
1553745344,34.2202750183743,117.144018221086,35.5828023022041,0.00538436501549792,-0.000678302070256289,-0.00255900755789585,0.981157,-0.41102,298.450596
1553745345,34.2202750183743,117.144018221086,35.5828023022041,0.00449450245181298,0.000405151623885251,-0.00237387865576787,0.982959,-0.410375,298.453816
1553745346,34.2202750183743,117.144018221086,35.5828023022041,0.00360463988812804,-0.000992039539207871,-0.00387587781406542,0.984882,-0.409021,298.455499
1553745347,34.2202750183743,117.144018221086,35.5828023022041,0.00134609125387448,-0.000583016327103182,-0.000920939899544885,0.98727,-0.407875,298.458117
1553745348,34.2202750183743,117.144018221086,35.5828023022041,0.000889862563684942,-0.00191033531321976,-0.000747504922269829,0.986552,-0.410526,298.457625
1553745349,34.2202750183743,117.144018221086,35.5828023022041,-0.000889862563684943,-0.00222407278217134,-0.0020643751784394,0.986808,-0.412626,298.457375
1553745350,34.2202750183743,117.144018221086,35.5828023022041,-0.000433633873495404,-0.000896753796054763,-0.00223781015571445,0.988549,-0.413425,298.458452
1553745351,34.2202750183743,117.144018221086,35.5828023022041,-0.000867267746990809,0.000687137265125133,-0.00278849225100337,0.99669,-0.412527,298.4619
1553745352,34.2202750183743,117.144018221086,35.5828023022041,0.00136868607056861,0.00232819372019329,-0.00164505697210886,1.00048,-0.415525,298.466265
1553745353,34.2202750183743,117.144018221086,35.5828023022041,0.00134609125387448,-0.000583016327103182,-0.000920939899544885,0.997933,-0.411588,298.466581
1553745354,34.2202750183743,117.144018221086,35.5828023022041,-2.2999510554999e-20,-0.00082688161907822,-0.000562376020141845,0.999871,-0.41218,298.463795
1553745355,34.2202750183743,117.144018221086,35.5828023022041,0.000433633873495404,-0.0015838910611799,0.000550682095288917,0.986033,-0.431764,298.460833
1553745356,34.2202750183743,117.144018221086,35.5828023022041,-0.00136868607056861,-0.00232819372019329,0.00164505697210886,0.988882,-0.425631,298.455682
1553745357,34.2202750183743,117.144018221086,35.5828023022041,-0.00182491476075815,-0.000347986229996989,0.00406799602995129,1.012187,-0.431525,298.456474
1553745358,34.2202750183743,117.144018221086,35.5828023022041,-0.00228114345094769,-2.15419779571262e-05,0.00536618304751004,1.016124,-0.43595,298.456942
1553745359,34.2202750183743,117.144018221086,35.5828023022041,0.00798616825647035,-0.00604724034194457,0.00355696511454688,1.02088,-0.444555,298.466841
1553745360,34.2202750183743,117.144018221086,35.5828023022041,-0.000478823506883672,-0.00175788417617839,0.00258468011026456,1.019922,-0.441958,298.464386
1553745361,34.2202750183743,117.144018221086,35.5828023022041,0.000433633873495404,0.000896753796054763,0.00223781015571445,1.024329,-0.445326,298.464221
1553745362,34.2202750183743,117.144018221086,35.5828023022041,0,0,0,1.023908,-0.444818,298.463944
1553745363,34.2202750183743,117.144018221086,35.5828023022041,0.000456228690189538,0.00132731898611658,-0.000173434977275056,1.024458,-0.443865,298.46377
1553745364,34.2202750183743,117.144018221086,35.5828023022041,0.000456228690189538,0.00132731898611658,-0.000173434977275056,1.024347,-0.443644,298.464276
1553745365,34.2202750183743,117.144018221086,35.5828023022041,0.000456228690189538,-0.000326444252039863,-0.00129818701755875,1.023377,-0.44129,298.46412
1553745366,34.2202750183743,117.144018221086,35.5828023022041,0.00269218250774896,-0.000339151035128144,-0.00127950377894793,1.023188,-0.440862,298.463537
1553745367,34.2202750183743,117.144018221086,35.5828023022041,0.00134609125387448,-0.0014098979461814,-0.00148331591968673,1.024681,-0.44117,298.462679
1553745368,34.2202750183743,117.144018221086,35.5828023022041,0.00177972512736989,-0.00216690738828308,-0.000370257804255968,1.026384,-0.44171,298.463022
1553745369,34.2202750183743,117.144018221086,35.5828023022041,0.000433633873495404,-0.000757009442101677,0.00111305811543076,1.025777,-0.440269,298.462328
1553745370,34.2202750183743,117.144018221086,35.5828023022041,-0.00136868607056861,0.000152451137041368,0.00333218503253439,1.024978,-0.442322,298.464383
1553745371,34.2202750183743,117.144018221086,35.5828023022041,0.000912457380379076,0.00100087473407671,-0.0014716219948338,1.026097,-0.438507,298.46558
1553745372,34.2202750183743,117.144018221086,35.5828023022041,0.000912457380379076,0.00265463797223316,-0.000346869954550112,1.026594,-0.437496,298.465399
1553745373,34.2202750183743,117.144018221086,35.5828023022041,-0.00132349643718035,0.00184046313624322,-0.000927929213302778,1.025603,-0.438577,298.465895
1553745374,34.2202750183743,117.144018221086,35.5828023022041,-0.00223595381755942,0.000839588402166502,0.000543692781531024,1.023974,-0.438038,298.465518
1553745375,34.2202750183743,117.144018221086,35.5828023022041,-0.00177972512736989,0.000513144150126639,-0.000754494236027722,1.024173,-0.438193,298.465144
1553745376,34.2202750183743,117.144018221086,35.5828023022041,-0.000889862563684943,0.000256572075063319,-0.000377247118013861,1.023766,-0.438419,298.465
1553745377,34.2202750183743,117.144018221086,35.5828023022041,0.00177972512736989,-0.0029937890073613,-0.000932633824397814,1.023849,-0.439629,298.465034
1553745378,34.2202750183743,117.144018221086,35.5828023022041,0.000433633873495404,-0.00323765429933634,-0.000574069944994774,1.023749,-0.441135,298.464456
1553745379,34.2202750183743,117.144018221086,35.5828023022041,0.0035820450714339,-0.00142260472926968,-0.00146463268107591,1.024906,-0.441062,298.464793
1553745380,34.2202750183743,117.144018221086,35.5828023022041,0.00269218250774896,-0.00116603265420636,-0.00184187979908977,1.025642,-0.438247,298.464531
1553745381,34.2202750183743,117.144018221086,35.5828023022041,0.000478823506883672,0.000931002557100171,-0.00314705613040641,1.02692,-0.438319,298.464992
1553745382,34.2202750183743,117.144018221086,35.5828023022041,0.000478823506883672,0.000931002557100171,-0.00314705613040641,1.028513,-0.44059,298.463768
1553745383,34.2202750183743,117.144018221086,35.5828023022041,0.00136868607056861,0.000674430482036852,-0.00276980901239255,1.029751,-0.442536,298.462884
1553745384,34.2202750183743,117.144018221086,35.5828023022041,0.000478823506883672,0.000931002557100171,-0.00314705613040641,1.028807,-0.444495,298.462995
1553745385,34.2202750183743,117.144018221086,35.5828023022041,2.25948166941338e-05,0.00125744680914003,-0.00184886911284766,1.029348,-0.436697,298.462263
1553745386,34.2202750183743,117.144018221086,35.5828023022041,0.000912457380379076,0.00182775635315494,-0.000909245974691957,1.029674,-0.429392,298.463113
1553745387,34.2202750183743,117.144018221086,35.5828023022041,-4.5999021109998e-20,-0.00165376323815644,-0.00112475204028369,1.029542,-0.427902,298.462044
1553745388,34.2202750183743,117.144018221086,35.5828023022041,-0.000456228690189538,-0.0021542006051948,-0.000388941042866789,1.026338,-0.426751,298.460292
1553745389,34.2202750183743,117.144018221086,35.5828023022041,0.000867267746990809,-0.00316778212235979,0.00110136419057783,1.025599,-0.42717,298.460491
1553745390,34.2202750183743,117.144018221086,35.5828023022041,0.000433633873495404,6.98721769765435e-05,0.00167543413557261,1.02721,-0.42989,298.459258
1553745391,34.2202750183743,117.144018221086,35.5828023022041,-0.000456228690189538,0.00115332587111808,0.00186056303770059,1.027404,-0.437913,298.458581
1553745392,34.2202750183743,117.144018221086,35.5828023022041,0.000433633873495404,0.000896753796054763,0.00223781015571445,1.027413,-0.438341,298.458715
1553745393,34.2202750183743,117.144018221086,35.5828023022041,0.000433633873495404,0.000896753796054763,0.00223781015571445,1.026452,-0.438263,298.458318
1553745394,34.2202750183743,117.144018221086,35.5828023022041,0.00041103905680127,-0.00036069301308527,0.00408667926856212,1.024751,-0.439731,298.457289
1553745395,34.2202750183743,117.144018221086,35.5828023022041,-0.00139128088726275,-0.00193187729117689,0.00461867812524021,1.025059,-0.441545,298.456942
1553745396,34.2202750183743,117.144018221086,35.5828023022041,-0.00139128088726275,-0.00193187729117689,0.00461867812524021,1.024392,-0.441375,298.456438
1553745397,34.2202750183743,117.144018221086,35.5828023022041,-0.000524013140271939,-0.00344589617538024,0.00684479435610174,1.024103,-0.444428,298.455659
