% program   : GINav v0.1.0
% obs start : 2019/03/28 03:28:10.0
% obs end   : 2019/03/28 03:59:01.0
% mode      : SPP/INS LC
% system    : BDS 
% nfreqs    : 1
% elev mask : 15.0 deg
% ephemeris : broadcast
% ionos opt : broadcast model
% trops opt : Saastamoinen model
%
%  GPST          latitude(deg) longitude(deg)  height(m)   Q  ns   sdn(m)   sde(m)   sdu(m)  sdne(m)  sdeu(m)  sdun(m) age(s)  ratio    vn(m/s)    ve(m/s)    vu(m/s)      sdvn     sdve     sdvu    sdvne    sdveu    sdvun pitch(deg)  roll(deg)   yaw(deg)       sdp      sdr      sdy     sdpr     sdry     sdyp
2046 358097.000   34.220287325  117.143923638    31.9081   3   0  24.8329  29.8945  30.0001  -0.0000   0.0000  -1.6718   0.00    0.0   -0.22195   -1.72690    0.01328  10.00000 10.00000 10.00000 -0.00000 -0.00000  0.00000    0.00000    0.00000  262.67634   0.30000  0.30000  0.50000  0.00000  0.00000  0.00000
2046 358098.000   34.220283725  117.143902562    31.9488   5  11   2.6999   5.8026   6.4159  -0.0003   0.0006  -0.3245   0.00    0.0   -0.40325   -2.00516   -0.03355   0.14998  0.14998  0.14998  0.00001  0.00001 -0.00001   -0.19200    0.03524  259.24543   0.30002  0.30002  0.50001  0.00002  0.00001 -0.00311
2046 358099.000   34.220279895  117.143880199    31.8087   5  10   2.0461   4.2352   5.2436  -0.0015   0.0023  -0.2368   0.00    0.0   -0.42240   -1.99407   -0.01559   0.11125  0.11122  0.10870 -0.00059 -0.00012 -0.00243   -0.70389   -2.14376  259.00910   0.29207  0.29207  0.50003  0.00016  0.01176 -0.00313
2046 358100.000   34.220276674  117.143855901    31.7554   5  10   1.7153   3.4970   4.5440  -0.0017   0.0022  -0.1955   0.00    0.0   -0.42029   -2.34953    0.03370   0.10478  0.10473  0.09732  0.00572  0.00064 -0.00286    0.29480    1.64019  259.77515   0.27468  0.27467  0.50001 -0.00126  0.01689 -0.02508
2046 358101.000   34.220272949  117.143829312    31.7141   5  10   1.5078   3.0466   4.0665  -0.0019   0.0029  -0.1703   0.00    0.0   -0.25735   -2.47777    0.03370   0.10473  0.10466  0.09559  0.00579  0.00109 -0.00509    0.41348    0.98899  262.61840   0.25518  0.25516  0.49998 -0.00256  0.02921 -0.03347
2046 358102.000   34.220270655  117.143801951    31.7059   5  10   1.3629   2.7357   3.7142  -0.0022   0.0034  -0.1529   0.00    0.0   -0.06059   -2.54705    0.01875   0.10347  0.10339  0.09558  0.00468  0.00092 -0.00542    0.37866    0.57708  267.78999   0.23965  0.23965  0.49995 -0.00333  0.03828 -0.03611
2046 358103.000   34.220270009  117.143773566    31.7444   5  10   1.2550   2.5049   3.4407  -0.0025   0.0036  -0.1400   0.00    0.0    0.10871   -2.64778    0.02052   0.10068  0.10057  0.09473  0.00400  0.00088 -0.00506    0.32512    0.59448  272.51030   0.22894  0.22896  0.49994 -0.00376  0.04398 -0.03684
2046 358104.000   34.220271570  117.143743467    31.7171   5  10   1.1711   2.3251   3.2205  -0.0027   0.0034  -0.1300   0.00    0.0    0.30416   -2.82408    0.02256   0.09726  0.09711  0.09287  0.00387  0.00108 -0.00384    0.00135    0.97439  276.61032   0.22170  0.22173  0.49995 -0.00409  0.04740 -0.03781
2046 358105.000   34.220274589  117.143711801    31.7267   5  10   1.1038   2.1800   3.0385  -0.0028   0.0036  -0.1219   0.00    0.0    0.44454   -2.92125    0.00697   0.09371  0.09353  0.09039  0.00225  0.00095 -0.00203   -0.17695    1.02572  279.47712   0.21665  0.21669  0.49998 -0.00419  0.04875 -0.03787
2046 358106.000   34.220279350  117.143678643    31.8183   5  10   1.0486   2.0600   2.8849  -0.0027   0.0033  -0.1153   0.00    0.0    0.55090   -3.08652   -0.01403   0.09035  0.09013  0.08765  0.00122  0.00098  0.00226    0.03403    1.24064  281.93256   0.21287  0.21291  0.50002 -0.00429  0.04892 -0.03886
2046 358107.000   34.220284994  117.143644155    31.8941   5  10   1.0026   1.9588   2.7530  -0.0024   0.0037  -0.1096   0.00    0.0    0.68883   -3.12560    0.04049   0.08733  0.08708  0.08487 -0.00265  0.00110  0.00206    0.01555    1.11640  283.44815   0.20971  0.20976  0.50007 -0.00431  0.04835 -0.03906
2046 358108.000   34.220290850  117.143609437    31.9634   5  10   0.9636   1.8719   2.6383  -0.0017   0.0038  -0.1048   0.00    0.0    0.67325   -3.14307    0.08549   0.08455  0.08427  0.08217 -0.00414  0.00148  0.00288    0.17969    1.34703  283.70684   0.20692  0.20697  0.50008 -0.00433  0.04623 -0.03982
2046 358109.000   34.220297198  117.143574827    31.9339   5  10   0.9303   1.7965   2.5374  -0.0006   0.0039  -0.1006   0.00    0.0    0.69472   -3.16232    0.07400   0.08193  0.08163  0.07960 -0.00486  0.00178  0.00309    0.02703    1.22195  284.08506   0.20444  0.20450  0.50006 -0.00440  0.04335 -0.04119
2046 358110.000   34.220303861  117.143539786    31.8780   5  10   0.9015   1.7304   2.4478   0.0015   0.0043  -0.0969   0.00    0.0    0.78590   -3.17687   -0.00755   0.07951  0.07917  0.07719 -0.00519  0.00189  0.00213   -0.12623    1.40359  285.06449   0.20219  0.20227  0.50005 -0.00449  0.04038 -0.04242
2046 358111.000   34.220311076  117.143504740    31.8306   5  10   0.8766   1.6718   2.3676   0.0023   0.0040  -0.0937   0.00    0.0    0.70781   -3.23962   -0.03223   0.07727  0.07694  0.07494 -0.00585  0.00206  0.00286   -0.07243    1.29103  284.20840   0.20010  0.20019  0.49997 -0.00466  0.03675 -0.04508
2046 358112.000   34.220314925  117.143462002    30.5388   5  10   0.8547   1.6195   2.2954   0.0028   0.0042  -0.0908   0.00    0.0    0.67205   -3.48593   -0.35764   0.07511  0.07473  0.07284 -0.00569  0.00193  0.00240   -0.28551    1.34800  283.63374   0.19825  0.19836  0.49991 -0.00479  0.03346 -0.04748
2046 358113.000   34.220321795  117.143426282    30.5648   5  10   0.8355   1.5725   2.2299   0.0033   0.0042  -0.0882   0.00    0.0    0.62652   -3.48706   -0.32608   0.07304  0.07265  0.07089 -0.00599  0.00197  0.00242   -0.15887    1.43901  283.19245   0.19664  0.19678  0.49980 -0.00494  0.02991 -0.05035
2046 358114.000   34.220327318  117.143390519    30.6545   5  10   0.8186   1.5301   2.1701   0.0037   0.0046  -0.0858   0.00    0.0    0.64226   -3.44467   -0.25814   0.07107  0.07063  0.06906 -0.00581  0.00214  0.00169   -0.03058    1.14852  282.76069   0.19529  0.19545  0.49970 -0.00505  0.02608 -0.05266
2046 358115.000   34.220333824  117.143354753    30.7021   5  10   0.8036   1.4916   2.1155   0.0040   0.0049  -0.0836   0.00    0.0    0.75008   -3.41279   -0.24647   0.06931  0.06880  0.06735 -0.00534  0.00209 -0.00117   -0.04026    1.31229  284.45480   0.19410  0.19428  0.49967 -0.00509  0.02227 -0.05426
2046 358116.000   34.220340922  117.143319000    30.6961   5  10   0.7903   1.4566   2.0652   0.0042   0.0048  -0.0816   0.00    0.0    0.85373   -3.44791   -0.22229   0.06783  0.06726  0.06575 -0.00498  0.00172 -0.00159   -0.08614    1.24368  285.55574   0.19294  0.19314  0.49968 -0.00508  0.01908 -0.05549
2046 358117.000   34.220348063  117.143282217    30.7273   5  10   0.7784   1.4245   2.0188   0.0045   0.0046  -0.0799   0.00    0.0    0.82276   -3.47373   -0.21151   0.06647  0.06587  0.06426 -0.00529  0.00175 -0.00135   -0.22183    1.76192  284.97224   0.19180  0.19202  0.49969 -0.00506  0.01521 -0.05697
2046 358118.000   34.220354713  117.143245691    30.8281   5   9   0.7809   1.3963   1.9924   0.0049   0.0048  -0.0783   0.00    0.0    0.81843   -3.46765   -0.14883   0.06514  0.06466  0.06288 -0.00550  0.00176 -0.00150   -0.23378    1.63741  284.54789   0.19073  0.19098  0.49969 -0.00508  0.00972 -0.05837
2046 358119.000   34.220361517  117.143209393    30.8563   5   9   0.7833   1.3703   1.9672   0.0047   0.0050  -0.0768   0.00    0.0    0.81895   -3.44585   -0.15414   0.06389  0.06348  0.06158 -0.00562  0.00183 -0.00192   -0.03335    1.65337  284.98363   0.18975  0.19003  0.49969 -0.00513 -0.00701 -0.05967
2046 358120.000   34.220369108  117.143173032    30.8421   5   9   0.7857   1.3462   1.9433   0.0042   0.0051  -0.0755   0.00    0.0    0.90520   -3.41302   -0.13031   0.06281  0.06242  0.06034 -0.00539  0.00175 -0.00232   -0.11753    1.47446  285.60052   0.18880  0.18911  0.49971 -0.00515 -0.01404 -0.06054
2046 358121.000   34.220376811  117.143136727    30.9009   5   9   0.7879   1.3238   1.9205   0.0034   0.0049  -0.0742   0.00    0.0    0.86498   -3.44182   -0.15842   0.06179  0.06144  0.05918 -0.00557  0.00176 -0.00214   -0.20819    1.53079  285.47780   0.18790  0.18823  0.49973 -0.00516 -0.01833 -0.06165
2046 358122.000   34.220383499  117.143100348    31.1015   5   9   0.7901   1.3031   1.8988   0.0020   0.0049  -0.0731   0.00    0.0    0.93126   -3.42405   -0.05788   0.06088  0.06052  0.05806 -0.00526  0.00159 -0.00268   -0.27189    1.47794  285.60327   0.18702  0.18738  0.49978 -0.00516 -0.02176 -0.06234
2046 358123.000   34.220391563  117.143063241    31.0904   5   9   0.7922   1.2838   1.8780  -0.0019   0.0047  -0.0720   0.00    0.0    0.87684   -3.47808   -0.07716   0.05997  0.05963  0.05702 -0.00542  0.00160 -0.00225   -0.25807    1.48681  284.96126   0.18622  0.18660  0.49981 -0.00515 -0.02441 -0.06334
2046 358124.000   34.220398133  117.143025622    31.1176   5   9   0.7941   1.2657   1.8582  -0.0033   0.0046  -0.0710   0.00    0.0    0.82582   -3.50645   -0.04581   0.05903  0.05870  0.05603 -0.00534  0.00165 -0.00195   -0.29035    1.50956  283.36416   0.18556  0.18596  0.49984 -0.00515 -0.02677 -0.06439
2046 358125.000   34.220404678  117.142988200    31.1719   5   9   0.7960   1.2489   1.8392  -0.0041   0.0048  -0.0701   0.00    0.0    0.78779   -3.49738   -0.07569   0.05806  0.05773  0.05509 -0.00508  0.00187 -0.00201   -0.30583    1.34655  282.51342   0.18508  0.18550  0.49984 -0.00517 -0.02904 -0.06536
2046 358126.000   34.220410789  117.142951374    31.2475   5   9   0.7978   1.2331   1.8210  -0.0046   0.0050  -0.0692   0.00    0.0    0.76902   -3.42214   -0.07927   0.05720  0.05684  0.05419 -0.00478  0.00230 -0.00243   -0.17309    1.45304  282.39896   0.18477  0.18521  0.49982 -0.00527 -0.03150 -0.06605
2046 358127.000   34.220416445  117.142914939    31.3676   5   9   0.7995   1.2184   1.8036  -0.0051   0.0052  -0.0683   0.00    0.0    0.87602   -3.39734   -0.03028   0.05650  0.05608  0.05332 -0.00406  0.00191 -0.00272   -0.19515    1.14407  283.67592   0.18456  0.18501  0.49986 -0.00536 -0.03345 -0.06626
2046 358128.000   34.220423400  117.142878287    31.3927   5   9   0.8011   1.2045   1.7869  -0.0054   0.0053  -0.0675   0.00    0.0    0.92390   -3.37363   -0.04613   0.05598  0.05553  0.05249 -0.00372  0.00173 -0.00301   -0.30896    1.27712  284.81539   0.18439  0.18485  0.49990 -0.00544 -0.03520 -0.06629
2046 358129.000   34.220430149  117.142840345    31.3038   5   9   0.8026   1.1915   1.7709  -0.0057   0.0051  -0.0668   0.00    0.0    0.98107   -3.44230   -0.04552   0.05555  0.05510  0.05170 -0.00335  0.00119 -0.00303   -0.27193    1.43868  285.01463   0.18423  0.18469  0.49999 -0.00551 -0.03648 -0.06621
2046 358130.000   34.220437433  117.142803054    31.3083   5   9   0.8041   1.1793   1.7556  -0.0059   0.0050  -0.0661   0.00    0.0    0.94259   -3.44842   -0.03414   0.05518  0.05472  0.05095 -0.00340  0.00138 -0.00288   -0.15914    1.32665  284.71091   0.18408  0.18455  0.50007 -0.00558 -0.03777 -0.06619
2046 358131.000   34.220444431  117.142765785    31.3124   5   9   0.8055   1.1678   1.7408  -0.0060   0.0050  -0.0654   0.00    0.0    1.00774   -3.43192   -0.03387   0.05485  0.05438  0.05023 -0.00311  0.00097 -0.00312   -0.32575    1.43411  284.98389   0.18396  0.18443  0.50017 -0.00566 -0.03888 -0.06598
2046 358132.000   34.220452013  117.142728363    31.4275   5   9   0.8068   1.1570   1.7266  -0.0061   0.0050  -0.0648   0.00    0.0    0.99280   -3.41559   -0.03774   0.05458  0.05411  0.04954 -0.00318  0.00113 -0.00312   -0.26595    1.46757  285.01156   0.18385  0.18433  0.50026 -0.00576 -0.04002 -0.06576
2046 358133.000   34.220459486  117.142690831    31.4027   5   9   0.8081   1.1468   1.7130  -0.0062   0.0049  -0.0643   0.00    0.0    0.98524   -3.43861   -0.07429   0.05432  0.05386  0.04888 -0.00311  0.00112 -0.00299   -0.31688    1.58367  284.79862   0.18376  0.18425  0.50036 -0.00587 -0.04103 -0.06558
2046 358134.000   34.220466462  117.142653316    31.4643   5   9   0.8092   1.1372   1.6999  -0.0062   0.0049  -0.0637   0.00    0.0    0.99141   -3.43364   -0.00926   0.05412  0.05366  0.04824 -0.00308  0.00103 -0.00289   -0.39647    1.62343  284.31716   0.18369  0.18418  0.50047 -0.00602 -0.04196 -0.06531
2046 358135.000   34.220473234  117.142615756    31.4841   5   9   0.8104   1.1281   1.6873  -0.0062   0.0047  -0.0632   0.00    0.0    0.94080   -3.51861   -0.01463   0.05390  0.05346  0.04763 -0.00277  0.00106 -0.00229   -0.31987    1.46978  283.65319   0.18366  0.18416  0.50060 -0.00616 -0.04270 -0.06522
2046 358136.000   34.220479364  117.142576743    31.6453   5   9   0.8114   1.1195   1.6751  -0.0062   0.0048  -0.0627   0.00    0.0    0.95321   -3.57914   -0.02403   0.05371  0.05328  0.04703 -0.00220  0.00079 -0.00212   -0.35486    1.45999  283.32816   0.18368  0.18418  0.50075 -0.00628 -0.04322 -0.06513
2046 358137.000   34.220485975  117.142537330    31.6529   5   9   0.8124   1.1114   1.6634  -0.0061   0.0049  -0.0623   0.00    0.0    0.96007   -3.61193   -0.01961   0.05357  0.05316  0.04646 -0.00167  0.00068 -0.00195   -0.46359    1.37025  283.14520   0.18372  0.18423  0.50090 -0.00641 -0.04364 -0.06502
2046 358138.000   34.220492159  117.142498322    31.6896   5   9   0.8134   1.1038   1.6522  -0.0060   0.0051  -0.0618   0.00    0.0    0.86445   -3.48400   -0.00165   0.05351  0.05309  0.04593 -0.00202  0.00145 -0.00135   -0.32831    1.26057  282.26471   0.18377  0.18429  0.50101 -0.00665 -0.04435 -0.06466
2046 358139.000   34.220497188  117.142460805    31.7478   5   9   0.8142   1.0965   1.6413  -0.0059   0.0054  -0.0614   0.00    0.0    0.75686   -3.39595   -0.01560   0.05348  0.05306  0.04542 -0.00168  0.00210  0.00148   -0.30924    1.23667  280.55897   0.18382  0.18435  0.50107 -0.00698 -0.04511 -0.06403
2046 358140.000   34.220501343  117.142423368    31.8754   5   9   0.8151   1.0897   1.6308  -0.0058   0.0056  -0.0610   0.00    0.0    0.69434   -3.35795    0.01602   0.05353  0.05312  0.04491  0.00031  0.00231  0.00258   -0.19433    0.90607  279.67336   0.18383  0.18437  0.50110 -0.00731 -0.04567 -0.06312
2046 358141.000   34.220505284  117.142385709    31.8269   5   9   0.8159   1.0832   1.6207  -0.0057   0.0056  -0.0606   0.00    0.0    0.74431   -3.45952   -0.01448   0.05362  0.05323  0.04438  0.00197  0.00151  0.00266   -0.23468    1.13683  279.83576   0.18377  0.18431  0.50121 -0.00750 -0.04593 -0.06236
2046 358142.000   34.220509849  117.142349446    32.2176   5  10   0.8016   1.0764   1.6021  -0.0055   0.0054  -0.0602   0.00    0.0    0.95704   -3.49348    0.03717   0.05371  0.05314  0.04386  0.00107 -0.00103  0.00167   -0.46935    1.16756  282.90392   0.18364  0.18417  0.50137 -0.00755 -0.04551 -0.06205
2046 358143.000   34.220517369  117.142312179    32.3759   5  10   0.7889   1.0701   1.5845  -0.0054   0.0052  -0.0598   0.00    0.0    1.16011   -3.38586    0.02428   0.05365  0.05297  0.04339 -0.00212 -0.00219 -0.00078   -0.54701    1.31488  286.57403   0.18353  0.18404  0.50143 -0.00753 -0.04436 -0.06181
2046 358144.000   34.220526498  117.142276630    32.5916   5  10   0.7774   1.0640   1.5677  -0.0052   0.0050  -0.0595   0.00    0.0    1.28398   -3.26360    0.01306   0.05351  0.05276  0.04295 -0.00270 -0.00289 -0.00245   -0.32235    1.31561  289.63761   0.18347  0.18396  0.50141 -0.00745 -0.04298 -0.06125
2046 358145.000   34.220535693  117.142239975    32.5337   5  10   0.7671   1.0583   1.5517  -0.0051   0.0046  -0.0591   0.00    0.0    1.31096   -3.33852    0.12249   0.05346  0.05269  0.04249 -0.00225 -0.00236 -0.00350   -0.45237    1.44619  289.27006   0.18340  0.18387  0.50143 -0.00734 -0.04182 -0.06060
2046 358146.000   34.220544710  117.142203445    32.6804   5  10   0.7578   1.0529   1.5364  -0.0048   0.0043  -0.0589   0.00    0.0    1.18407   -3.34346    0.05124   0.05343  0.05258  0.04205 -0.00202 -0.00165 -0.00354   -0.44131    1.26939  288.26113   0.18332  0.18377  0.50154 -0.00729 -0.04133 -0.05987
2046 358147.000   34.220552903  117.142166527    32.8252   5  10   0.7493   1.0477   1.5219  -0.0044   0.0041  -0.0586   0.00    0.0    1.12651   -3.36259    0.06949   0.05345  0.05258  0.04163 -0.00199 -0.00116 -0.00360   -0.34305    1.23312  287.02987   0.18322  0.18365  0.50170 -0.00726 -0.04108 -0.05920
2046 358148.000   34.220561081  117.142129774    32.9253   5  11   0.7348   1.0414   1.4893  -0.0039   0.0040  -0.0582   0.00    0.0    1.08177   -3.38126    0.05690   0.05341  0.05245  0.04116 -0.00188 -0.00065 -0.00351   -0.19373    1.26817  286.22100   0.18311  0.18351  0.50188 -0.00724 -0.04100 -0.05865
2046 358149.000   34.220567631  117.142094006    33.5615   5  11   0.7220   1.0355   1.4593  -0.0033   0.0039  -0.0579   0.00    0.0    0.92268   -3.34197    0.10637   0.05336  0.05234  0.04072 -0.00224  0.00084 -0.00297   -0.46790    1.04993  285.74387   0.18300  0.18339  0.50207 -0.00728 -0.04142 -0.05823
2046 358150.000   34.220575046  117.142057437    33.6000   5  10   0.7168   1.0312   1.4481  -0.0026   0.0041  -0.0577   0.00    0.0    1.00600   -3.28549    0.12973   0.05331  0.05233  0.04036 -0.00233 -0.00038 -0.00319   -0.29419    1.53319  285.28547   0.18289  0.18326  0.50226 -0.00734 -0.04157 -0.05761
2046 358151.000   34.220582492  117.142020580    33.7303   5  10   0.7121   1.0272   1.4374  -0.0019   0.0040  -0.0575   0.00    0.0    0.94647   -3.38324    0.07227   0.05318  0.05224  0.03999 -0.00173  0.00063 -0.00252   -0.42943    1.58433  284.91311   0.18281  0.18316  0.50247 -0.00743 -0.04179 -0.05733
2046 358152.000   34.220590341  117.141982820    33.6865   5  10   0.7078   1.0233   1.4272  -0.0007   0.0039  -0.0573   0.00    0.0    0.98078   -3.47276    0.11226   0.05310  0.05218  0.03963 -0.00084  0.00058 -0.00216   -0.39632    1.83546  284.41754   0.18273  0.18306  0.50269 -0.00751 -0.04184 -0.05726
2046 358153.000   34.220596290  117.141945244    33.8146   5  10   0.7040   1.0197   1.4173   0.0018   0.0044  -0.0571   0.00    0.0    0.89251   -3.31163    0.11436   0.05300  0.05209  0.03932 -0.00193  0.00087 -0.00116   -0.52383    1.56869  283.91837   0.18265  0.18298  0.50290 -0.00772 -0.04219 -0.05682
2046 358154.000   34.220603618  117.141908947    33.7683   5  10   0.7005   1.0162   1.4079   0.0023   0.0044  -0.0569   0.00    0.0    0.93115   -3.33048    0.07754   0.05289  0.05197  0.03899 -0.00145  0.00061 -0.00065   -0.64817    1.52900  284.41389   0.18258  0.18290  0.50312 -0.00795 -0.04240 -0.05647
2046 358155.000   34.220610005  117.141872517    33.8060   5  11   0.6917   1.0117   1.3839   0.0026   0.0043  -0.0566   0.00    0.0    0.94607   -3.31677    0.09648   0.05279  0.05178  0.03862 -0.00130  0.00052  0.00077   -0.66201    1.42327  284.22274   0.18250  0.18280  0.50335 -0.00819 -0.04251 -0.05611
2046 358156.000   34.220616760  117.141836115    33.8354   5  11   0.6839   1.0073   1.3616   0.0028   0.0041  -0.0564   0.00    0.0    0.85687   -3.35219    0.07695   0.05268  0.05161  0.03826  0.00100  0.00059  0.00208   -0.67288    1.28563  283.04018   0.18241  0.18271  0.50357 -0.00844 -0.04293 -0.05582
2046 358157.000   34.220622432  117.141799096    33.7668   5  10   0.6822   1.0045   1.3543   0.0029   0.0035  -0.0562   0.00    0.0    0.81682   -3.47990    0.07588   0.05264  0.05158  0.03795  0.00241 -0.00086  0.00261   -0.82039    0.90829  282.06851   0.18230  0.18259  0.50379 -0.00862 -0.04358 -0.05577
2046 358158.000   34.220628489  117.141759531    33.7232   5  10   0.6807   1.0018   1.3474   0.0029   0.0031  -0.0561   0.00    0.0    0.64828   -3.63923    0.00378   0.05267  0.05163  0.03767  0.00373 -0.00214  0.00350   -0.76124    1.01014  279.51965   0.18211  0.18242  0.50391 -0.00877 -0.04505 -0.05568
2046 358159.000   34.220631513  117.141718167    33.7564   5  10   0.6794   0.9992   1.3407   0.0029   0.0024  -0.0560   0.00    0.0    0.41664   -3.86792    0.08559   0.05307  0.05207  0.03739  0.00533 -0.00364  0.00433   -0.75969    0.98668  275.06027   0.18169  0.18203  0.50382 -0.00878 -0.04797 -0.05516
2046 358160.000   34.220632019  117.141673383    33.7888   5  10   0.6783   0.9968   1.3342   0.0029   0.0028  -0.0559   0.00    0.0   -0.03499   -4.06970    0.03146   0.05404  0.05332  0.03719  0.00764 -0.00549  0.00543   -0.55722    0.44312  269.26248   0.18069  0.18114  0.50321 -0.00871 -0.05313 -0.05229
2046 358161.000   34.220627634  117.141629012    33.5534   5  10   0.6773   0.9945   1.3280   0.0033   0.0039  -0.0559   0.00    0.0   -0.68822   -4.04166    0.10114   0.05645  0.05651  0.03705  0.01051 -0.00600  0.00774   -0.12641    0.59087  259.06517   0.17821  0.17889  0.50177 -0.00908 -0.06015 -0.04178
2046 358162.000   34.220614576  117.141585389    33.6782   5  11   0.6712   0.9911   1.3094   0.0031   0.0047  -0.0557   0.00    0.0   -1.41542   -3.90282    0.08494   0.06128  0.06202  0.03689  0.01362 -0.00427  0.01060    0.29831    0.25349  248.85169   0.17286  0.17383  0.49937 -0.01054 -0.06763  0.01748
2046 358163.000   34.220597351  117.141544680    33.7390   5  11   0.6657   0.9880   1.2920  -0.0021   0.0050  -0.0555   0.00    0.0   -1.86679   -3.62928    0.06162   0.06783  0.06843  0.03660  0.01506  0.00373  0.01321    0.09234    0.23349  242.04993   0.16369  0.16479  0.49706 -0.01266 -0.07256  0.05539
2046 358164.000   34.220576700  117.141506919    33.9252   5  11   0.6608   0.9850   1.2756  -0.0058   0.0051  -0.0553   0.00    0.0   -2.16271   -3.32255    0.07520   0.07408  0.07415  0.03622  0.01478  0.00514  0.01499    0.23250    0.17067  236.57321   0.15113  0.15203  0.49549 -0.01415 -0.07327  0.07608
2046 358165.000   34.220554835  117.141472407    33.9076   5  11   0.6565   0.9821   1.2602  -0.0079   0.0052  -0.0551   0.00    0.0   -2.39410   -3.13997    0.06661   0.07858  0.07833  0.03581  0.01374  0.00345  0.01522    0.78076   -0.19290  232.70780   0.13663  0.13711  0.49473 -0.01453 -0.07169  0.08875
2046 358166.000   34.220530233  117.141438835    33.9686   5  10   0.6574   0.9804   1.2566  -0.0095   0.0059  -0.0549   0.00    0.0   -2.62665   -2.96747    0.06943   0.08105  0.08070  0.03549  0.01247 -0.00168  0.01482    0.18780    0.65548  228.68967   0.12192  0.12191  0.49452 -0.01398 -0.06824  0.09570
2046 358167.000   34.220505050  117.141409290    34.0762   5  10   0.6583   0.9789   1.2531  -0.0106   0.0065  -0.0547   0.00    0.0   -2.78777   -2.64168    0.05870   0.08201  0.08160  0.03522  0.01096 -0.00360  0.01476    0.27739    0.78575  224.69396   0.10814  0.10764  0.49450 -0.01269 -0.06251  0.09899
2046 358168.000   34.220478616  117.141382279    34.1482   5  10   0.6591   0.9774   1.2498  -0.0114   0.0067  -0.0546   0.00    0.0   -2.98520   -2.44970    0.09043   0.08186  0.08149  0.03495  0.01003 -0.00430  0.01406    0.29741    0.58936  221.41290   0.09585  0.09494  0.49460 -0.01135 -0.05720  0.09995
2046 358169.000   34.220451502  117.141355939    34.2552   5  10   0.6600   0.9760   1.2466  -0.0116   0.0067  -0.0544   0.00    0.0   -3.06118   -2.37217    0.06601   0.08079  0.08047  0.03468  0.00881 -0.00440  0.01267    0.55963    0.41024  220.37202   0.08524  0.08408  0.49472 -0.01013 -0.05293  0.09882
2046 358170.000   34.220424219  117.141330421    34.3375   5  10   0.6608   0.9746   1.2435  -0.0114   0.0066  -0.0541   0.00    0.0   -2.98909   -2.37510    0.06778   0.07915  0.07890  0.03441  0.00700 -0.00369  0.01077    0.48222    0.51001  220.39160   0.07622  0.07502  0.49463 -0.00907 -0.04964  0.09577
2046 358171.000   34.220397160  117.141304696    34.5240   5  11   0.6568   0.9722   1.2301  -0.0105   0.0060  -0.0539   0.00    0.0   -2.94194   -2.47505    0.08318   0.07712  0.07683  0.03411  0.00551 -0.00110  0.00868    0.54110    0.13927  222.14977   0.06868  0.06757  0.49426 -0.00833 -0.04792  0.09171
2046 358172.000   34.220370969  117.141277473    34.6724   5  11   0.6531   0.9699   1.2174  -0.0096   0.0055  -0.0536   0.00    0.0   -2.94234   -2.59999    0.06766   0.07486  0.07447  0.03383  0.00463  0.00327  0.00668    0.49019    0.41702  223.89060   0.06247  0.06152  0.49370 -0.00796 -0.04760  0.08746
2046 358173.000   34.220344590  117.141249238    34.7391   5  11   0.6498   0.9677   1.2055  -0.0094   0.0054  -0.0533   0.00    0.0   -3.03893   -2.58980    0.09667   0.07265  0.07214  0.03357  0.00434  0.00339  0.00570    0.31334    0.53570  223.05515   0.05739  0.05657  0.49322 -0.00774 -0.04762  0.08383
2046 358174.000   34.220317006  117.141221218    34.7883   5  10   0.6516   0.9667   1.2037  -0.0094   0.0056  -0.0531   0.00    0.0   -3.06381   -2.54778    0.10514   0.07064  0.07017  0.03338  0.00349  0.00358  0.00467    0.35388    0.51290  221.90616   0.05316  0.05247  0.49270 -0.00754 -0.04746  0.08046
2046 358175.000   34.220286405  117.141192807    35.2955   5  10   0.6532   0.9658   1.2020  -0.0095   0.0056  -0.0530   0.00    0.0   -3.26613   -2.52581    0.13784   0.06884  0.06831  0.03318  0.00339  0.00335  0.00397    0.49206    0.30751  220.71741   0.04963  0.04903  0.49231 -0.00742 -0.04747  0.07769
2046 358176.000   34.220257897  117.141165693    35.3329   5   9   0.6695   0.9771   1.2110  -0.0097   0.0058  -0.0535   0.00    0.0   -3.23897   -2.54158    0.13722   0.06725  0.06694  0.03305  0.00263  0.00409  0.00239    0.56969    0.52469  220.83915   0.04665  0.04616  0.49180 -0.00735 -0.04757  0.07492
2046 358177.000   34.220229865  117.141138122    35.2857   5  10   0.6697   0.9758   1.2091  -0.0097   0.0057  -0.0533   0.00    0.0   -3.21926   -2.51102    0.10269   0.06560  0.06521  0.03286  0.00168  0.00420  0.00055    0.45529    0.58238  220.77661   0.04414  0.04373  0.49125 -0.00718 -0.04758  0.07233
2046 358178.000   34.220201793  117.141111308    35.3548   5  10   0.6698   0.9745   1.2074  -0.0096   0.0055  -0.0532   0.00    0.0   -3.21786   -2.48802    0.12481   0.06408  0.06360  0.03267  0.00087  0.00433 -0.00209    0.47422    0.71785  220.41434   0.04202  0.04169  0.49068 -0.00705 -0.04758  0.06994
2046 358179.000   34.220172454  117.141083478    35.3929   5  10   0.6700   0.9732   1.2057  -0.0095   0.0045  -0.0531   0.00    0.0   -3.47229   -2.63556    0.14223   0.06274  0.06194  0.03248  0.00279  0.00445 -0.00294    0.45470    0.80478  219.80236   0.04026  0.03999  0.49028 -0.00708 -0.04837  0.06809
2046 358180.000   34.220140209  117.141053809    35.4656   5  10   0.6701   0.9720   1.2040  -0.0093   0.0044  -0.0530   0.00    0.0   -3.63818   -2.79091    0.10012   0.06152  0.06049  0.03230  0.00331  0.00468 -0.00361    0.40929    0.83730  219.62365   0.03879  0.03857  0.48985 -0.00716 -0.04954  0.06648
2046 358181.000   34.220106861  117.141022711    35.5157   5  10   0.6703   0.9709   1.2024  -0.0093   0.0043  -0.0530   0.00    0.0   -3.85762   -2.91880    0.09954   0.06036  0.05911  0.03212  0.00381  0.00433 -0.00384    0.45790    0.91616  219.35627   0.03757  0.03740  0.48944 -0.00729 -0.05090  0.06522
2046 358182.000   34.220070595  117.140990018    35.5607   5  10   0.6704   0.9698   1.2009  -0.0093   0.0043  -0.0529   0.00    0.0   -4.13585   -3.15019    0.16619   0.05938  0.05783  0.03194  0.00432  0.00380 -0.00417    0.40548    0.89720  219.37517   0.03656  0.03644  0.48890 -0.00747 -0.05260  0.06420
2046 358183.000   34.220032598  117.140955927    35.6076   5  10   0.6705   0.9688   1.1995  -0.0093   0.0055  -0.0528   0.00    0.0   -4.15277   -3.15611    0.14183   0.05824  0.05672  0.03176  0.00392  0.00439 -0.00429    0.37520    0.71060  219.37549   0.03573  0.03566  0.48840 -0.00758 -0.05387  0.06319
2046 358184.000   34.219996324  117.140923122    35.6933   5  10   0.6706   0.9678   1.1980  -0.0093   0.0061  -0.0527   0.00    0.0   -4.03404   -3.10124    0.12659   0.05711  0.05576  0.03158  0.00316  0.00519 -0.00436    0.43491    0.60944  219.86190   0.03504  0.03501  0.48787 -0.00761 -0.05465  0.06205
2046 358185.000   34.219960234  117.140888948    35.7875   5  10   0.6707   0.9669   1.1967  -0.0093   0.0066  -0.0526   0.00    0.0   -3.96808   -3.12341    0.10342   0.05609  0.05482  0.03141  0.00254  0.00564 -0.00442    0.29607    0.73768  220.42262   0.03449  0.03450  0.48724 -0.00759 -0.05517  0.06086
2046 358186.000   34.219924893  117.140855775    35.8839   5  10   0.6708   0.9660   1.1954  -0.0094   0.0067  -0.0525   0.00    0.0   -3.92053   -3.13065    0.12775   0.05512  0.05394  0.03124  0.00194  0.00590 -0.00443    0.45750    0.89749  220.62765   0.03407  0.03410  0.48655 -0.00755 -0.05549  0.05969
2046 358187.000   34.219890790  117.140823431    35.7775   5  10   0.6708   0.9651   1.1941  -0.0096   0.0071  -0.0525   0.00    0.0   -3.89150   -3.02049    0.08637   0.05416  0.05308  0.03107  0.00122  0.00540 -0.00425    0.44905    0.75184  220.16969   0.03375  0.03379  0.48594 -0.00749 -0.05555  0.05867
2046 358188.000   34.219855482  117.140790349    35.7974   5  10   0.6709   0.9643   1.1929  -0.0098   0.0073  -0.0524   0.00    0.0   -3.85556   -2.98910    0.14142   0.05334  0.05234  0.03090 -0.00078  0.00529 -0.00417    0.41375    0.76257  219.85432   0.03352  0.03357  0.48529 -0.00741 -0.05545  0.05772
2046 358189.000   34.219820929  117.140758093    35.8706   5  10   0.6709   0.9635   1.1917  -0.0101   0.0074  -0.0524   0.00    0.0   -3.82446   -2.94358    0.11760   0.05257  0.05163  0.03073 -0.00163  0.00506 -0.00408    0.50214    0.36785  220.17931   0.03338  0.03341  0.48463 -0.00733 -0.05521  0.05688
2046 358190.000   34.219784955  117.140728309    36.6646   5  11   0.6658   0.9617   1.1813  -0.0101   0.0073  -0.0523   0.00    0.0   -3.72199   -2.95258    0.12763   0.05189  0.05098  0.03051 -0.00225  0.00562 -0.00413    0.35418    0.68003  220.95151   0.03330  0.03333  0.48373 -0.00722 -0.05487  0.05599
2046 358191.000   34.219750700  117.140695567    36.9383   5  10   0.6662   0.9610   1.1805  -0.0104   0.0073  -0.0523   0.00    0.0   -3.69635   -3.00103    0.12390   0.05126  0.05037  0.03035 -0.00243  0.00588 -0.00405    0.42303    0.79787  221.57293   0.03330  0.03331  0.48278 -0.00713 -0.05450  0.05518
2046 358192.000   34.219718471  117.140663126    36.9544   5  10   0.6666   0.9604   1.1797  -0.0106   0.0073  -0.0523   0.00    0.0   -3.60950   -2.98050    0.12645   0.05063  0.04985  0.03020 -0.00261  0.00581 -0.00392    0.52507    1.10437  221.73651   0.03335  0.03334  0.48177 -0.00703 -0.05401  0.05446
2046 358193.000   34.219686347  117.140630853    36.8978   5  10   0.6669   0.9598   1.1790  -0.0110   0.0072  -0.0523   0.00    0.0   -3.63984   -2.88524    0.13736   0.05005  0.04922  0.03005 -0.00269  0.00490 -0.00366    0.45304    0.96030  220.75122   0.03345  0.03340  0.48097 -0.00694 -0.05344  0.05397
2046 358194.000   34.219653410  117.140599859    36.9717   5  10   0.6672   0.9592   1.1782  -0.0112   0.0071  -0.0523   0.00    0.0   -3.57570   -2.92869    0.13724   0.04961  0.04881  0.02990 -0.00271  0.00537 -0.00358    0.42493    1.00411  221.28007   0.03359  0.03350  0.48008 -0.00685 -0.05280  0.05352
2046 358195.000   34.219621795  117.140567858    37.0779   5  10   0.6675   0.9586   1.1775  -0.0114   0.0072  -0.0523   0.00    0.0   -3.41922   -2.84062    0.07537   0.04912  0.04855  0.02976 -0.00290  0.00497 -0.00346    0.65551    1.25415  222.07309   0.03376  0.03364  0.47906 -0.00675 -0.05199  0.05317
2046 358196.000   34.219590126  117.140536091    37.1134   5  10   0.6677   0.9581   1.1768  -0.0116   0.0069  -0.0523   0.00    0.0   -3.44197   -2.96454    0.11337   0.04881  0.04806  0.02961 -0.00270  0.00577 -0.00330    0.34573    0.92584  222.92928   0.03396  0.03380  0.47809 -0.00667 -0.05122  0.05288
2046 358197.000   34.219558582  117.140504017    37.1399   5  11   0.6629   0.9565   1.1672  -0.0117   0.0065  -0.0523   0.00    0.0   -3.48951   -2.98768    0.09180   0.04847  0.04746  0.02941 -0.00264  0.00563 -0.00302    0.30993    0.87993  222.01853   0.03418  0.03398  0.47728 -0.00658 -0.05043  0.05273
2046 358198.000   34.219526586  117.140472821    37.2431   5  10   0.6634   0.9561   1.1669  -0.0119   0.0062  -0.0524   0.00    0.0   -3.56806   -2.84502    0.09248   0.04812  0.04704  0.02927 -0.00279  0.00438 -0.00266    0.63106    0.81374  220.62952   0.03441  0.03417  0.47677 -0.00652 -0.04961  0.05278
2046 358199.000   34.219494309  117.140442975    37.3182   5  10   0.6639   0.9556   1.1665  -0.0122   0.0059  -0.0524   0.00    0.0   -3.53758   -2.82292    0.11668   0.04789  0.04683  0.02914 -0.00281  0.00435 -0.00248    0.34718    0.92641  220.29127   0.03464  0.03435  0.47628 -0.00645 -0.04870  0.05290
2046 358200.000   34.219463100  117.140413494    37.1857   5  10   0.6643   0.9552   1.1662  -0.0125   0.0056  -0.0524   0.00    0.0   -3.44936   -2.79925    0.12139   0.04770  0.04671  0.02901 -0.00277  0.00444 -0.00236    0.45912    1.53151  220.41019   0.03487  0.03455  0.47575 -0.00638 -0.04768  0.05305
2046 358201.000   34.219431701  117.140383733    37.2309   5  10   0.6647   0.9548   1.1658  -0.0128   0.0049  -0.0525   0.00    0.0   -3.49609   -2.77733    0.11509   0.04753  0.04645  0.02888 -0.00271  0.00413 -0.00207    0.38167    1.76476  220.12166   0.03511  0.03474  0.47537 -0.00632 -0.04663  0.05326
2046 358202.000   34.219399587  117.140353850    37.3473   5  10   0.6651   0.9544   1.1655  -0.0131   0.0042  -0.0525   0.00    0.0   -3.53133   -2.80484    0.08699   0.04741  0.04624  0.02875 -0.00261  0.00419 -0.00178    0.47759    1.63039  220.22785   0.03534  0.03493  0.47508 -0.00626 -0.04555  0.05349
2046 358203.000   34.219367372  117.140323545    37.3743   5  10   0.6654   0.9541   1.1652  -0.0133   0.0036  -0.0526   0.00    0.0   -3.51565   -2.83313    0.11092   0.04734  0.04613  0.02862 -0.00252  0.00436 -0.00153    0.36797    1.57662  220.46051   0.03557  0.03512  0.47480 -0.00619 -0.04441  0.05372
2046 358204.000   34.219334739  117.140292415    37.5100   5  10   0.6657   0.9537   1.1649  -0.0136   0.0027  -0.0526   0.00    0.0   -3.51008   -2.93794    0.06814   0.04732  0.04603  0.02850 -0.00232  0.00483 -0.00114    0.20372    1.68589  221.02692   0.03578  0.03530  0.47449 -0.00612 -0.04317  0.05389
2046 358205.000   34.219302893  117.140261530    37.5852   5  10   0.6659   0.9534   1.1646  -0.0136   0.0018  -0.0526   0.00    0.0   -3.54419   -2.90018    0.08068   0.04725  0.04592  0.02837 -0.00238  0.00435 -0.00045    0.36362    1.62948  220.88850   0.03599  0.03548  0.47430 -0.00606 -0.04193  0.05410
2046 358206.000   34.219270502  117.140230743    37.6804   5  10   0.6662   0.9531   1.1643  -0.0136  -0.0001  -0.0527   0.00    0.0   -3.55950   -2.83181    0.11254   0.04718  0.04586  0.02825 -0.00251  0.00381  0.00069    0.49296    1.43739  219.97131   0.03618  0.03564  0.47423 -0.00601 -0.04064  0.05436
2046 358207.000   34.219238255  117.140201270    37.7794   5  10   0.6664   0.9528   1.1641  -0.0137  -0.0022  -0.0527   0.00    0.0   -3.62067   -2.79997    0.10477   0.04714  0.04577  0.02813 -0.00263  0.00331  0.00129    0.44728    1.40476  218.94390   0.03635  0.03578  0.47427 -0.00596 -0.03937  0.05462
2046 358208.000   34.219205245  117.140171796    37.7069   5  10   0.6665   0.9525   1.1638  -0.0139  -0.0030  -0.0527   0.00    0.0   -3.68556   -2.78483    0.11436   0.04713  0.04571  0.02802 -0.00270  0.00285  0.00170    0.47100    1.29832  218.60219   0.03650  0.03591  0.47439 -0.00592 -0.03812  0.05484
2046 358209.000   34.219171901  117.140142124    37.6037   5  10   0.6667   0.9522   1.1636  -0.0143  -0.0040  -0.0528   0.00    0.0   -3.76307   -2.93230    0.10186   0.04723  0.04567  0.02790 -0.00253  0.00288  0.00225    0.45266    1.21494  219.09521   0.03662  0.03602  0.47445 -0.00588 -0.03684  0.05487
2046 358210.000   34.219136574  117.140109976    37.6730   5  11   0.6618   0.9508   1.1547  -0.0143  -0.0045  -0.0527   0.00    0.0   -3.89224   -3.06447    0.11480   0.04734  0.04554  0.02772 -0.00248  0.00204  0.00276    0.58891    1.28970  219.51268   0.03673  0.03612  0.47445 -0.00583 -0.03559  0.05471
2046 358211.000   34.219101043  117.140076568    37.7707   5  11   0.6573   0.9495   1.1462  -0.0144  -0.0047  -0.0527   0.00    0.0   -3.90060   -3.17219    0.05788   0.04743  0.04549  0.02755 -0.00233  0.00201  0.00298    0.33127    1.31052  220.20030   0.03681  0.03621  0.47437 -0.00578 -0.03423  0.05443
2046 358212.000   34.219065624  117.140042984    37.7706   5  11   0.6533   0.9483   1.1382  -0.0143  -0.0048  -0.0527   0.00    0.0   -3.80218   -3.14987    0.10624   0.04743  0.04552  0.02738 -0.00225  0.00272  0.00290    0.23392    1.10244  220.60024   0.03689  0.03628  0.47434 -0.00574 -0.03270  0.05421
2046 358213.000   34.219031228  117.140009805    37.8146   5  10   0.6544   0.9482   1.1386  -0.0145  -0.0052  -0.0527   0.00    0.0   -3.72954   -3.15471    0.08276   0.04747  0.04566  0.02728 -0.00213  0.00306  0.00289    0.36636    1.15071  221.15411   0.03694  0.03634  0.47431 -0.00569 -0.03098  0.05401
2046 358214.000   34.218997132  117.139977510    37.8765   5  10   0.6554   0.9481   1.1391  -0.0144  -0.0053  -0.0527   0.00    0.0   -3.55037   -2.98562    0.04369   0.04737  0.04585  0.02718 -0.00224  0.00341  0.00247    0.37601    1.15562  220.64984   0.03699  0.03638  0.47439 -0.00566 -0.02901  0.05407
2046 358215.000   34.218964700  117.139947077    37.8982   5  10   0.6564   0.9480   1.1395  -0.0144  -0.0056  -0.0527   0.00    0.0   -3.46449   -2.83019    0.06115   0.04733  0.04598  0.02709 -0.00243  0.00297  0.00221    0.46591    0.88233  220.31636   0.03702  0.03640  0.47456 -0.00563 -0.02692  0.05431
2046 358216.000   34.218932569  117.139917967    38.0743   5  10   0.6573   0.9478   1.1399  -0.0144  -0.0060  -0.0527   0.00    0.0   -3.43582   -2.73543    0.07891   0.04735  0.04606  0.02699 -0.00251  0.00254  0.00216    0.34849    0.79032  219.86182   0.03704  0.03640  0.47480 -0.00561 -0.02474  0.05462
2046 358217.000   34.218900737  117.139888633    38.1600   5  10   0.6582   0.9477   1.1403  -0.0145  -0.0065  -0.0528   0.00    0.0   -3.38862   -2.81912    0.09226   0.04745  0.04614  0.02690 -0.00216  0.00299  0.00236    0.60669    0.63672  220.94420   0.03703  0.03638  0.47499 -0.00558 -0.02220  0.05482
2046 358218.000   34.218870267  117.139858627    38.1469   5  10   0.6590   0.9476   1.1408  -0.0144  -0.0069  -0.0528   0.00    0.0   -3.37821   -2.79958    0.08228   0.04750  0.04619  0.02681 -0.00211  0.00269  0.00253    0.37065    0.74665  220.80189   0.03701  0.03635  0.47523 -0.00555 -0.01949  0.05501
2046 358219.000   34.218839282  117.139829670    38.2416   5  10   0.6597   0.9475   1.1412  -0.0143  -0.0072  -0.0528   0.00    0.0   -3.40829   -2.79458    0.11089   0.04756  0.04623  0.02672 -0.00205  0.00232  0.00277    0.65527    0.63456  220.49802   0.03697  0.03630  0.47552 -0.00553 -0.01657  0.05511
2046 358220.000   34.218806241  117.139799187    38.2838   5  10   0.6604   0.9474   1.1415  -0.0144  -0.0076  -0.0529   0.00    0.0   -3.59704   -3.00578    0.09818   0.04774  0.04624  0.02664 -0.00168  0.00054  0.00350    0.55095    0.74635  220.81373   0.03689  0.03624  0.47569 -0.00552 -0.01347  0.05481
2046 358221.000   34.218771510  117.139765964    38.4145   5  10   0.6611   0.9473   1.1419  -0.0142  -0.0076  -0.0529   0.00    0.0   -3.82724   -3.09675    0.06223   0.04783  0.04631  0.02656 -0.00188 -0.00310  0.00403    0.62432    0.84486  220.38075   0.03680  0.03617  0.47578 -0.00553 -0.01063  0.05423
2046 358222.000   34.218736191  117.139733079    38.4436   5  10   0.6616   0.9472   1.1423  -0.0141  -0.0077  -0.0529   0.00    0.0   -3.81208   -3.13868    0.09508   0.04788  0.04634  0.02647 -0.00159 -0.00307  0.00410    0.39518    0.85171  220.29483   0.03668  0.03608  0.47586 -0.00554 -0.00658  0.05359
2046 358223.000   34.218701281  117.139700429    38.5180   5  10   0.6622   0.9471   1.1426  -0.0140  -0.0077  -0.0529   0.00    0.0   -3.75771   -3.05761    0.08496   0.04781  0.04634  0.02638 -0.00163 -0.00250  0.00397    0.48674    0.65291  220.23645   0.03657  0.03598  0.47606 -0.00555  0.00487  0.05310
2046 358224.000   34.218667575  117.139668064    38.6318   5  10   0.6627   0.9471   1.1430  -0.0138  -0.0077  -0.0529   0.00    0.0   -3.63057   -2.96941    0.08481   0.04775  0.04633  0.02629 -0.00149 -0.00137  0.00373    0.44261    0.94854  220.61541   0.03645  0.03587  0.47636 -0.00556  0.00975  0.05282
2046 358225.000   34.218634518  117.139636505    38.6992   5  10   0.6632   0.9470   1.1433  -0.0136  -0.0078  -0.0529   0.00    0.0   -3.50803   -2.95731    0.07958   0.04776  0.04634  0.02621 -0.00102  0.00096  0.00355    0.61814    0.83186  221.27147   0.03632  0.03576  0.47668 -0.00555  0.01329  0.05262
2046 358226.000   34.218602402  117.139605109    38.8295   5  10   0.6636   0.9469   1.1437  -0.0134  -0.0079  -0.0529   0.00    0.0   -3.41775   -2.95889    0.08958   0.04779  0.04636  0.02612 -0.00017  0.00155  0.00344    0.58117    0.95420  221.83283   0.03620  0.03563  0.47702 -0.00553  0.01624  0.05246
2046 358227.000   34.218571219  117.139573261    38.8957   5  10   0.6640   0.9468   1.1440  -0.0132  -0.0079  -0.0529   0.00    0.0   -3.41117   -2.93645    0.07835   0.04779  0.04637  0.02604 -0.00038  0.00113  0.00345    0.47579    1.21795  221.43639   0.03606  0.03550  0.47738 -0.00551  0.01850  0.05231
2046 358228.000   34.218540380  117.139543673    38.9498   5  10   0.6644   0.9467   1.1443  -0.0131  -0.0079  -0.0529   0.00    0.0   -3.34258   -2.89597    0.00826   0.04776  0.04634  0.02596  0.00030  0.00128  0.00331    0.47931    1.09345  221.33815   0.03591  0.03537  0.47776 -0.00549  0.02052  0.05219
2046 358229.000   34.218510032  117.139513159    38.9089   5  10   0.6648   0.9466   1.1446  -0.0128  -0.0079  -0.0529   0.00    0.0   -3.39954   -2.90580    0.09797   0.04779  0.04635  0.02588 -0.00066 -0.00094  0.00343    0.44128    1.67683  221.37705   0.03576  0.03522  0.47814 -0.00547  0.02205  0.05196
2046 358230.000   34.218478586  117.139483805    38.9591   5  10   0.6651   0.9466   1.1449  -0.0127  -0.0079  -0.0529   0.00    0.0   -3.32725   -2.79924    0.09950   0.04773  0.04630  0.02579 -0.00096  0.00059  0.00312    0.25835    1.27549  220.34675   0.03560  0.03507  0.47858 -0.00546  0.02340  0.05188
2046 358231.000   34.218447163  117.139455629    39.0367   5  10   0.6654   0.9465   1.1451  -0.0126  -0.0082  -0.0529   0.00    0.0   -3.35316   -2.76013    0.13182   0.04768  0.04625  0.02572 -0.00081 -0.00065  0.00324    0.53102   -0.15887  219.50029   0.03544  0.03491  0.47902 -0.00544  0.02444  0.05181
2046 358232.000   34.218415671  117.139426631    39.1736   5  11   0.6606   0.9454   1.1371  -0.0125  -0.0082  -0.0528   0.00    0.0   -3.40369   -2.82660    0.06104   0.04763  0.04607  0.02558  0.00099 -0.00156  0.00356    0.47892    0.12452  220.87321   0.03527  0.03475  0.47942 -0.00544  0.02527  0.05160
2046 358233.000   34.218384036  117.139397559    39.2885   5  11   0.6563   0.9443   1.1295  -0.0123  -0.0082  -0.0528   0.00    0.0   -3.33976   -2.93301    0.10660   0.04767  0.04595  0.02544  0.00196 -0.00170  0.00364    0.40430   -0.03605  222.08930   0.03511  0.03460  0.47977 -0.00542  0.02632  0.05124
2046 358234.000   34.218352809  117.139367237    39.4433   5  10   0.6573   0.9443   1.1302  -0.0120  -0.0080  -0.0528   0.00    0.0   -3.33850   -2.79113    0.11278   0.04759  0.04596  0.02537  0.00179 -0.00138  0.00358    0.13714    0.19412  221.32632   0.03494  0.03445  0.48019 -0.00541  0.02702  0.05106
2046 358235.000   34.218323068  117.139338991    39.6618   5   9   0.6731   0.9559   1.1396  -0.0122  -0.0080  -0.0534   0.00    0.0   -3.19025   -2.52876    0.11311   0.04760  0.04625  0.02538  0.00143  0.00107  0.00314    0.52662   -0.16040  220.04630   0.03479  0.03430  0.48069 -0.00537  0.02763  0.05129
2046 358236.000   34.218292549  117.139311798    39.9040   5  10   0.6728   0.9554   1.1400  -0.0121  -0.0079  -0.0534   0.00    0.0   -3.15489   -2.55074   -0.07810   0.04747  0.04607  0.02531  0.00189  0.00098  0.00310    0.39977    0.53793  219.87550   0.03463  0.03414  0.48119 -0.00534  0.02830  0.05144
2046 358237.000   34.218263245  117.139284840    39.8390   5  10   0.6725   0.9549   1.1404  -0.0118  -0.0079  -0.0533   0.00    0.0   -3.23078   -2.63731    0.15261   0.04746  0.04602  0.02525  0.00219 -0.00102  0.00340    0.24374    0.69224  219.71002   0.03447  0.03397  0.48165 -0.00533  0.02882  0.05135
2046 358238.000   34.218233026  117.139257474    39.8320   5  10   0.6723   0.9544   1.1408  -0.0116  -0.0078  -0.0533   0.00    0.0   -3.33253   -2.60216    0.11468   0.04734  0.04593  0.02518  0.00196 -0.00143  0.00355    0.38744    0.75853  218.84118   0.03431  0.03381  0.48206 -0.00533  0.02902  0.05118
2046 358239.000   34.218202488  117.139230531    39.8678   5   9   0.6879   0.9659   1.1502  -0.0118  -0.0078  -0.0539   0.00    0.0   -3.39792   -2.60162    0.07887   0.04735  0.04620  0.02519  0.00191 -0.00188  0.00368    0.40475    0.79132  218.63931   0.03414  0.03367  0.48242 -0.00532  0.02904  0.05092
2046 358240.000   34.218171413  117.139202627    39.9096   5   9   0.7034   0.9772   1.1595  -0.0119  -0.0078  -0.0546   0.00    0.0   -3.46641   -2.66414    0.03787   0.04736  0.04643  0.02520  0.00200 -0.00261  0.00382    0.49120    1.11442  218.95376   0.03398  0.03352  0.48270 -0.00533  0.02894  0.05051
2046 358241.000   34.218140937  117.139175206    39.9013   5  10   0.7006   0.9757   1.1594  -0.0116  -0.0073  -0.0545   0.00    0.0   -3.30530   -2.59373    0.09232   0.04723  0.04609  0.02513  0.00205 -0.00184  0.00348    0.34185    0.92535  219.53864   0.03383  0.03337  0.48310 -0.00534  0.02909  0.05026
2046 358242.000   34.218111786  117.139148138    39.9335   5  10   0.6980   0.9743   1.1592  -0.0113  -0.0069  -0.0544   0.00    0.0   -3.00614   -2.44210    0.09607   0.04710  0.04579  0.02505  0.00210  0.00086  0.00270    0.08238    0.86537  220.42535   0.03370  0.03322  0.48362 -0.00531  0.02966  0.05040
2046 358243.000   34.218085315  117.139123364    40.0238   5  10   0.6956   0.9729   1.1591  -0.0111  -0.0065  -0.0543   0.00    0.0   -2.77559   -2.24677    0.04318   0.04700  0.04559  0.02497  0.00194  0.00066  0.00183    0.08715    0.98203  220.30367   0.03358  0.03309  0.48414 -0.00524  0.03039  0.05086
2046 358244.000   34.218061672  117.139100592    39.9350   5  10   0.6934   0.9716   1.1589  -0.0107  -0.0062  -0.0543   0.00    0.0   -2.54459   -2.06007    0.08835   0.04696  0.04548  0.02490  0.00178 -0.00162 -0.00036    0.01713    0.85066  220.16559   0.03347  0.03296  0.48459 -0.00514  0.03126  0.05158
2046 358245.000   34.218039000  117.139080167    39.9817   5  10   0.6913   0.9703   1.1588  -0.0104  -0.0060  -0.0542   0.00    0.0   -2.32171   -1.83046    0.08500   0.04694  0.04538  0.02484  0.00141 -0.00294 -0.00189    0.32402    0.93811  218.93902   0.03338  0.03284  0.48490 -0.00501  0.03224  0.05255
2046 358246.000   34.218019037  117.139062885    40.1515   5  10   0.6894   0.9691   1.1586  -0.0100  -0.0060  -0.0542   0.00    0.0   -2.14548   -1.67736    0.06682   0.04687  0.04527  0.02477  0.00121 -0.00350 -0.00236    0.45106    0.57649  219.09577   0.03329  0.03272  0.48513 -0.00485  0.03327  0.05362
2046 358247.000   34.217997452  117.139043307    40.1959   5  10   0.6877   0.9679   1.1585  -0.0093  -0.0061  -0.0542   0.00    0.0   -2.55980   -2.00514    0.07151   0.04664  0.04501  0.02470  0.00185  0.00111  0.00130    0.42932    0.57034  219.42668   0.03319  0.03260  0.48566 -0.00476  0.03374  0.05396
2046 358248.000   34.217971758  117.139019822    40.2361   5  10   0.6860   0.9668   1.1584  -0.0091  -0.0061  -0.0542   0.00    0.0   -2.81384   -2.33812    0.10016   0.04663  0.04501  0.02464  0.00248 -0.00246  0.00259    0.39346    0.63866  220.71854   0.03306  0.03249  0.48604 -0.00473  0.03394  0.05368
2046 358249.000   34.217945557  117.138993840    40.3259   5  10   0.6845   0.9657   1.1582  -0.0089  -0.0058  -0.0541   0.00    0.0   -2.85727   -2.54511    0.08928   0.04671  0.04500  0.02459  0.00289 -0.00370  0.00295    0.39715    0.77257  222.77726   0.03293  0.03238  0.48625 -0.00471  0.03416  0.05309
2046 358250.000   34.217919060  117.138966289    40.2982   5  10   0.6832   0.9647   1.1581  -0.0087  -0.0050  -0.0541   0.00    0.0   -2.91494   -2.61666    0.10418   0.04675  0.04504  0.02453  0.00299 -0.00434  0.00316    0.20521    0.78367  223.28190   0.03279  0.03227  0.48634 -0.00470  0.03425  0.05234
2046 358251.000   34.217892215  117.138939045    40.3858   5  10   0.6819   0.9637   1.1579  -0.0084  -0.0039  -0.0540   0.00    0.0   -2.96638   -2.53297    0.07342   0.04665  0.04505  0.02446  0.00279 -0.00423  0.00321    0.26861    0.82309  222.02797   0.03266  0.03217  0.48646 -0.00471  0.03413  0.05166
2046 358252.000   34.217864614  117.138912513    40.4949   5  10   0.6807   0.9628   1.1578  -0.0082  -0.0025  -0.0540   0.00    0.0   -3.05466   -2.48652    0.04454   0.04657  0.04508  0.02440  0.00259 -0.00431  0.00332    0.31502    0.94487  220.40848   0.03253  0.03205  0.48651 -0.00473  0.03381  0.05096
2046 358253.000   34.217836102  117.138885256    40.4843   5   9   0.6961   0.9742   1.1670  -0.0084  -0.0004  -0.0546   0.00    0.0   -3.07316   -2.54750    0.05247   0.04666  0.04539  0.02442  0.00270 -0.00463  0.00336    0.28231    0.94057  220.66829   0.03240  0.03195  0.48652 -0.00473  0.03348  0.05018
2046 358254.000   34.217807704  117.138858641    40.5539   5   9   0.7114   0.9854   1.1762  -0.0085   0.0026  -0.0552   0.00    0.0   -3.07514   -2.53372    0.08442   0.04669  0.04564  0.02444  0.00267 -0.00454  0.00334    0.33526    0.87777  220.46066   0.03227  0.03185  0.48656 -0.00473  0.03312  0.04941
2046 358255.000   34.217777832  117.138832494    40.8245   5   9   0.7264   0.9966   1.1854  -0.0086   0.0034  -0.0558   0.00    0.0   -3.13157   -2.56071    0.08653   0.04672  0.04587  0.02446  0.00269 -0.00476  0.00342    0.13344    0.63987  219.97638   0.03214  0.03175  0.48654 -0.00475  0.03270  0.04860
2046 358256.000   34.217747036  117.138804280    40.8404   5   9   0.7413   1.0076   1.1946  -0.0085   0.0040  -0.0565   0.00    0.0   -3.34769   -2.72441    0.12217   0.04683  0.04625  0.02448  0.00283 -0.00606  0.00383    0.26672    0.91579  219.61707   0.03201  0.03164  0.48617 -0.00480  0.03198  0.04745
2046 358257.000   34.217715549  117.138775779    40.9695   5  10   0.7349   1.0045   1.1934  -0.0081   0.0046  -0.0563   0.00    0.0   -3.42530   -2.72042    0.04984   0.04664  0.04594  0.02441  0.00273 -0.00601  0.00390    0.32927    0.61344  219.93071   0.03188  0.03153  0.48579 -0.00487  0.03112  0.04631
2046 358258.000   34.217684460  117.138746441    40.9510   5  10   0.7291   1.0016   1.1922  -0.0077   0.0052  -0.0561   0.00    0.0   -3.45631   -2.78247    0.09736   0.04655  0.04567  0.02434  0.00283 -0.00615  0.00395    0.32318    0.52171  220.32857   0.03176  0.03142  0.48539 -0.00494  0.03026  0.04512
2046 358259.000   34.217653494  117.138717764    41.0733   5  10   0.7239   0.9989   1.1911  -0.0075   0.0056  -0.0560   0.00    0.0   -3.41607   -2.81442    0.07798   0.04645  0.04535  0.02427  0.00292 -0.00595  0.00389    0.26840    0.54620  220.74537   0.03164  0.03133  0.48509 -0.00498  0.02952  0.04395
2046 358260.000   34.217622571  117.138688256    41.0837   5  10   0.7191   0.9962   1.1900  -0.0073   0.0061  -0.0558   0.00    0.0   -3.33917   -2.77343    0.11806   0.04632  0.04505  0.02421  0.00290 -0.00525  0.00373    0.37707    0.57197  220.85300   0.03154  0.03124  0.48500 -0.00500  0.02891  0.04294
2046 358261.000   34.217592075  117.138659469    41.1276   5  10   0.7147   0.9937   1.1889  -0.0072   0.0063  -0.0556   0.00    0.0   -3.32520   -2.76014    0.09693   0.04620  0.04485  0.02414  0.00288 -0.00493  0.00367    0.24940    0.65015  220.91032   0.03144  0.03116  0.48499 -0.00501  0.02834  0.04201
2046 358262.000   34.217561746  117.138629551    41.3205   5  10   0.7106   0.9913   1.1878  -0.0071   0.0066  -0.0555   0.00    0.0   -3.27058   -2.79006    0.02848   0.04612  0.04464  0.02408  0.00294 -0.00465  0.00357    0.22908    0.67563  222.01181   0.03134  0.03108  0.48507 -0.00501  0.02790  0.04111
2046 358263.000   34.217532112  117.138599764    41.3737   5  10   0.7069   0.9890   1.1868  -0.0071   0.0071  -0.0553   0.00    0.0   -3.26313   -2.79115    0.06981   0.04607  0.04454  0.02402  0.00292 -0.00446  0.00354    0.55493    0.82251  222.15907   0.03125  0.03101  0.48520 -0.00501  0.02748  0.04025
2046 358264.000   34.217501790  117.138570364    41.4183   5  10   0.7035   0.9868   1.1858  -0.0071   0.0074  -0.0552   0.00    0.0   -3.28050   -2.72935    0.07771   0.04597  0.04446  0.02396  0.00276 -0.00403  0.00351    0.44557    0.47188  221.24054   0.03117  0.03093  0.48540 -0.00500  0.02700  0.03952
2046 358265.000   34.217471566  117.138541908    41.4629   5  10   0.7004   0.9847   1.1848  -0.0071   0.0076  -0.0550   0.00    0.0   -3.31652   -2.70277    0.09159   0.04589  0.04440  0.02391  0.00267 -0.00385  0.00353    0.36412    0.41495  220.69586   0.03108  0.03086  0.48561 -0.00499  0.02642  0.03884
2046 358266.000   34.217440248  117.138512981    41.5341   5  10   0.6976   0.9827   1.1838  -0.0068   0.0077  -0.0549   0.00    0.0   -3.46917   -2.83172    0.07835   0.04589  0.04445  0.02385  0.00278 -0.00477  0.00379    0.46860    0.66503  220.36687   0.03100  0.03079  0.48563 -0.00499  0.02564  0.03790
2046 358267.000   34.217408959  117.138483774    41.5657   5  10   0.6949   0.9808   1.1829  -0.0074   0.0081  -0.0547   0.00    0.0   -3.32177   -2.65338    0.06707   0.04572  0.04421  0.02380  0.00251 -0.00320  0.00341    0.16552    0.88955  219.81213   0.03092  0.03072  0.48595 -0.00498  0.02506  0.03737
2046 358268.000   34.217379506  117.138457246    41.5835   5  10   0.6925   0.9790   1.1819  -0.0080   0.0083  -0.0545   0.00    0.0   -3.10258   -2.43515    0.08914   0.04562  0.04400  0.02374  0.00217 -0.00136  0.00283    0.22391    1.01293  219.27788   0.03085  0.03065  0.48647 -0.00494  0.02481  0.03731
2046 358269.000   34.217351750  117.138432874    41.6416   5  10   0.6903   0.9773   1.1810  -0.0084   0.0084  -0.0544   0.00    0.0   -2.86884   -2.18475    0.08633   0.04558  0.04386  0.02369  0.00169  0.00034  0.00206    0.28625    0.89136  218.60147   0.03079  0.03059  0.48704 -0.00489  0.02489  0.03776
2046 358270.000   34.217326787  117.138411079    41.6731   5  10   0.6883   0.9756   1.1801  -0.0076   0.0083  -0.0542   0.00    0.0   -2.92551   -2.09355    0.08832   0.04553  0.04382  0.02364  0.00127  0.00135  0.00210    0.39965    0.72947  217.76865   0.03074  0.03053  0.48759 -0.00485  0.02477  0.03825
2046 358271.000   34.217299302  117.138387569    41.8303   5  10   0.6864   0.9740   1.1793  -0.0072   0.0082  -0.0541   0.00    0.0   -3.08070   -2.26661    0.05944   0.04541  0.04381  0.02360  0.00166  0.00032  0.00254    0.22972    0.88657  217.82476   0.03068  0.03047  0.48811 -0.00482  0.02445  0.03834
2046 358272.000   34.217271866  117.138363838    41.9118   5  10   0.6847   0.9725   1.1784  -0.0075   0.0083  -0.0540   0.00    0.0   -2.93527   -2.18970    0.08692   0.04536  0.04370  0.02355  0.00156  0.00060  0.00210    0.05153    0.93043  217.96242   0.03063  0.03041  0.48870 -0.00478  0.02439  0.03859
2046 358273.000   34.217244312  117.138340879    42.3198   5   9   0.6853   0.9719   1.1793  -0.0073   0.0083  -0.0539   0.00    0.0   -2.89840   -2.03219    0.09499   0.04534  0.04368  0.02352  0.00097  0.00122  0.00175    0.09538    0.64918  217.11607   0.03058  0.03036  0.48926 -0.00473  0.02433  0.03905
2046 358274.000   34.217216285  117.138317632    42.7827   5   9   0.7005   0.9831   1.1884  -0.0077   0.0086  -0.0545   0.00    0.0   -2.82570   -2.02983    0.08820   0.04538  0.04396  0.02356  0.00107  0.00043  0.00140    0.42295    0.77064  217.47617   0.03054  0.03033  0.48985 -0.00466  0.02449  0.03953
2046 358275.000   34.217192982  117.138296968    42.7756   5   9   0.7156   0.9942   1.1974  -0.0083   0.0089  -0.0550   0.00    0.0   -2.52029   -1.84464    0.11618   0.04550  0.04424  0.02359  0.00043 -0.00227 -0.00123    0.38025    0.64173  218.22461   0.03051  0.03029  0.49036 -0.00458  0.02515  0.04031
2046 358276.000   34.217169499  117.138276592    42.7020   5   9   0.7140   0.9927   1.1978  -0.0072   0.0086  -0.0550   0.00    0.0   -2.61326   -2.04481    0.09073   0.04534  0.04409  0.02356  0.00142 -0.00111  0.00041    0.43620    0.97337  218.81128   0.03047  0.03025  0.49098 -0.00453  0.02566  0.04069
2046 358277.000   34.217145855  117.138255175    42.7741   5   9   0.7126   0.9912   1.1982  -0.0062   0.0085  -0.0550   0.00    0.0   -2.78003   -2.15012    0.08317   0.04528  0.04400  0.02352  0.00162 -0.00108  0.00154    0.45672    0.74971  219.70724   0.03044  0.03020  0.49160 -0.00449  0.02583  0.04079
2046 358278.000   34.217119809  117.138231527    42.8132   5   9   0.7112   0.9898   1.1986  -0.0052   0.0084  -0.0549   0.00    0.0   -3.01803   -2.46532    0.09371   0.04533  0.04402  0.02349  0.00226 -0.00320  0.00237    0.03632    1.29390  220.71131   0.03039  0.03017  0.49202 -0.00449  0.02565  0.04029
2046 358279.000   34.217092189  117.138204950    42.8948   5   9   0.7100   0.9884   1.1990  -0.0048   0.0085  -0.0548   0.00    0.0   -3.03305   -2.60908    0.10423   0.04539  0.04397  0.02346  0.00255 -0.00374  0.00247    0.05384    0.85910  222.32360   0.03035  0.03013  0.49234 -0.00448  0.02549  0.03959
2046 358280.000   34.217064909  117.138176639    42.8969   5   9   0.7088   0.9871   1.1994  -0.0044   0.0085  -0.0548   0.00    0.0   -3.04280   -2.80967    0.10410   0.04553  0.04395  0.02343  0.00292 -0.00437  0.00261   -0.00293    0.69983  224.21361   0.03030  0.03010  0.49251 -0.00448  0.02539  0.03860
2046 358281.000   34.217037323  117.138146473    42.9899   5   9   0.7078   0.9858   1.1998  -0.0046   0.0089  -0.0547   0.00    0.0   -3.07771   -2.81203    0.08539   0.04550  0.04395  0.02340  0.00291 -0.00439  0.00269    0.13841    0.59887  224.33059   0.03026  0.03007  0.49270 -0.00448  0.02519  0.03763
2046 358282.000   34.217009022  117.138116701    43.0580   5   8   0.7227   0.9969   1.2087  -0.0051   0.0096  -0.0553   0.00    0.0   -3.17894   -2.77423    0.13910   0.04557  0.04434  0.02344  0.00282 -0.00454  0.00291    0.49696    0.31616  222.93655   0.03022  0.03005  0.49289 -0.00446  0.02477  0.03672
2046 358283.000   34.216979972  117.138087499    43.1776   5   9   0.7374   1.0079   1.2176  -0.0052   0.0101  -0.0559   0.00    0.0   -3.33763   -2.78268    0.12432   0.04563  0.04471  0.02347  0.00275 -0.00496  0.00323    0.84178    0.43077  221.41011   0.03017  0.03002  0.49298 -0.00445  0.02402  0.03577
2046 358284.000   34.216948139  117.138056953    43.3960   5   9   0.7520   1.0188   1.2265  -0.0052   0.0106  -0.0565   0.00    0.0   -3.53547   -2.87662    0.15007   0.04573  0.04509  0.02351  0.00277 -0.00571  0.00358    0.77338    0.62195  220.81500   0.03012  0.02999  0.49285 -0.00446  0.02293  0.03460
2046 358285.000   34.216915332  117.138026122    43.4924   5   9   0.7664   1.0297   1.2353  -0.0052   0.0111  -0.0571   0.00    0.0   -3.60589   -2.91242    0.13174   0.04575  0.04526  0.02355  0.00275 -0.00571  0.00368    0.56392    0.78364  220.47728   0.03007  0.02995  0.49271 -0.00447  0.02173  0.03338
2046 358286.000   34.216882470  117.137995884    43.6492   5   9   0.7806   1.0404   1.2441  -0.0052   0.0116  -0.0577   0.00    0.0   -3.58098   -2.89707    0.11824   0.04573  0.04530  0.02358  0.00271 -0.00518  0.00359    0.41129    0.53719  220.67477   0.03002  0.02991  0.49272 -0.00447  0.02060  0.03225
2046 358287.000   34.216849893  117.137964768    43.7003   5   9   0.7946   1.0510   1.2529  -0.0052   0.0120  -0.0583   0.00    0.0   -3.61000   -2.88352    0.10267   0.04570  0.04539  0.02360  0.00265 -0.00484  0.00360    0.39004    0.52633  220.44161   0.02998  0.02988  0.49281 -0.00447  0.01937  0.03122
2046 358288.000   34.216818838  117.137935544    43.3631   5   9   0.8083   1.0615   1.2616  -0.0050   0.0124  -0.0589   0.00    0.0   -3.64329   -2.95368    0.08304   0.04575  0.04548  0.02363  0.00276 -0.00507  0.00364   -0.13644    0.92534  220.73901   0.02993  0.02985  0.49286 -0.00447  0.01808  0.03001
2046 358289.000   34.216787317  117.137905093    43.3777   5   8   0.8218   1.0719   1.2703  -0.0051   0.0129  -0.0595   0.00    0.0   -3.45684   -2.87806    0.12220   0.04569  0.04537  0.02366  0.00269 -0.00382  0.00327    0.20510    0.96091  221.48106   0.02989  0.02982  0.49322 -0.00446  0.01733  0.02910
2046 358290.000   34.216755863  117.137872217    43.4383   5   9   0.8351   1.0822   1.2790  -0.0041   0.0131  -0.0601   0.00    0.0   -3.47715   -3.11014    0.02685   0.04582  0.04542  0.02369  0.00303 -0.00445  0.00335    0.22713    0.74551  223.98361   0.02986  0.02979  0.49345 -0.00445  0.01675  0.02782
2046 358291.000   34.216724968  117.137837956    43.4994   5  10   0.8188   1.0750   1.2750  -0.0030   0.0128  -0.0598   0.00    0.0   -3.38214   -3.32820    0.10460   0.04587  0.04487  0.02361  0.00334 -0.00433  0.00328    0.24668    1.02978  226.11738   0.02982  0.02975  0.49360 -0.00446  0.01670  0.02621
2046 358292.000   34.216694951  117.137802159    43.5754   5  10   0.8044   1.0683   1.2712  -0.0027   0.0127  -0.0595   0.00    0.0   -3.29302   -3.33572    0.07724   0.04572  0.04447  0.02354  0.00330 -0.00356  0.00314    0.24030    1.24273  227.09362   0.02979  0.02973  0.49388 -0.00445  0.01697  0.02469
2046 358293.000   34.216664888  117.137765818    43.5228   5  10   0.7916   1.0619   1.2675  -0.0027   0.0126  -0.0591   0.00    0.0   -3.22159   -3.35731    0.12866   0.04564  0.04420  0.02347  0.00331 -0.00291  0.00302    0.08026    0.72321  228.01931   0.02976  0.02970  0.49424 -0.00443  0.01746  0.02325
2046 358294.000   34.216636206  117.137730796    43.5434   5   9   0.7835   1.0570   1.2660  -0.0040   0.0127  -0.0589   0.00    0.0   -3.15978   -3.06346    0.11332   0.04538  0.04405  0.02342  0.00283 -0.00195  0.00275    0.17195    0.90920  225.73315   0.02973  0.02968  0.49486 -0.00440  0.01776  0.02269
2046 358295.000   34.216606428  117.137700437    43.7838   5   9   0.7761   1.0524   1.2646  -0.0046   0.0127  -0.0586   0.00    0.0   -3.22823   -2.78083    0.04869   0.04526  0.04392  0.02336  0.00222 -0.00135  0.00267    0.10065    0.89316  222.69062   0.02969  0.02965  0.49553 -0.00437  0.01759  0.02281
2046 358296.000   34.216577593  117.137670815    43.8457   5   9   0.7693   1.0480   1.2632  -0.0048   0.0126  -0.0584   0.00    0.0   -3.31365   -2.60447    0.04650   0.04522  0.04382  0.02332  0.00163  0.00118  0.00266    0.33350    1.03253  220.23409   0.02965  0.02961  0.49614 -0.00434  0.01697  0.02329
2046 358297.000   34.216544942  117.137641160    44.7089   5   9   0.7630   1.0437   1.2618  -0.0050   0.0124  -0.0581   0.00    0.0   -3.15093   -2.52813    0.07058   0.04517  0.04367  0.02327  0.00146 -0.00118  0.00210    0.33069    0.81212  220.93409   0.02962  0.02958  0.49675 -0.00430  0.01694  0.02412
2046 358298.000   34.216518109  117.137614348    44.6697   5   9   0.7573   1.0397   1.2605  -0.0045   0.0122  -0.0578   0.00    0.0   -3.14888   -2.55282    0.09931   0.04510  0.04360  0.02323  0.00149 -0.00104  0.00212    0.49938    0.75469  221.07267   0.02958  0.02955  0.49740 -0.00426  0.01692  0.02483
2046 358299.000   34.216487924  117.137586312    44.9082   5   9   0.7521   1.0359   1.2592  -0.0039   0.0120  -0.0576   0.00    0.0   -3.41502   -2.62067    0.09469   0.04501  0.04360  0.02319  0.00140  0.00130  0.00267    0.55730    0.38254  219.97002   0.02955  0.02952  0.49800 -0.00424  0.01617  0.02519
2046 358300.000   34.216456990  117.137558083    45.0693   5   9   0.7472   1.0322   1.2579  -0.0035   0.0118  -0.0573   0.00    0.0   -3.41646   -2.75710    0.11930   0.04494  0.04355  0.02316  0.00182 -0.00110  0.00271    0.23303    0.45060  220.46878   0.02952  0.02949  0.49863 -0.00422  0.01557  0.02524
2046 358301.000   34.216425770  117.137528604    45.0669   5  11   0.7384   1.0157   1.2473  -0.0029   0.0114  -0.0564   0.00    0.0   -3.40529   -2.88823    0.12493   0.04481  0.04344  0.02306  0.00213 -0.00181  0.00269    0.17264    0.97314  221.75525   0.02948  0.02946  0.49928 -0.00420  0.01520  0.02498
2046 358302.000   34.216394332  117.137497458    45.1450   5  11   0.7304   1.0006   1.2373  -0.0017   0.0110  -0.0555   0.00    0.0   -3.33705   -3.13642    0.12352   0.04480  0.04335  0.02297  0.00263 -0.00223  0.00262    0.18467    0.85948  224.81460   0.02945  0.02944  0.49987 -0.00419  0.01541  0.02422
2046 358303.000   34.216366685  117.137463389    45.1712   5  11   0.7231   0.9866   1.2277  -0.0017   0.0108  -0.0546   0.00    0.0   -2.97235   -3.26305    0.10186   0.04482  0.04337  0.02288  0.00298  0.00204  0.00194    0.31298    0.89761  229.84857   0.02943  0.02942  0.50040 -0.00416  0.01684  0.02349
2046 358304.000   34.216341603  117.137427530    45.1686   5  12   0.7115   0.9736   1.2101  -0.0020   0.0105  -0.0538   0.00    0.0   -2.75459   -3.48694    0.09344   0.04500  0.04343  0.02274  0.00340  0.00369  0.00162    0.16309    0.97867  233.89877   0.02940  0.02941  0.50069 -0.00414  0.01887  0.02241
2046 358305.000   34.216317292  117.137388629    45.1984   5  12   0.7012   0.9616   1.1937  -0.0029   0.0105  -0.0531   0.00    0.0   -2.41894   -3.64795    0.05592   0.04517  0.04372  0.02262  0.00376  0.00539  0.00019   -0.41323    1.13064  238.16250   0.02938  0.02939  0.50065 -0.00410  0.02155  0.02128
2046 358306.000   34.216296229  117.137348708    45.2749   5  12   0.6919   0.9504   1.1783  -0.0030   0.0107  -0.0524   0.00    0.0   -2.21746   -3.84327    0.07224   0.04547  0.04399  0.02251  0.00410  0.00638 -0.00093    0.14967    1.20310  242.29585   0.02934  0.02937  0.50031 -0.00407  0.02443  0.01991
2046 358307.000   34.216277996  117.137307461    45.2292   5  12   0.6836   0.9401   1.1638  -0.0032   0.0111  -0.0518   0.00    0.0   -1.96589   -3.87802    0.07208   0.04562  0.04437  0.02241  0.00430  0.00669 -0.00152    0.25967    0.73050  245.45874   0.02929  0.02934  0.49984 -0.00403  0.02727  0.01889
2046 358308.000   34.216261350  117.137266000    45.2767   5  12   0.6762   0.9305   1.1501  -0.0020   0.0116  -0.0512   0.00    0.0   -1.71778   -3.88366    0.05426   0.04577  0.04479  0.02232  0.00448  0.00669 -0.00199    0.10008    0.73226  248.19688   0.02922  0.02930  0.49927 -0.00397  0.03006  0.01836
2046 358309.000   34.216246774  117.137223937    45.3183   5  12   0.6696   0.9216   1.1372   0.0028   0.0123  -0.0507   0.00    0.0   -1.56626   -3.96675    0.06944   0.04606  0.04509  0.02224  0.00473  0.00665 -0.00207    0.06070    0.70872  250.87611   0.02913  0.02925  0.49870 -0.00391  0.03270  0.01797
2046 358310.000   34.216233593  117.137180712    45.3754   5  12   0.6637   0.9133   1.1251   0.0046   0.0131  -0.0502   0.00    0.0   -1.33217   -4.01129    0.04823   0.04632  0.04552  0.02217  0.00496  0.00662 -0.00240   -0.14772    0.80387  253.50470   0.02902  0.02918  0.49803 -0.00383  0.03529  0.01795
2046 358311.000   34.216223091  117.137137870    45.1121   5  12   0.6584   0.9056   1.1135   0.0062   0.0140  -0.0498   0.00    0.0   -1.04433   -3.92411    0.04670   0.04653  0.04605  0.02211  0.00511  0.00577 -0.00294   -0.27786    0.92362  256.77228   0.02889  0.02909  0.49730 -0.00372  0.03775  0.01883
2046 358312.000   34.216214922  117.137096269    45.0569   5  12   0.6536   0.8985   1.1026   0.0075   0.0148  -0.0494   0.00    0.0   -0.80815   -3.92948    0.04049   0.04687  0.04649  0.02206  0.00532  0.00532 -0.00327   -0.10684    1.03894  259.91603   0.02874  0.02898  0.49655 -0.00357  0.04012  0.02009
2046 358313.000   34.216208111  117.137052641    45.0806   5  10   0.6569   0.8937   1.1009   0.0086   0.0160  -0.0492   0.00    0.0   -0.62117   -4.11390    0.05935   0.04735  0.04698  0.02207  0.00566  0.00601 -0.00337   -0.20692    1.10862  262.86963   0.02856  0.02886  0.49577 -0.00339  0.04246  0.02105
2046 358314.000   34.216202245  117.137009249    45.0848   5  10   0.6601   0.8892   1.0992   0.0097   0.0173  -0.0490   0.00    0.0   -0.55573   -4.10223    0.04637   0.04769  0.04723  0.02207  0.00574  0.00497 -0.00346   -0.14167    1.16253  263.82964   0.02835  0.02872  0.49534 -0.00320  0.04448  0.02206
2046 358315.000   34.216197463  117.136964338    45.0879   5  11   0.6594   0.8833   1.0952   0.0103   0.0183  -0.0488   0.00    0.0   -0.46347   -4.20869    0.03877   0.04806  0.04741  0.02206  0.00591  0.00480 -0.00349   -0.49568    1.29810  265.32667   0.02812  0.02854  0.49510 -0.00300  0.04631  0.02283
2046 358316.000   34.216193487  117.136917900    45.0129   5  11   0.6588   0.8779   1.0913   0.0110   0.0194  -0.0485   0.00    0.0   -0.35365   -4.25709   -0.00626   0.04835  0.04760  0.02205  0.00604  0.00423 -0.00364   -0.56720    0.92492  266.91980   0.02787  0.02836  0.49504 -0.00279  0.04794  0.02352
2046 358317.000   34.216189989  117.136872217    45.0448   5  11   0.6584   0.8729   1.0875   0.0118   0.0205  -0.0484   0.00    0.0   -0.40843   -4.20036    0.01378   0.04857  0.04762  0.02204  0.00597  0.00245 -0.00359   -0.09238    0.88200  266.73748   0.02760  0.02814  0.49537 -0.00256  0.04911  0.02415
2046 358318.000   34.216186133  117.136826392    45.0707   5  11   0.6580   0.8682   1.0839   0.0121   0.0214  -0.0483   0.00    0.0   -0.42427   -4.25815    0.08354   0.04879  0.04769  0.02203  0.00598  0.00163 -0.00344    0.03205    0.90957  266.54840   0.02733  0.02791  0.49587 -0.00235  0.05002  0.02452
2046 358319.000   34.216181684  117.136779949    45.0863   5  11   0.6577   0.8638   1.0805   0.0124   0.0224  -0.0481   0.00    0.0   -0.41912   -4.24233    0.05796   0.04888  0.04773  0.02202  0.00591 -0.00104 -0.00340   -0.15421    1.01746  266.17455   0.02705  0.02767  0.49650 -0.00214  0.05068  0.02483
2046 358320.000   34.216176988  117.136733842    45.1016   5  11   0.6574   0.8598   1.0771   0.0123   0.0233  -0.0480   0.00    0.0   -0.53176   -4.27715    0.02655   0.04892  0.04772  0.02201  0.00579 -0.00185 -0.00317   -0.29160    1.07759  264.99276   0.02678  0.02742  0.49721 -0.00198  0.05100  0.02472
2046 358321.000   34.216171790  117.136688240    45.0557   5  11   0.6572   0.8560   1.0739   0.0120   0.0241  -0.0479   0.00    0.0   -0.58654   -4.31631    0.08644   0.04890  0.04771  0.02200  0.00573 -0.00211 -0.00296   -0.09021    0.60539  264.01427   0.02651  0.02716  0.49791 -0.00187  0.05109  0.02431
2046 358322.000   34.216166122  117.136641065    45.0500   5  11   0.6570   0.8525   1.0708   0.0116   0.0248  -0.0478   0.00    0.0   -0.60997   -4.40136    0.02251   0.04881  0.04765  0.02199  0.00570 -0.00234 -0.00275   -0.26532    0.81910  263.99661   0.02625  0.02692  0.49857 -0.00181  0.05103  0.02358
2046 358323.000   34.216159799  117.136591469    45.0661   5  11   0.6569   0.8493   1.0678   0.0106   0.0255  -0.0477   0.00    0.0   -0.70549   -4.78694    0.06440   0.04883  0.04762  0.02199  0.00590 -0.00400 -0.00202   -0.19656    0.69269  263.80884   0.02601  0.02669  0.49897 -0.00191  0.05102  0.02163
2046 358324.000   34.216152005  117.136537391    45.0671   5  12   0.6529   0.8462   1.0594   0.0102   0.0259  -0.0476   0.00    0.0   -0.93707   -5.11957    0.05912   0.04882  0.04759  0.02195  0.00595 -0.00592  0.00065    0.02812    0.70384  261.45370   0.02577  0.02646  0.49888 -0.00216  0.05081  0.01817
2046 358325.000   34.216141762  117.136482252    45.0887   5  11   0.6526   0.8368   1.0603   0.0101   0.0268  -0.0471   0.00    0.0   -1.20247   -5.23230    0.04635   0.04849  0.04769  0.02197  0.00579 -0.00685  0.00198    0.07323    0.86180  258.79042   0.02556  0.02624  0.49840 -0.00240  0.05024  0.01315
2046 358326.000   34.216129399  117.136426149    45.0709   5  11   0.6524   0.8283   1.0612   0.0098   0.0276  -0.0466   0.00    0.0   -1.51419   -5.32870    0.03204   0.04809  0.04785  0.02199  0.00556 -0.00759  0.00272   -0.23112    1.23473  255.94186   0.02538  0.02603  0.49738 -0.00265  0.04928 -0.00081
2046 358327.000   34.216113918  117.136367043    45.1151   5  12   0.6445   0.8183   1.0545   0.0089   0.0278  -0.0459   0.00    0.0   -1.79435   -5.59940    0.02100   0.04780  0.04777  0.02195  0.00547 -0.00896  0.00326   -0.26704    1.26288  253.97668   0.02522  0.02584  0.49570 -0.00294  0.04810 -0.01412
2046 358328.000   34.216095749  117.136305903    45.1417   5  12   0.6374   0.8091   1.0481   0.0080   0.0281  -0.0452   0.00    0.0   -2.00387   -5.72420   -0.02195   0.04734  0.04753  0.02192  0.00531 -0.00916  0.00351   -0.31878    0.54319  252.54192   0.02509  0.02566  0.49374 -0.00316  0.04672 -0.01985
2046 358329.000   34.216076739  117.136243612    45.1511   5  12   0.6312   0.8008   1.0419   0.0069   0.0284  -0.0445   0.00    0.0   -2.16183   -5.78481   -0.00941   0.04685  0.04722  0.02189  0.00511 -0.00879  0.00363   -0.47493    0.92358  251.30043   0.02499  0.02550  0.49174 -0.00332  0.04517 -0.02397
2046 358330.000   34.216055723  117.136181245    45.1333   5  11   0.6326   0.7952   1.0433   0.0054   0.0291  -0.0440   0.00    0.0   -2.47609   -5.77322    0.01296   0.04635  0.04744  0.02192  0.00482 -0.00823  0.00386   -0.52045    0.91172  248.95103   0.02491  0.02536  0.48931 -0.00339  0.04319 -0.02723
2046 358331.000   34.216031904  117.136119110    45.1287   5  11   0.6340   0.7900   1.0446   0.0021   0.0298  -0.0434   0.00    0.0   -2.76897   -5.71294    0.04175   0.04585  0.04755  0.02195  0.00447 -0.00696  0.00403   -0.23759    1.16525  246.00269   0.02485  0.02523  0.48656 -0.00341  0.04081 -0.02976
2046 358332.000   34.216005070  117.136058632    45.1661   5  11   0.6352   0.7852   1.0460  -0.0055   0.0302  -0.0428   0.00    0.0   -3.04885   -5.56055    0.08612   0.04538  0.04755  0.02197  0.00400 -0.00401  0.00416    0.01760    1.28916  242.99324   0.02481  0.02512  0.48358 -0.00336  0.03803 -0.03156
2046 358333.000   34.215976098  117.135999061    45.2321   5  11   0.6364   0.7808   1.0473  -0.0080   0.0305  -0.0422   0.00    0.0   -3.37271   -5.42442    0.04229   0.04498  0.04762  0.02199  0.00350  0.00379  0.00433   -0.10095    1.34676  240.30099   0.02478  0.02503  0.48016 -0.00326  0.03476 -0.03283
2046 358334.000   34.215945896  117.135943234    45.2875   5  11   0.6376   0.7768   1.0486  -0.0105   0.0307  -0.0415   0.00    0.0   -3.37692   -4.99243    0.02322   0.04483  0.04674  0.02201  0.00268  0.00875  0.00408   -0.17585    0.72307  238.12272   0.02475  0.02496  0.47719 -0.00308  0.03123 -0.03312
2046 358335.000   34.215914767  117.135891250    45.3194   5  11   0.6386   0.7730   1.0499  -0.0113   0.0305  -0.0410   0.00    0.0   -3.45489   -4.83239    0.05359   0.04464  0.04612  0.02204  0.00230  0.00965  0.00401   -0.48707    0.08388  236.39324   0.02473  0.02490  0.47445 -0.00288  0.02739 -0.03297
2046 358336.000   34.215883481  117.135839106    45.3102   5  11   0.6396   0.7696   1.0512  -0.0122   0.0303  -0.0404   0.00    0.0   -3.44763   -4.73375    0.03773   0.04445  0.04538  0.02206  0.00207  0.00976  0.00392   -0.13216   -0.37496  236.45041   0.02471  0.02487  0.47216 -0.00267  0.02334 -0.03247
2046 358337.000   34.215853875  117.135790113    45.2611   5  11   0.6405   0.7664   1.0524  -0.0125   0.0301  -0.0398   0.00    0.0   -3.34088   -4.43780    0.10535   0.04457  0.04456  0.02207  0.00133  0.01038  0.00369   -0.00861   -0.50579  235.51124   0.02469  0.02485  0.47020 -0.00246  0.01905 -0.03135
2046 358338.000   34.215825345  117.135744613    45.2868   5  11   0.6413   0.7634   1.0537  -0.0121   0.0297  -0.0394   0.00    0.0   -3.25980   -4.09467    0.02715   0.04483  0.04390  0.02209 -0.00115  0.01082  0.00349   -0.03977   -0.12699  233.78702   0.02467  0.02484  0.46825 -0.00228  0.01423 -0.02960
2046 358339.000   34.215794379  117.135700659    45.3066   5  11   0.6420   0.7607   1.0549  -0.0108   0.0293  -0.0390   0.00    0.0   -3.56765   -3.93346    0.00176   0.04481  0.04406  0.02211 -0.00177  0.01170  0.00381   -0.26092   -0.39626  230.20772   0.02466  0.02484  0.46584 -0.00211  0.00594 -0.02753
2046 358340.000   34.215759725  117.135657418    45.3470   5  11   0.6426   0.7582   1.0562  -0.0086   0.0287  -0.0387   0.00    0.0   -4.09369   -3.94401    0.05990   0.04450  0.04474  0.02213 -0.00182  0.01244  0.00436   -0.27767   -0.37285  226.16636   0.02464  0.02485  0.46284 -0.00196 -0.01235 -0.02534
2046 358341.000   34.215722114  117.135618325    45.3036   5  10   0.6449   0.7562   1.0585  -0.0076   0.0282  -0.0382   0.00    0.0   -4.06419   -3.44586   -0.09410   0.04514  0.04410  0.02216 -0.00279  0.01316  0.00428    0.03773    0.23415  221.84110   0.02462  0.02485  0.45966 -0.00188 -0.01764 -0.02203
2046 358342.000   34.215682974  117.135581806    45.2878   5  10   0.6469   0.7543   1.0608  -0.0017   0.0276  -0.0378   0.00    0.0   -4.49445   -3.30013   -0.03995   0.04510  0.04463  0.02218 -0.00301  0.01399  0.00470   -0.49062    0.45936  217.93740   0.02460  0.02486  0.45597 -0.00187 -0.02180 -0.01792
2046 358343.000   34.215640837  117.135546526    45.2237   5  11   0.6471   0.7523   1.0619   0.0079   0.0267  -0.0374   0.00    0.0   -5.00737   -3.22721    0.04969   0.04494  0.04539  0.02220 -0.00307  0.01459  0.00516   -0.29353    0.17633  215.11495   0.02457  0.02485  0.45176 -0.00194 -0.02549 -0.01236
2046 358344.000   34.215595256  117.135511333    45.4662   5  11   0.6474   0.7505   1.0630   0.0112   0.0257  -0.0370   0.00    0.0   -5.02917   -3.13409    0.04603   0.04488  0.04482  0.02221 -0.00324  0.01357  0.00516   -0.30876    0.77291  213.54556   0.02453  0.02484  0.44832 -0.00208 -0.02821  0.00379
2046 358345.000   34.215549453  117.135478154    45.5152   5  11   0.6475   0.7487   1.0641   0.0143   0.0247  -0.0366   0.00    0.0   -5.18119   -3.11610    0.03412   0.04471  0.04469  0.02222 -0.00324  0.01265  0.00527   -0.04463    1.11967  212.59435   0.02449  0.02482  0.44541 -0.00226 -0.03045  0.01319
2046 358346.000   34.215501429  117.135445169    45.6042   5  11   0.6477   0.7472   1.0652   0.0163   0.0236  -0.0362   0.00    0.0   -5.50597   -3.06310    0.05450   0.04466  0.04500  0.02223 -0.00318  0.01241  0.00553   -0.09236    1.28573  210.77328   0.02445  0.02480  0.44254 -0.00248 -0.03251  0.01821
2046 358347.000   34.215450502  117.135414391    45.7035   5  11   0.6478   0.7457   1.0662   0.0179   0.0224  -0.0358   0.00    0.0   -5.81130   -2.86816    0.05341   0.04487  0.04526  0.02224 -0.00327  0.01258  0.00579   -0.29570    1.32165  207.84990   0.02440  0.02476  0.43958 -0.00273 -0.03438  0.02229
2046 358348.000   34.215397817  117.135385800    45.5334   5  11   0.6479   0.7444   1.0673   0.0196   0.0210  -0.0353   0.00    0.0   -5.98745   -2.67602    0.05229   0.04509  0.04524  0.02225 -0.00339  0.01228  0.00595   -0.30368    0.98698  205.60486   0.02434  0.02471  0.43686 -0.00299 -0.03597  0.02583
2046 358349.000   34.215343395  117.135358569    45.5111   5  11   0.6480   0.7431   1.0683   0.0211   0.0195  -0.0349   0.00    0.0   -6.10139   -2.44333    0.02595   0.04540  0.04512  0.02226 -0.00358  0.01189  0.00607   -0.29893    0.96018  203.61374   0.02428  0.02464  0.43443 -0.00326 -0.03722  0.02902
2046 358350.000   34.215287841  117.135333894    45.5923   5  11   0.6481   0.7420   1.0693   0.0225   0.0178  -0.0344   0.00    0.0   -6.21057   -2.21395    0.03378   0.04569  0.04506  0.02227 -0.00374  0.01139  0.00619   -0.11506    1.13887  201.37650   0.02421  0.02455  0.43230 -0.00352 -0.03818  0.03193
2046 358351.000   34.215231733  117.135311709    45.5677   5  11   0.6482   0.7409   1.0703   0.0236   0.0159  -0.0340   0.00    0.0   -6.20813   -1.92600    0.04588   0.04608  0.04488  0.02228 -0.00401  0.01061  0.00625   -0.28182    1.15542  198.97077   0.02414  0.02444  0.43050 -0.00377 -0.03876  0.03459
2046 358352.000   34.215176204  117.135293186    45.7005   5  11   0.6482   0.7400   1.0713   0.0249   0.0136  -0.0336   0.00    0.0   -6.17710   -1.64962    0.06156   0.04642  0.04478  0.02229 -0.00427  0.00952  0.00627   -0.24291    0.73723  196.55751   0.02406  0.02431  0.42901 -0.00397 -0.03898  0.03704
2046 358353.000   34.215119867  117.135275976    45.7859   5  11   0.6482   0.7391   1.0722   0.0257   0.0107  -0.0333   0.00    0.0   -6.37003   -1.41908    0.07129   0.04668  0.04503  0.02229 -0.00438  0.00927  0.00644   -0.26113    0.74763  194.42107   0.02398  0.02417  0.42760 -0.00417 -0.03910  0.03934
2046 358354.000   34.215062742  117.135263043    45.4956   5  11   0.6482   0.7383   1.0732   0.0265   0.0069  -0.0329   0.00    0.0   -6.32441   -1.09022    0.00809   0.04704  0.04504  0.02230 -0.00466  0.00804  0.00647   -0.24296    1.01069  191.47047   0.02389  0.02400  0.42636 -0.00432 -0.03886  0.04144
2046 358355.000   34.215007285  117.135253876    45.5145   5  11   0.6482   0.7376   1.0741   0.0274  -0.0049  -0.0326   0.00    0.0   -6.02611   -0.72336   -0.00644   0.04745  0.04505  0.02231 -0.00509  0.00479  0.00634    0.00977    0.59440  188.80466   0.02380  0.02381  0.42526 -0.00439 -0.03801  0.04330
2046 358356.000   34.214954594  117.135248060    45.5330   5  11   0.6482   0.7370   1.0750   0.0280  -0.0098  -0.0323   0.00    0.0   -5.72446   -0.43940    0.07795   0.04768  0.04533  0.02231 -0.00542 -0.00418  0.00616   -0.02059    0.79858  186.46803   0.02369  0.02360  0.42425 -0.00438 -0.03660  0.04484
2046 358357.000   34.214904339  117.135244385    45.6027   5  11   0.6482   0.7364   1.0759   0.0283  -0.0131  -0.0322   0.00    0.0   -5.38668   -0.24658   -0.01030   0.04769  0.04576  0.02231 -0.00565 -0.00730  0.00591   -0.18922    0.97849  184.84794   0.02357  0.02337  0.42329 -0.00428 -0.03466  0.04599
2046 358358.000   34.214856766  117.135242829    45.6857   5  11   0.6481   0.7359   1.0768   0.0281  -0.0156  -0.0322   0.00    0.0   -5.27003   -0.13142   -0.01846   0.04759  0.04613  0.02231 -0.00571 -0.00779  0.00577   -0.29889    0.85687  183.33735   0.02344  0.02314  0.42253 -0.00413 -0.03253  0.04686
2046 358359.000   34.214807114  117.135242572    45.7417   5  11   0.6480   0.7354   1.0776   0.0274  -0.0177  -0.0322   0.00    0.0   -5.70484   -0.03806    0.02215   0.04749  0.04610  0.02231 -0.00545 -0.00549  0.00602   -0.13212    0.76282  182.51659   0.02331  0.02292  0.42229 -0.00402 -0.03092  0.04776
2046 358360.000   34.214753766  117.135242029    45.8344   5  10   0.6495   0.7440   1.0793   0.0271  -0.0194  -0.0326   0.00    0.0   -6.03220   -0.04785    0.01246   0.04744  0.04620  0.02232 -0.00516 -0.00369  0.00613   -0.15566    0.75190  182.71028   0.02319  0.02272  0.42246 -0.00393 -0.02978  0.04853
2046 358361.000   34.214697642  117.135242039    45.8137   5  10   0.6509   0.7523   1.0810   0.0268  -0.0208  -0.0329   0.00    0.0   -6.34295   -0.05105    0.02587   0.04742  0.04631  0.02232 -0.00489 -0.00216  0.00623   -0.37342    0.69957  182.43502   0.02307  0.02254  0.42287 -0.00388 -0.02909  0.04920
2046 358362.000   34.214638667  117.135242217    45.8694   5  10   0.6523   0.7604   1.0827   0.0266  -0.0220  -0.0331   0.00    0.0   -6.57431   -0.04236    0.01071   0.04741  0.04637  0.02233 -0.00466 -0.00166  0.00625   -0.27024    0.42918  182.59761   0.02295  0.02236  0.42343 -0.00386 -0.02872  0.04974
2046 358363.000   34.214578748  117.135240939    45.8030   5  11   0.6488   0.7676   1.0772   0.0261  -0.0227  -0.0335   0.00    0.0   -6.68754   -0.11101    0.08880   0.04738  0.04627  0.02227 -0.00441 -0.00219  0.00616   -0.18255    0.77211  183.06774   0.02283  0.02220  0.42408 -0.00384 -0.02855  0.05008
2046 358364.000   34.214519193  117.135240212    45.8145   5  11   0.6456   0.7745   1.0720   0.0258  -0.0233  -0.0337   0.00    0.0   -6.37932   -0.02137    0.02875   0.04736  0.04618  0.02222 -0.00450 -0.00276  0.00581   -0.17676    0.69015  182.48122   0.02271  0.02205  0.42470 -0.00375 -0.02789  0.05013
2046 358365.000   34.214463404  117.135240679    45.7823   5  10   0.6474   0.7818   1.0739   0.0253  -0.0242  -0.0340   0.00    0.0   -6.01210    0.04513   -0.02121   0.04733  0.04639  0.02223 -0.00464 -0.00235  0.00539   -0.33365    0.61412  182.01158   0.02258  0.02192  0.42511 -0.00360 -0.02670  0.04990
2046 358366.000   34.214410399  117.135241281    45.7906   5  10   0.6491   0.7888   1.0757   0.0241  -0.0250  -0.0344   0.00    0.0   -5.73056    0.10612   -0.02062   0.04728  0.04661  0.02224 -0.00473  0.00048  0.00504   -0.46171    0.68793  181.54998   0.02245  0.02179  0.42523 -0.00340 -0.02512  0.04942
2046 358367.000   34.214359564  117.135241584    45.7606   5  10   0.6506   0.7954   1.0774   0.0228  -0.0257  -0.0348   0.00    0.0   -5.41637    0.11645   -0.06226   0.04722  0.04689  0.02225 -0.00482  0.00334  0.00463   -0.80093    0.71684  181.43934   0.02233  0.02169  0.42496 -0.00314 -0.02310  0.04867
2046 358368.000   34.214310645  117.135242311    45.7155   5  10   0.6520   0.8019   1.0792   0.0210  -0.0263  -0.0353   0.00    0.0   -5.24906    0.08858    0.02433   0.04717  0.04696  0.02226 -0.00478  0.00496  0.00430   -0.01760    0.51434  181.30463   0.02221  0.02159  0.42445 -0.00287 -0.02084  0.04774
2046 358369.000   34.214264583  117.135243197    45.6761   5  10   0.6534   0.8080   1.0809   0.0191  -0.0268  -0.0358   0.00    0.0   -4.90941    0.12164   -0.01661   0.04707  0.04725  0.02227 -0.00485  0.00612  0.00381   -0.61684    0.76256  181.25283   0.02210  0.02152  0.42348 -0.00254 -0.01786  0.04659
2046 358370.000   34.214220112  117.135243970    45.6610   5   9   0.6628   0.8142   1.0854   0.0170  -0.0276  -0.0363   0.00    0.0   -4.65317    0.13684   -0.01693   0.04698  0.04757  0.02230 -0.00488  0.00705  0.00340   -0.51401    0.74828  180.97906   0.02199  0.02147  0.42217 -0.00219 -0.01407  0.04527
2046 358371.000   34.214178125  117.135244972    45.7723   5   9   0.6719   0.8201   1.0899   0.0149  -0.0283  -0.0369   0.00    0.0   -4.40064    0.09340   -0.07614   0.04690  0.04778  0.02233 -0.00484  0.00818  0.00289   -0.77414    0.75467  181.65625   0.02190  0.02143  0.42053 -0.00179 -0.00862  0.04378
2046 358372.000   34.214139001  117.135244756    45.6987   5   9   0.6806   0.8258   1.0943   0.0125  -0.0289  -0.0375   0.00    0.0   -4.20396    0.02457   -0.06114   0.04684  0.04780  0.02236 -0.00474  0.00907  0.00242   -0.80113    0.64132  182.51214   0.02182  0.02141  0.41870 -0.00134  0.00664  0.04215
2046 358373.000   34.214099819  117.135244748    45.6354   5   9   0.6889   0.8312   1.0987   0.0078  -0.0293  -0.0382   0.00    0.0   -4.46396   -0.03285   -0.04543   0.04676  0.04693  0.02238 -0.00441  0.00866  0.00268   -0.56427    0.22473  183.14761   0.02177  0.02141  0.41754 -0.00093  0.01146  0.04066
2046 358374.000   34.214057262  117.135243773    45.6512   5   9   0.6968   0.8365   1.1030  -0.0043  -0.0297  -0.0388   0.00    0.0   -4.90436   -0.17278   -0.02828   0.04676  0.04601  0.02240 -0.00392  0.00769  0.00309   -0.70012    0.48797  184.20227   0.02173  0.02142  0.41694 -0.00062  0.01340  0.03930
2046 358375.000   34.214011896  117.135241044    45.4822   5   9   0.7044   0.8414   1.1072  -0.0077  -0.0298  -0.0393   0.00    0.0   -5.07257   -0.20198   -0.02232   0.04662  0.04560  0.02242 -0.00369  0.00693  0.00319   -0.76034    0.71589  184.40455   0.02171  0.02143  0.41652 -0.00030  0.01455  0.03798
2046 358376.000   34.213964955  117.135239135    45.5688   5   9   0.7116   0.8462   1.1114  -0.0095  -0.0299  -0.0398   0.00    0.0   -5.16389   -0.16114   -0.03235   0.04639  0.04532  0.02244 -0.00357  0.00626  0.00323   -0.81005    0.63851  183.98105   0.02171  0.02146  0.41624  0.00034  0.01540  0.03672
2046 358377.000   34.213917411  117.135237518    45.6229   5   8   0.7268   0.8592   1.1206  -0.0109  -0.0304  -0.0405   0.00    0.0   -5.22734   -0.05592   -0.03078   0.04624  0.04529  0.02250 -0.00356  0.00554  0.00325   -0.72955    0.42028  182.73579   0.02172  0.02150  0.41615  0.00047  0.01614  0.03556
2046 358378.000   34.213870434  117.135237338    45.6155   5   8   0.7417   0.8719   1.1298  -0.0111  -0.0308  -0.0412   0.00    0.0   -5.11618    0.04094   -0.02537   0.04611  0.04536  0.02257 -0.00359  0.00562  0.00303   -0.46437    0.59671  181.88450   0.02174  0.02155  0.41609  0.00061  0.01709  0.03443
2046 358379.000   34.213823782  117.135237424    45.7197   5   9   0.7470   0.8754   1.1337  -0.0114  -0.0307  -0.0416   0.00    0.0   -5.09862    0.03081    0.01612   0.04595  0.04513  0.02258 -0.00345  0.00558  0.00287   -0.35507    0.58313  181.86388   0.02176  0.02159  0.41603  0.00074  0.01798  0.03326
2046 358380.000   34.213777958  117.135238496    45.4521   5   9   0.7521   0.8787   1.1374  -0.0121  -0.0305  -0.0420   0.00    0.0   -5.26575   -0.03256    0.02582   0.04587  0.04480  0.02259 -0.00317  0.00464  0.00299   -0.44278    0.76472  182.37530   0.02179  0.02164  0.41600  0.00076  0.01843  0.03204
2046 358381.000   34.213729353  117.135238878    45.4160   5   9   0.7569   0.8819   1.1411  -0.0122  -0.0303  -0.0424   0.00    0.0   -5.32097   -0.03363   -0.02058   0.04571  0.04457  0.02260 -0.00300  0.00416  0.00298   -0.61807    0.99704  182.27147   0.02183  0.02169  0.41599  0.00075  0.01875  0.03079
2046 358382.000   34.213679664  117.135238692    45.3606   5   9   0.7614   0.8849   1.1447  -0.0120  -0.0300  -0.0427   0.00    0.0   -5.32635   -0.00206   -0.00702   0.04552  0.04440  0.02261 -0.00292  0.00396  0.00290   -0.71345    0.75857  182.05643   0.02187  0.02175  0.41602  0.00072  0.01906  0.02953
2046 358383.000   34.213631214  117.135239123    45.4171   5   9   0.7657   0.8878   1.1483  -0.0114  -0.0298  -0.0431   0.00    0.0   -5.15783   -0.02922   -0.00113   0.04541  0.04430  0.02262 -0.00279  0.00491  0.00254   -0.61091    0.88600  182.35118   0.02192  0.02181  0.41598  0.00070  0.01962  0.02815
2046 358384.000   34.213584709  117.135239073    45.4384   5   9   0.7697   0.8905   1.1518  -0.0110  -0.0295  -0.0434   0.00    0.0   -4.99662    0.00981    0.02624   0.04523  0.04423  0.02263 -0.00274  0.00542  0.00220   -0.68679    0.84131  182.19265   0.02197  0.02188  0.41592  0.00069  0.02040  0.02670
2046 358385.000   34.213539056  117.135237887    45.4530   5   9   0.7735   0.8932   1.1553  -0.0108  -0.0293  -0.0437   0.00    0.0   -4.88579   -0.03490   -0.04564   0.04513  0.04412  0.02264 -0.00257  0.00579  0.00188   -0.79643    0.82928  182.89835   0.02202  0.02194  0.41580  0.00065  0.02125  0.02513
2046 358386.000   34.213494141  117.135237618    45.5028   5   9   0.7771   0.8957   1.1587  -0.0101  -0.0290  -0.0440   0.00    0.0   -4.72107   -0.12219   -0.00865   0.04513  0.04409  0.02265 -0.00229  0.00648  0.00133   -0.82020    0.85747  183.52001   0.02208  0.02201  0.41553  0.00057  0.02220  0.02334
2046 358387.000   34.213452063  117.135235042    45.4943   5   9   0.7805   0.8980   1.1620  -0.0101  -0.0287  -0.0444   0.00    0.0   -4.58001   -0.13649   -0.03314   0.04500  0.04403  0.02266 -0.00213  0.00669  0.00065   -0.74722    1.03343  184.04319   0.02213  0.02209  0.41524  0.00044  0.02326  0.02141
2046 358388.000   34.213407612  117.135234006    45.5331   5   9   0.7837   0.9003   1.1652  -0.0112  -0.0284  -0.0447   0.00    0.0   -4.93571   -0.07566   -0.03261   0.04481  0.04366  0.02266 -0.00200  0.00440  0.00176   -0.64931    1.17944  182.73267   0.02219  0.02216  0.41529 -0.00008  0.02379  0.01954
2046 358389.000   34.213362371  117.135232771    45.3899   5   9   0.7868   0.9025   1.1684  -0.0116  -0.0280  -0.0450   0.00    0.0   -5.05839    0.00335   -0.01088   0.04463  0.04353  0.02267 -0.00200  0.00304  0.00199   -0.83636    1.18973  181.86849   0.02225  0.02222  0.41551 -0.00048  0.02414  0.01769
2046 358390.000   34.213316285  117.135233034    45.3385   5   9   0.7896   0.9045   1.1716  -0.0117  -0.0277  -0.0453   0.00    0.0   -5.10220    0.04631   -0.04842   0.04450  0.04345  0.02267 -0.00194  0.00223  0.00204   -0.91886    1.11956  181.39984   0.02231  0.02228  0.41580 -0.00068  0.02440  0.01576
2046 358391.000   34.213269980  117.135233618    45.3476   5   9   0.7923   0.9065   1.1747  -0.0112  -0.0274  -0.0456   0.00    0.0   -4.97046    0.05552   -0.03680   0.04444  0.04342  0.02268 -0.00183  0.00301  0.00167   -0.73973    0.89954  181.14865   0.02237  0.02235  0.41610 -0.00084  0.02481  0.01362
2046 358392.000   34.213225094  117.135234974    45.4398   5   9   0.7948   0.9083   1.1777  -0.0107  -0.0270  -0.0458   0.00    0.0   -4.73358    0.04702   -0.00879   0.04440  0.04346  0.02269 -0.00163  0.00419  0.00074   -0.76115    0.87505  181.24489   0.02242  0.02241  0.41634 -0.00099  0.02550  0.01103
2046 358393.000   34.213183317  117.135235298    45.4418   5   9   0.7972   0.9101   1.1806  -0.0102  -0.0267  -0.0461   0.00    0.0   -4.46814   -0.01007   -0.00664   0.04440  0.04354  0.02270 -0.00125  0.00520 -0.00135   -0.54710    1.13433  181.75449   0.02248  0.02247  0.41645 -0.00113  0.02644  0.00731
2046 358394.000   34.213143628  117.135235006    45.4087   5   9   0.7994   0.9118   1.1836  -0.0098  -0.0264  -0.0463   0.00    0.0   -4.19578   -0.01101   -0.01422   0.04434  0.04367  0.02270 -0.00094  0.00585 -0.00204   -0.77052    1.15776  182.00087   0.02253  0.02253  0.41646 -0.00127  0.02759 -0.00375
2046 358395.000   34.213106280  117.135235668    45.4601   5   9   0.8015   0.9134   1.1864  -0.0098  -0.0261  -0.0466   0.00    0.0   -3.96946    0.11053   -0.00818   0.04419  0.04376  0.02271 -0.00109  0.00575 -0.00247   -0.75908    1.16633  180.64469   0.02258  0.02259  0.41649 -0.00141  0.02886 -0.00850
2046 358396.000   34.213070964  117.135235986    45.4166   5   9   0.8035   0.9149   1.1892  -0.0100  -0.0258  -0.0469   0.00    0.0   -3.78723    0.09442    0.00165   0.04417  0.04382  0.02272 -0.00069  0.00589 -0.00275   -0.67739    1.09225  180.55187   0.02263  0.02265  0.41648 -0.00155  0.03016 -0.01137
2046 358397.000   34.213037685  117.135236287    45.3077   5   9   0.8053   0.9163   1.1919  -0.0101  -0.0255  -0.0471   0.00    0.0   -3.56214    0.04478   -0.00226   0.04418  0.04392  0.02272  0.00076  0.00625 -0.00306   -0.62915    1.27630  180.66720   0.02267  0.02271  0.41636 -0.00170  0.03153 -0.01370
2046 358398.000   34.213006280  117.135236809    45.1749   5   9   0.8071   0.9177   1.1946  -0.0104  -0.0251  -0.0474   0.00    0.0   -3.36571    0.05292   -0.00513   0.04414  0.04398  0.02273  0.00108  0.00624 -0.00329   -0.70498    1.09553  180.81119   0.02271  0.02277  0.41622 -0.00185  0.03290 -0.01561
2046 358399.000   34.212976177  117.135238268    45.1846   5   9   0.8087   0.9190   1.1973  -0.0109  -0.0248  -0.0477   0.00    0.0   -3.26631    0.11644   -0.01191   0.04407  0.04392  0.02273  0.00109  0.00571 -0.00338   -0.96625    1.03934  179.44910   0.02275  0.02283  0.41620 -0.00199  0.03418 -0.01713
2046 358400.000   34.212947473  117.135238953    45.0575   5   9   0.8102   0.9202   1.1998  -0.0115  -0.0245  -0.0480   0.00    0.0   -3.29814    0.00655   -0.03765   0.04412  0.04372  0.02273  0.00157  0.00550 -0.00328   -1.05368    0.78961  181.77859   0.02279  0.02288  0.41630 -0.00214  0.03524 -0.01864
2046 358401.000   34.212916984  117.135239331    45.0375   5   8   0.8236   0.9321   1.2087  -0.0124  -0.0246  -0.0488   0.00    0.0   -3.49878   -0.10550   -0.00684   0.04432  0.04366  0.02278  0.00193  0.00454 -0.00294   -0.77936    0.81595  183.05178   0.02283  0.02293  0.41657 -0.00230  0.03597 -0.02018
2046 358402.000   34.212885034  117.135239535    45.0225   5   9   0.8243   0.9327   1.2111  -0.0124  -0.0241  -0.0490   0.00    0.0   -3.54912    0.02242   -0.00178   0.04418  0.04356  0.02277  0.00175  0.00337 -0.00283   -0.60298    0.40192  181.92772   0.02286  0.02297  0.41704 -0.00242  0.03657 -0.02134
2046 358403.000   34.212854340  117.135242864    44.6446   5   9   0.8250   0.9333   1.2134  -0.0122  -0.0237  -0.0492   0.00    0.0   -3.48278    0.07650   -0.05088   0.04412  0.04352  0.02277  0.00180  0.00295 -0.00285   -0.73518    0.11654  180.93421   0.02289  0.02300  0.41756 -0.00253  0.03713 -0.02229
2046 358404.000   34.212823358  117.135244459    44.6842   5  10   0.8099   0.9335   1.2116  -0.0119  -0.0227  -0.0494   0.00    0.0   -3.34657    0.16688   -0.00514   0.04404  0.04328  0.02274  0.00172  0.00272 -0.00302   -0.69655    0.06001  179.31291   0.02291  0.02303  0.41814 -0.00263  0.03771 -0.02303
2046 358405.000   34.212792972  117.135246133    44.7736   5  10   0.7964   0.9336   1.2098  -0.0118  -0.0218  -0.0495   0.00    0.0   -3.13920    0.23005   -0.01399   0.04399  0.04314  0.02271  0.00172  0.00279 -0.00327   -0.59237   -0.04924  178.26255   0.02293  0.02306  0.41871 -0.00272  0.03841 -0.02360
2046 358406.000   34.212763780  117.135248261    44.8134   5  10   0.7843   0.9337   1.2081  -0.0127  -0.0209  -0.0498   0.00    0.0   -3.53721    0.21771   -0.00784   0.04397  0.04288  0.02267  0.00159 -0.00135 -0.00258   -0.87262   -0.13644  178.51709   0.02295  0.02307  0.41940 -0.00280  0.03862 -0.02419
2046 358407.000   34.212730250  117.135250545    44.6792   5   9   0.7978   0.9454   1.2169  -0.0138  -0.0207  -0.0506   0.00    0.0   -3.94605    0.13756   -0.07138   0.04411  0.04328  0.02271  0.00169 -0.00349 -0.00158   -0.62154   -0.11273  180.11674   0.02296  0.02308  0.41994 -0.00287  0.03836 -0.02491
2046 358408.000   34.212693956  117.135251439    44.6553   5   9   0.8111   0.9570   1.2257  -0.0143  -0.0206  -0.0513   0.00    0.0   -4.09997    0.08918    0.00464   0.04425  0.04365  0.02276  0.00184 -0.00409 -0.00087   -0.17935   -0.14490  181.15545   0.02298  0.02307  0.42037 -0.00293  0.03792 -0.02564
2046 358409.000   34.212657125  117.135251046    44.5904   5  10   0.7975   0.9560   1.2235  -0.0140  -0.0197  -0.0514   0.00    0.0   -4.13876    0.00734   -0.05014   0.04422  0.04349  0.02272  0.00210 -0.00444  0.00027   -0.50044   -0.46301  182.63770   0.02299  0.02306  0.42074 -0.00298  0.03742 -0.02639
2046 358410.000   34.212619715  117.135250365    44.6138   5  10   0.7852   0.9551   1.2214  -0.0139  -0.0187  -0.0515   0.00    0.0   -4.23572   -0.06236   -0.08652   0.04420  0.04344  0.02268  0.00230 -0.00486  0.00117   -0.50205   -0.11633  182.97374   0.02301  0.02305  0.42101 -0.00303  0.03678 -0.02720
2046 358411.000   34.212580034  117.135249537    44.5748   5  10   0.7741   0.9542   1.2193  -0.0139  -0.0177  -0.0515   0.00    0.0   -4.45006   -0.10248   -0.00490   0.04419  0.04356  0.02265  0.00238 -0.00538  0.00188   -0.53623   -0.05831  182.95170   0.02302  0.02302  0.42110 -0.00307  0.03590 -0.02803
2046 358412.000   34.212538650  117.135248645    44.5722   5  10   0.7641   0.9533   1.2173  -0.0137  -0.0168  -0.0516   0.00    0.0   -4.47559   -0.07946   -0.02189   0.04413  0.04349  0.02262  0.00237 -0.00504  0.00196   -0.53680    0.12950  182.49632   0.02303  0.02300  0.42124 -0.00310  0.03500 -0.02877
2046 358413.000   34.212497330  117.135246857    44.4983   5  10   0.7550   0.9524   1.2153  -0.0137  -0.0158  -0.0516   0.00    0.0   -4.71224   -0.08124   -0.04198   0.04410  0.04369  0.02259  0.00233 -0.00523  0.00247   -0.44815    0.07703  183.01587   0.02304  0.02297  0.42117 -0.00311  0.03382 -0.02945
2046 358414.000   34.212453132  117.135246139    44.5908   5  10   0.7467   0.9516   1.2134  -0.0137  -0.0149  -0.0517   0.00    0.0   -4.88511   -0.12132    0.00443   0.04410  0.04383  0.02256  0.00241 -0.00547  0.00278   -0.59766    0.02861  182.80056   0.02305  0.02294  0.42097 -0.00310  0.03246 -0.03014
2046 358415.000   34.212410228  117.135246828    44.2183   5   9   0.7604   0.9631   1.2221  -0.0142  -0.0144  -0.0523   0.00    0.0   -4.97654   -0.05774   -0.02447   0.04418  0.04419  0.02261  0.00232 -0.00502  0.00294   -0.70604    0.06578  182.34939   0.02305  0.02291  0.42075 -0.00309  0.03097 -0.03074
2046 358416.000   34.212363905  117.135245011    44.0858   5   9   0.7742   0.9745   1.2309  -0.0147  -0.0141  -0.0530   0.00    0.0   -5.00777   -0.03343   -0.05564   0.04426  0.04436  0.02267  0.00227 -0.00443  0.00295   -0.75750    0.10603  182.14106   0.02306  0.02288  0.42063 -0.00307  0.02945 -0.03125
2046 358417.000   34.212318594  117.135245883    44.1257   5  10   0.7643   0.9726   1.2285  -0.0142  -0.0133  -0.0529   0.00    0.0   -4.79713   -0.05840   -0.00592   0.04422  0.04386  0.02264  0.00245 -0.00399  0.00259   -0.84347    0.05953  181.99269   0.02305  0.02285  0.42083 -0.00306  0.02824 -0.03175
2046 358418.000   34.212274374  117.135245217    44.1799   5  10   0.7553   0.9708   1.2262  -0.0141  -0.0124  -0.0529   0.00    0.0   -4.87986   -0.04470   -0.00240   0.04417  0.04378  0.02261  0.00241 -0.00373  0.00271   -0.73484   -0.12031  182.41851   0.02305  0.02282  0.42103 -0.00304  0.02695 -0.03219
2046 358419.000   34.212229749  117.135245056    44.2508   5  10   0.7471   0.9690   1.2239  -0.0139  -0.0116  -0.0528   0.00    0.0   -4.77763   -0.07612   -0.06714   0.04413  0.04351  0.02258  0.00253 -0.00349  0.00252   -0.79142    0.01424  182.47935   0.02305  0.02279  0.42139 -0.00302  0.02584 -0.03263
2046 358420.000   34.212186077  117.135242273    43.6556   5  10   0.7397   0.9674   1.2217  -0.0138  -0.0108  -0.0528   0.00    0.0   -4.66576   -0.12003   -0.04666   0.04411  0.04330  0.02256  0.00263 -0.00311  0.00228   -0.63557   -0.26100  183.04149   0.02304  0.02276  0.42188 -0.00302  0.02494 -0.03306
2046 358421.000   34.212144631  117.135241437    43.6639   5  10   0.7329   0.9658   1.2195  -0.0136  -0.0101  -0.0527   0.00    0.0   -4.54804   -0.23852   -0.03052   0.04413  0.04315  0.02253  0.00291 -0.00320  0.00209   -0.59555    0.12241  184.04660   0.02304  0.02274  0.42245 -0.00303  0.02427 -0.03356
2046 358422.000   34.212104216  117.135238325    43.5794   5  10   0.7267   0.9643   1.2174  -0.0136  -0.0092  -0.0527   0.00    0.0   -4.46654   -0.30856   -0.00987   0.04414  0.04307  0.02251  0.00305 -0.00299  0.00195   -0.93326    0.12274  185.80166   0.02304  0.02272  0.42306 -0.00304  0.02374 -0.03409
2046 358423.000   34.212065176  117.135234722    43.6172   5   9   0.7321   0.9633   1.2195  -0.0138  -0.0083  -0.0527   0.00    0.0   -4.32732   -0.48426   -0.01796   0.04421  0.04317  0.02253  0.00339 -0.00284  0.00172   -1.03578    0.85696  187.79339   0.02304  0.02270  0.42367 -0.00308  0.02348 -0.03478
2046 358424.000   34.212026851  117.135230097    43.5994   5   9   0.7373   0.9623   1.2216  -0.0144  -0.0071  -0.0527   0.00    0.0   -4.16456   -0.35190   -0.04015   0.04414  0.04326  0.02254  0.00328 -0.00158  0.00108   -0.89049    0.40234  187.13836   0.02303  0.02269  0.42440 -0.00311  0.02346 -0.03525
2046 358425.000   34.211989577  117.135226607    43.5673   5  10   0.7309   0.9609   1.2194  -0.0146  -0.0055  -0.0527   0.00    0.0   -3.99735   -0.23387    0.03915   0.04411  0.04319  0.02251  0.00317  0.00010 -0.00089   -0.82506    0.93930  185.18016   0.02302  0.02266  0.42518 -0.00315  0.02368 -0.03556
2046 358426.000   34.211954026  117.135224871    43.6130   5  10   0.7250   0.9596   1.2173  -0.0150  -0.0030  -0.0527   0.00    0.0   -3.80586    0.00368   -0.01377   0.04408  0.04312  0.02249  0.00285 -0.00100 -0.00181   -0.72876    1.13906  182.39546   0.02300  0.02264  0.42596 -0.00319  0.02413 -0.03556
2046 358427.000   34.211920505  117.135227560    43.6093   5  10   0.7197   0.9583   1.2153  -0.0153   0.0033  -0.0526   0.00    0.0   -3.56060    0.41334   -0.03014   0.04418  0.04309  0.02248  0.00216 -0.00309 -0.00259   -0.63915    1.05490  175.44176   0.02297  0.02262  0.42656 -0.00322  0.02481 -0.03508
2046 358428.000   34.211888333  117.135234292    43.4375   5  10   0.7148   0.9571   1.2133  -0.0155   0.0052  -0.0526   0.00    0.0   -3.25135    0.86937   -0.02719   0.04445  0.04313  0.02246  0.00075 -0.00535 -0.00331   -0.52203    0.50046  167.02290   0.02292  0.02259  0.42674 -0.00325  0.02581 -0.03404
2046 358429.000   34.211860615  117.135247153    43.3820   5  10   0.7104   0.9559   1.2113  -0.0154   0.0062  -0.0526   0.00    0.0   -2.93518    1.30900   -0.02799   0.04479  0.04319  0.02245 -0.00189 -0.00724 -0.00386   -0.86991    0.03514  157.93196   0.02285  0.02256  0.42637 -0.00326  0.02703 -0.03246
2046 358430.000   34.211835437  117.135264546    43.4011   5  10   0.7063   0.9548   1.2094  -0.0153   0.0068  -0.0526   0.00    0.0   -2.53593    1.76591   -0.07496   0.04522  0.04336  0.02244 -0.00280 -0.00932 -0.00444   -1.42404   -0.89157  148.11335   0.02277  0.02252  0.42526 -0.00325  0.02855 -0.03028
2046 358431.000   34.211813934  117.135285899    43.3079   5  10   0.7026   0.9537   1.2076  -0.0151   0.0071  -0.0527   0.00    0.0   -2.18630    2.09126   -0.07662   0.04549  0.04351  0.02244 -0.00340 -0.01055 -0.00487   -1.46937   -0.71838  138.72485   0.02268  0.02247  0.42364 -0.00322  0.03028 -0.02773
2046 358432.000   34.211795861  117.135310914    43.2301   5  10   0.6992   0.9527   1.2058  -0.0149   0.0070  -0.0527   0.00    0.0   -1.80061    2.38719   -0.07969   0.04573  0.04377  0.02244 -0.00393 -0.01164 -0.00532   -1.99168   -0.53632  128.85165   0.02257  0.02242  0.42156 -0.00317  0.03221 -0.02482
2046 358433.000   34.211782197  117.135339797    43.1603   5  10   0.6961   0.9517   1.2040  -0.0147   0.0065  -0.0528   0.00    0.0   -1.21407    2.74581   -0.07052   0.04615  0.04446  0.02245 -0.00449 -0.01344 -0.00596   -1.92914   -0.37746  115.98763   0.02243  0.02235  0.41861 -0.00308  0.03447 -0.02146
2046 358434.000   34.211774442  117.135371687    43.0957   5  11   0.6875   0.9497   1.1927  -0.0146   0.0056  -0.0528   0.00    0.0   -0.59895    3.02306   -0.10439   0.04647  0.04521  0.02239 -0.00500 -0.01476 -0.00658   -1.98175   -0.12423  103.26707   0.02227  0.02226  0.41495 -0.00295  0.03699 -0.01764
2046 358435.000   34.211771488  117.135407391    43.1258   5  11   0.6797   0.9479   1.1820  -0.0147   0.0044  -0.0529   0.00    0.0   -0.29253    3.65949   -0.08654   0.04772  0.04537  0.02233 -0.00584 -0.01591 -0.00700   -1.71352    0.20690   94.95320   0.02208  0.02214  0.41048 -0.00270  0.03938 -0.01183
2046 358436.000   34.211771289  117.135449520    43.0458   5  10   0.6794   0.9477   1.1762  -0.0154  -0.0030  -0.0532   0.00    0.0   -0.02260    4.01736   -0.13033   0.04831  0.04566  0.02230 -0.00638 -0.01578 -0.00731   -1.70324    0.60431   91.26193   0.02186  0.02202  0.40604 -0.00232  0.04162  0.00536
2046 358437.000   34.211774691  117.135491489    43.0411   5   7   0.6943   0.9591   1.1849  -0.0172  -0.0070  -0.0541   0.00    0.0    0.19574    4.11032   -0.11177   0.04846  0.04615  0.02237 -0.00671 -0.01459 -0.00750   -1.48069    0.47260   88.85378   0.02162  0.02189  0.40236 -0.00178  0.04365  0.01337
2046 358438.000   34.211776859  117.135538228    43.0297   5   8   0.6949   0.9634   1.1761  -0.0182  -0.0093  -0.0547   0.00    0.0    0.08285    4.41656   -0.11049   0.04895  0.04593  0.02231 -0.00708 -0.01267 -0.00744   -1.59590    0.57467   90.44054   0.02137  0.02172  0.39936 -0.00072  0.04532  0.01824
2046 358439.000   34.211777192  117.135586045    42.9311   5   8   0.7049   0.9674   1.1792  -0.0197  -0.0116  -0.0552   0.00    0.0   -0.11497    4.53477   -0.11530   0.04899  0.04601  0.02233 -0.00726 -0.00983 -0.00725   -1.54271    0.63816   93.05879   0.02112  0.02153  0.39728  0.00152  0.04657  0.02193
2046 358440.000   34.211774934  117.135635261    42.9023   5   9   0.7118   0.9662   1.1819  -0.0208  -0.0137  -0.0554   0.00    0.0   -0.27606    4.52783   -0.10824   0.04870  0.04622  0.02234 -0.00729 -0.00678 -0.00705   -1.84316    1.00891   95.19929   0.02087  0.02133  0.39607  0.00225  0.04747  0.02478
2046 358441.000   34.211772442  117.135684057    42.7983   5   8   0.7266   0.9775   1.1907  -0.0220  -0.0157  -0.0564   0.00    0.0   -0.17916    4.56965   -0.10989   0.04868  0.04673  0.02241 -0.00735 -0.00548 -0.00703   -1.75374    1.26749   93.99067   0.02062  0.02113  0.39530  0.00276  0.04824  0.02701
2046 358442.000   34.211770022  117.135730452    43.0798   5   8   0.7413   0.9888   1.1993  -0.0227  -0.0174  -0.0573   0.00    0.0   -0.02354    4.69424   -0.13202   0.04884  0.04720  0.02247 -0.00749 -0.00493 -0.00705   -1.67899    1.38293   91.83315   0.02039  0.02094  0.39471  0.00318  0.04895  0.02892
2046 358443.000   34.211771736  117.135781822    43.5480   5   6   0.7558   0.9999   1.2080  -0.0233  -0.0188  -0.0581   0.00    0.0    0.13299    4.81843   -0.11593   0.04891  0.04758  0.02254 -0.00756 -0.00401 -0.00704   -2.17077    1.21237   90.48547   0.02016  0.02075  0.39435  0.00354  0.04958  0.03054
2046 358444.000   34.211777136  117.135837509    42.6918   5   5   0.7701   1.0109   1.2167  -0.0240  -0.0200  -0.0589   0.00    0.0    0.29125    4.81419   -0.14591   0.04876  0.04789  0.02259 -0.00748 -0.00249 -0.00699   -1.58418    0.83192   89.21239   0.01995  0.02056  0.39438  0.00381  0.05009  0.03173
2046 358445.000   34.211781435  117.135889637    42.3699   5   5   0.7842   1.0218   1.2254  -0.0247  -0.0210  -0.0596   0.00    0.0    0.20013    4.81413   -0.08476   0.04869  0.04813  0.02264 -0.00735  0.00317 -0.00678   -1.55534    0.44895   90.51412   0.01974  0.02037  0.39465  0.00402  0.05035  0.03274
2046 358446.000   34.211782973  117.135942489    42.0220   5   5   0.7981   1.0326   1.2340  -0.0253  -0.0217  -0.0603   0.00    0.0    0.16911    4.75629   -0.13310   0.04854  0.04831  0.02269 -0.00716  0.00389 -0.00662   -1.68750    0.59759   90.96104   0.01956  0.02019  0.39510  0.00417  0.05043  0.03349
2046 358447.000   34.211783526  117.135991563    41.9606   5   5   0.8118   1.0433   1.2426  -0.0258  -0.0222  -0.0610   0.00    0.0    0.09694    4.70655   -0.08873   0.04845  0.04846  0.02274 -0.00697  0.00414 -0.00645   -1.69370    0.41528   92.06101   0.01939  0.02001  0.39561  0.00428  0.05032  0.03408
2046 358448.000   34.211784614  117.136043360    41.5146   5   5   0.8253   1.0540   1.2512  -0.0264  -0.0226  -0.0616   0.00    0.0    0.03011    4.63936   -0.10239   0.04832  0.04856  0.02279 -0.00674  0.00377 -0.00626   -1.72030    0.51012   92.71117   0.01924  0.01984  0.39611  0.00433  0.05002  0.03447
2046 358449.000   34.211786288  117.136093294    41.2698   5   6   0.8386   1.0645   1.2597  -0.0270  -0.0228  -0.0621   0.00    0.0    0.05982    4.54092   -0.15274   0.04819  0.04855  0.02284 -0.00649  0.00266 -0.00613   -1.53834    0.71019   92.99097   0.01912  0.01969  0.39660  0.00434  0.04961  0.03462
2046 358450.000   34.211789508  117.136149946    39.7588   5   5   0.8516   1.0749   1.2683  -0.0273  -0.0228  -0.0627   0.00    0.0    0.14690    4.62143   -0.16115   0.04809  0.04849  0.02288 -0.00634  0.00176 -0.00602   -1.62577    0.96395   92.01833   0.01901  0.01955  0.39708  0.00433  0.04915  0.03467
2046 358451.000   34.211786437  117.136198424    39.9507   5   7   0.8644   1.0852   1.2768  -0.0275  -0.0227  -0.0631   0.00    0.0    0.18259    4.70631   -0.12263   0.04798  0.04837  0.02293 -0.00628  0.00165 -0.00590   -1.66989    1.10421   91.40494   0.01892  0.01944  0.39756  0.00431  0.04868  0.03470
2046 358452.000   34.211785873  117.136247643    40.4804   5   7   0.8771   1.0954   1.2853  -0.0277  -0.0225  -0.0636   0.00    0.0    0.20834    4.70764   -0.16659   0.04783  0.04824  0.02297 -0.00614 -0.00080 -0.00577   -1.56279    1.17135   91.07358   0.01885  0.01934  0.39803  0.00427  0.04818  0.03465
2046 358453.000   34.211793266  117.136302801    39.7485   5   7   0.8896   1.1055   1.2937  -0.0280  -0.0222  -0.0641   0.00    0.0    0.28646    4.79427   -0.15430   0.04769  0.04813  0.02301 -0.00602 -0.00170 -0.00562   -1.62439    1.20158   90.49678   0.01880  0.01927  0.39845  0.00423  0.04763  0.03455
2046 358454.000   34.211796572  117.136355472    39.3151   5   7   0.9019   1.1155   1.3021  -0.0284  -0.0219  -0.0645   0.00    0.0    0.34194    4.78228   -0.16233   0.04755  0.04797  0.02305 -0.00586 -0.00271 -0.00549   -1.73180    1.02717   90.46043   0.01877  0.01921  0.39884  0.00416  0.04704  0.03436
2046 358455.000   34.211800526  117.136406105    38.9113   5   7   0.9035   1.1150   1.3030  -0.0281  -0.0211  -0.0643   0.00    0.0    0.36686    4.80263   -0.13813   0.04731  0.04767  0.02304 -0.00571 -0.00315 -0.00533   -1.54593    0.83265   90.48258   0.01875  0.01916  0.39918  0.00409  0.04644  0.03412
2046 358456.000   34.211801021  117.136457221    38.9028   5   8   0.9051   1.1136   1.3039  -0.0278  -0.0204  -0.0641   0.00    0.0    0.35298    4.81751   -0.17024   0.04707  0.04737  0.02302 -0.00554 -0.00355 -0.00520   -1.76101    0.50555   90.35462   0.01874  0.01913  0.39948  0.00402  0.04583  0.03384
2046 358457.000   34.211801195  117.136507347    38.7873   5  10   0.8806   1.1040   1.2991  -0.0265  -0.0192  -0.0634   0.00    0.0    0.36274    4.83973   -0.14414   0.04678  0.04671  0.02297 -0.00538 -0.00381 -0.00508   -1.79134    0.07949   90.21548   0.01875  0.01911  0.39975  0.00394  0.04525  0.03354
2046 358458.000   34.211798992  117.136557703    39.2094   5  10   0.8592   1.0950   1.2945  -0.0253  -0.0184  -0.0629   0.00    0.0    0.30302    4.85528   -0.14399   0.04651  0.04621  0.02292 -0.00521 -0.00412 -0.00494   -1.64819    0.16050   90.46209   0.01878  0.01910  0.39997  0.00386  0.04463  0.03321
2046 358459.000   34.211797611  117.136608191    39.5225   5  10   0.8404   1.0865   1.2901  -0.0241  -0.0180  -0.0625   0.00    0.0    0.19305    4.86151   -0.11584   0.04626  0.04589  0.02287 -0.00503 -0.00456 -0.00474   -1.65564    0.34973   90.98073   0.01881  0.01911  0.40008  0.00376  0.04392  0.03284
2046 358460.000   34.211796596  117.136659543    39.5808   5  10   0.8235   1.0784   1.2858  -0.0229  -0.0178  -0.0621   0.00    0.0    0.18511    4.84516   -0.13023   0.04605  0.04553  0.02283 -0.00486 -0.00492 -0.00461   -1.60901    0.72972   91.30310   0.01885  0.01913  0.40015  0.00366  0.04316  0.03242
2046 358461.000   34.211796787  117.136710798    39.4188   5   9   0.8241   1.0714   1.2865  -0.0223  -0.0183  -0.0618   0.00    0.0    0.13567    4.78396   -0.12200   0.04588  0.04549  0.02282 -0.00465 -0.00552 -0.00444   -1.81533    0.57595   91.70442   0.01890  0.01916  0.40013  0.00354  0.04233  0.03190
2046 358462.000   34.211796214  117.136761722    39.2815   5   9   0.8247   1.0648   1.2871  -0.0216  -0.0187  -0.0616   0.00    0.0    0.09209    4.68141   -0.15376   0.04575  0.04543  0.02282 -0.00441 -0.00618 -0.00430   -1.96280    0.59061   92.13347   0.01896  0.01920  0.40001  0.00341  0.04144  0.03128
2046 358463.000   34.211792794  117.136810719    39.7570   5  10   0.8095   1.0579   1.2829  -0.0204  -0.0186  -0.0614   0.00    0.0    0.00120    4.66546   -0.13144   0.04557  0.04517  0.02278 -0.00426 -0.00637 -0.00412   -1.88656    0.49221   92.91208   0.01902  0.01924  0.39983  0.00328  0.04052  0.03063
2046 358464.000   34.211792365  117.136860784    39.6273   5   9   0.8226   1.0682   1.2913  -0.0201  -0.0194  -0.0622   0.00    0.0   -0.03188    4.62069   -0.11523   0.04555  0.04529  0.02283 -0.00406 -0.00663 -0.00396   -1.81778    0.45234   93.10306   0.01909  0.01929  0.39960  0.00314  0.03955  0.02989
2046 358465.000   34.211791890  117.136910785    39.4063   5   9   0.8356   1.0785   1.2997  -0.0197  -0.0201  -0.0629   0.00    0.0    0.09876    4.49404   -0.14742   0.04558  0.04517  0.02288 -0.00380 -0.00674 -0.00398   -1.57146    0.79138   92.08099   0.01916  0.01935  0.39945  0.00300  0.03865  0.02895
2046 358466.000   34.211791901  117.136959506    39.5463   5  10   0.8193   1.0708   1.2950  -0.0185  -0.0197  -0.0625   0.00    0.0    0.16222    4.43959   -0.08302   0.04544  0.04476  0.02283 -0.00359 -0.00668 -0.00391   -1.58999    0.77158   90.95853   0.01923  0.01940  0.39934  0.00285  0.03780  0.02789
2046 358467.000   34.211793292  117.137006507    39.2843   5  10   0.8046   1.0636   1.2905  -0.0174  -0.0194  -0.0622   0.00    0.0    0.23608    4.27930   -0.09046   0.04540  0.04441  0.02280 -0.00327 -0.00689 -0.00385   -1.45419    1.08662   89.79446   0.01930  0.01946  0.39919  0.00269  0.03694  0.02661
2046 358468.000   34.211795100  117.137053424    39.1568   5  10   0.7933   1.0575   1.2800  -0.0166  -0.0192  -0.0619   0.00    0.0    0.20268    4.20015   -0.13358   0.04531  0.04425  0.02272 -0.00302 -0.00715 -0.00369   -2.14672    0.68958   90.19240   0.01937  0.01952  0.39897  0.00253  0.03605  0.02525
2046 358469.000   34.211796008  117.137099337    39.1797   5  10   0.7829   1.0517   1.2700  -0.0158  -0.0190  -0.0617   0.00    0.0    0.12069    4.11698   -0.10735   0.04523  0.04416  0.02265 -0.00275 -0.00751 -0.00348   -1.87747    0.77933   91.19015   0.01945  0.01959  0.39866  0.00236  0.03509  0.02377
2046 358470.000   34.211796309  117.137143547    39.0584   5  10   0.7719   1.0454   1.2663  -0.0149  -0.0189  -0.0614   0.00    0.0    0.15110    4.04541   -0.10354   0.04512  0.04394  0.02262 -0.00251 -0.00736 -0.00338   -1.91099    0.50819   90.98644   0.01952  0.01966  0.39839  0.00220  0.03416  0.02214
2046 358471.000   34.211797136  117.137187219    38.9935   5  10   0.7619   1.0394   1.2627  -0.0142  -0.0188  -0.0612   0.00    0.0    0.13388    4.01741   -0.12708   0.04498  0.04381  0.02260 -0.00232 -0.00723 -0.00322   -1.81102    0.40114   91.14207   0.01960  0.01972  0.39817  0.00203  0.03324  0.02040
2046 358472.000   34.211796741  117.137230636    38.9647   5  10   0.7529   1.0338   1.2591  -0.0135  -0.0187  -0.0609   0.00    0.0    0.08933    3.95138   -0.11889   0.04489  0.04372  0.02258 -0.00204 -0.00726 -0.00303   -1.87325    0.32408   91.98596   0.01968  0.01979  0.39793  0.00186  0.03229  0.01848
2046 358473.000   34.211795503  117.137273638    39.0582   5  10   0.7447   1.0284   1.2557  -0.0130  -0.0186  -0.0607   0.00    0.0    0.05782    3.91873   -0.12943   0.04477  0.04361  0.02256 -0.00182 -0.00711 -0.00286   -1.98410    0.02623   92.31626   0.01976  0.01986  0.39774  0.00170  0.03134  0.01639
2046 358474.000   34.211795298  117.137315952    38.9172   5  10   0.7372   1.0233   1.2524  -0.0126  -0.0184  -0.0604   0.00    0.0    0.12147    3.90440   -0.09243   0.04465  0.04345  0.02254 -0.00163 -0.00661 -0.00280   -1.83322   -0.20044   91.89333   0.01984  0.01993  0.39769  0.00155  0.03049  0.01404
2046 358475.000   34.211794838  117.137358353    38.9889   5  10   0.7304   1.0185   1.2492  -0.0125  -0.0182  -0.0602   0.00    0.0    0.09233    3.86739   -0.10257   0.04456  0.04339  0.02252 -0.00135 -0.00649 -0.00261   -1.65932   -0.09173   91.88614   0.01992  0.02000  0.39766  0.00139  0.02963  0.01120
2046 358476.000   34.211794057  117.137400361    38.9307   5  10   0.7243   1.0139   1.2461  -0.0124  -0.0180  -0.0600   0.00    0.0    0.10567    3.81993   -0.08442   0.04449  0.04329  0.02251 -0.00098 -0.00623 -0.00249   -1.38717    0.01328   91.55547   0.02000  0.02006  0.39770  0.00124  0.02880  0.00729
2046 358477.000   34.211794018  117.137441923    38.9436   5  10   0.7187   1.0095   1.2430  -0.0125  -0.0178  -0.0598   0.00    0.0    0.05235    3.78079   -0.05251   0.04443  0.04328  0.02249 -0.00044 -0.00618 -0.00223   -1.34728    0.21360   91.78211   0.02008  0.02013  0.39775  0.00108  0.02791 -0.00438
2046 358478.000   34.211793440  117.137483363    39.0247   5  10   0.7136   1.0054   1.2401  -0.0126  -0.0175  -0.0595   0.00    0.0    0.03399    3.68582   -0.06668   0.04441  0.04322  0.02248  0.00098 -0.00618 -0.00203   -1.51330    0.25947   92.04685   0.02015  0.02019  0.39780  0.00090  0.02701 -0.00967
2046 358479.000   34.211793028  117.137523868    39.0115   5  10   0.7091   1.0014   1.2372  -0.0129  -0.0172  -0.0593   0.00    0.0    0.06766    3.68627   -0.05018   0.04432  0.04313  0.02247  0.00111 -0.00568 -0.00192   -1.76528    0.40821   91.69183   0.02022  0.02024  0.39796  0.00073  0.02614 -0.01278
2046 358480.000   34.211793049  117.137564551    38.8686   5  10   0.7049   0.9977   1.2344  -0.0132  -0.0169  -0.0591   0.00    0.0    0.07886    3.68284   -0.09909   0.04423  0.04306  0.02246  0.00122 -0.00529 -0.00175   -1.90099    0.66870   91.60890   0.02029  0.02030  0.39821  0.00054  0.02528 -0.01513
2046 358481.000   34.211792411  117.137605206    38.8520   5  10   0.7011   0.9942   1.2317  -0.0135  -0.0165  -0.0589   0.00    0.0    0.06000    3.71975   -0.08306   0.04414  0.04303  0.02245  0.00117 -0.00483 -0.00151   -2.17022    0.55718   91.73984   0.02036  0.02035  0.39853  0.00032  0.02441 -0.01697
2046 358482.000   34.211792344  117.137646300    38.7455   5  10   0.6977   0.9908   1.2291  -0.0139  -0.0161  -0.0586   0.00    0.0    0.05548    3.79440   -0.07987   0.04404  0.04299  0.02244  0.00095 -0.00419 -0.00127   -1.80081    0.49456   91.58104   0.02042  0.02040  0.39895 -0.00017  0.02355 -0.01842
2046 358483.000   34.211792764  117.137687723    38.6278   5  10   0.6946   0.9876   1.2265  -0.0142  -0.0157  -0.0584   0.00    0.0    0.10501    3.83252   -0.07225   0.04399  0.04291  0.02243  0.00086 -0.00356 -0.00121   -1.92470    0.38136   91.11665   0.02048  0.02044  0.39945 -0.00036  0.02275 -0.01964
2046 358484.000   34.211792505  117.137729386    38.5491   5  11   0.6859   0.9835   1.2140  -0.0143  -0.0150  -0.0581   0.00    0.0    0.08405    3.90121   -0.11509   0.04392  0.04278  0.02236  0.00049 -0.00292 -0.00090   -1.88553    0.34773   91.47654   0.02054  0.02048  0.40000 -0.00042  0.02194 -0.02059
2046 358485.000   34.211791976  117.137772492    38.5458   5  11   0.6782   0.9795   1.2020  -0.0143  -0.0144  -0.0577   0.00    0.0    0.00975    3.94955   -0.12036   0.04389  0.04272  0.02229 -0.00027 -0.00245  0.00055   -1.73277    0.25742   92.39214   0.02059  0.02051  0.40055 -0.00044  0.02104 -0.02139
2046 358486.000   34.211791183  117.137815948    38.4829   5  11   0.6712   0.9758   1.1906  -0.0144  -0.0138  -0.0574   0.00    0.0   -0.08160    4.01991   -0.09862   0.04388  0.04269  0.02223 -0.00079 -0.00161  0.00126   -1.79242    0.25163   93.52365   0.02063  0.02055  0.40107 -0.00041  0.02001 -0.02201
2046 358487.000   34.211787105  117.137859504    38.6563   5  10   0.6703   0.9734   1.1891  -0.0145  -0.0134  -0.0572   0.00    0.0   -0.14366    4.03246   -0.11410   0.04388  0.04272  0.02224 -0.00083 -0.00088  0.00154   -1.79494    0.38842   93.91475   0.02068  0.02058  0.40161 -0.00037  0.01891 -0.02255
2046 358488.000   34.211785050  117.137904085    38.6716   5   9   0.6784   0.9716   1.1915  -0.0148  -0.0132  -0.0571   0.00    0.0   -0.14966    4.05281   -0.12909   0.04389  0.04289  0.02227 -0.00086  0.00093  0.00170   -1.81462    0.45328   93.99684   0.02072  0.02062  0.40217 -0.00033  0.01781 -0.02303
2046 358489.000   34.211783749  117.137948485    38.6389   5   9   0.6862   0.9698   1.1939  -0.0150  -0.0130  -0.0569   0.00    0.0   -0.09677    4.06836   -0.09584   0.04391  0.04300  0.02230 -0.00085  0.00146  0.00169   -1.83296    0.43724   93.28426   0.02075  0.02065  0.40279 -0.00029  0.01677 -0.02344
2046 358490.000   34.211782232  117.137992889    38.6386   5  10   0.6844   0.9677   1.1924  -0.0147  -0.0125  -0.0567   0.00    0.0   -0.06893    4.07182   -0.08607   0.04393  0.04291  0.02230 -0.00080  0.00167  0.00171   -1.70897    0.44781   92.77704   0.02078  0.02066  0.40343 -0.00022  0.01574 -0.02382
2046 358491.000   34.211781906  117.138037607    38.4470   5  10   0.6827   0.9657   1.1908  -0.0145  -0.0121  -0.0565   0.00    0.0   -0.02539    4.06566   -0.08415   0.04394  0.04284  0.02231 -0.00066  0.00172  0.00172   -1.86019    0.59122   92.25605   0.02081  0.02068  0.40411 -0.00014  0.01478 -0.02416
2046 358492.000   34.211782849  117.138082161    38.3851   5   9   0.6978   0.9768   1.1993  -0.0149  -0.0120  -0.0571   0.00    0.0    0.12200    4.08549   -0.09226   0.04406  0.04305  0.02238 -0.00057  0.00172  0.00139   -1.81390    0.46201   90.15592   0.02083  0.02070  0.40486 -0.00019  0.01416 -0.02443
2046 358493.000   34.211783806  117.138126769    38.2667   5  10   0.6955   0.9605   1.1913  -0.0144  -0.0114  -0.0560   0.00    0.0    0.08828    4.09393   -0.05560   0.04393  0.04297  0.02233 -0.00056  0.00189  0.00157   -1.77613    0.38115   90.52338   0.02084  0.02071  0.40559 -0.00016  0.01340 -0.02467
2046 358494.000   34.211783873  117.138170655    38.1356   5  10   0.6935   0.9455   1.1836  -0.0138  -0.0109  -0.0551   0.00    0.0   -0.01131    4.07002   -0.05114   0.04382  0.04291  0.02230 -0.00044  0.00206  0.00189   -1.64775    0.26700   91.52323   0.02086  0.02071  0.40629  0.00007  0.01242 -0.02491
2046 358495.000   34.211783387  117.138214376    38.0225   5  12   0.6785   0.9316   1.1625  -0.0131  -0.0100  -0.0541   0.00    0.0   -0.04614    4.07442   -0.06281   0.04374  0.04258  0.02218 -0.00057  0.00222  0.00202   -1.68809    0.29060   92.60202   0.02087  0.02071  0.40699  0.00023  0.01129 -0.02511
2046 358496.000   34.211782975  117.138258678    37.9929   5  11   0.6765   0.9190   1.1555  -0.0126  -0.0093  -0.0532   0.00    0.0   -0.04380    4.04952   -0.05176   0.04368  0.04254  0.02215 -0.00030  0.00215  0.00208   -1.43960    0.08811   92.57129   0.02088  0.02071  0.40771  0.00031  0.01023 -0.02533
2046 358497.000   34.211782145  117.138302521    37.9796   5  11   0.6746   0.9074   1.1488  -0.0121  -0.0087  -0.0524   0.00    0.0   -0.10277    4.01594   -0.05306   0.04363  0.04253  0.02213  0.00028  0.00216  0.00225   -1.36361   -0.01515   93.37930   0.02088  0.02071  0.40842  0.00038  0.00898 -0.02558
2046 358498.000   34.211780489  117.138345607    38.0148   5  11   0.6729   0.8967   1.1424  -0.0115  -0.0080  -0.0517   0.00    0.0   -0.30362    3.94901   -0.04440   0.04360  0.04260  0.02211  0.00056  0.00223  0.00269   -1.12337    0.12929   96.02257   0.02089  0.02072  0.40906  0.00049  0.00672 -0.02592
2046 358499.000   34.211777196  117.138388975    37.8935   5  11   0.6714   0.8868   1.1363  -0.0114  -0.0071  -0.0510   0.00    0.0   -0.38612    4.09122   -0.02503   0.04363  0.04263  0.02209 -0.00109  0.00315  0.00283   -0.89842    0.51500   96.83687   0.02089  0.02072  0.40965  0.00060  0.00217 -0.02604
2046 358500.000   34.211773786  117.138435244    37.8691   5  11   0.6700   0.8777   1.1304  -0.0104  -0.0067  -0.0503   0.00    0.0   -0.35336    4.02332   -0.00948   0.04361  0.04257  0.02207 -0.00072  0.00267  0.00279   -1.53613    0.51162   95.91868   0.02090  0.02071  0.41030  0.00068 -0.00546 -0.02628
2046 358501.000   34.211771770  117.138479091    37.6547   5  11   0.6687   0.8693   1.1247  -0.0099  -0.0061  -0.0496   0.00    0.0   -0.17822    4.09044   -0.06072   0.04362  0.04246  0.02205 -0.00102  0.00251  0.00248   -1.74437    0.48678   94.06021   0.02089  0.02071  0.41102  0.00071 -0.00714 -0.02630
2046 358502.000   34.211771411  117.138523928    37.6183   5  11   0.6676   0.8616   1.1192  -0.0097  -0.0053  -0.0490   0.00    0.0   -0.02457    4.19617   -0.07375   0.04366  0.04240  0.02204 -0.00132  0.00214  0.00216   -1.50820    0.79099   92.17053   0.02088  0.02070  0.41174  0.00071 -0.00794 -0.02614
2046 358503.000   34.211771593  117.138571475    37.6358   5  11   0.6665   0.8544   1.1140  -0.0090  -0.0048  -0.0484   0.00    0.0    0.09796    4.32581   -0.07622   0.04370  0.04237  0.02203 -0.00160  0.00141  0.00180   -1.32733    0.83773   90.66811   0.02087  0.02069  0.41242  0.00068 -0.00821 -0.02580
2046 358504.000   34.211772545  117.138618424    37.5887   5  11   0.6656   0.8478   1.1090  -0.0081  -0.0044  -0.0479   0.00    0.0    0.22384    4.30155   -0.06578   0.04367  0.04236  0.02201 -0.00142 -0.00104  0.00139   -1.31716    0.79981   89.44016   0.02085  0.02067  0.41311  0.00062 -0.00791 -0.02550
2046 358505.000   34.211774107  117.138664346    37.5352   5  11   0.6647   0.8417   1.1042  -0.0075  -0.0038  -0.0474   0.00    0.0    0.27882    4.29348   -0.06036   0.04365  0.04234  0.02200 -0.00133 -0.00148  0.00110   -1.14098    0.77511   88.72031   0.02083  0.02066  0.41380  0.00055 -0.00738 -0.02521
2046 358506.000   34.211776844  117.138712210    37.5088   5  11   0.6639   0.8361   1.0995  -0.0072  -0.0030  -0.0470   0.00    0.0    0.27802    4.47827   -0.03903   0.04374  0.04232  0.02199 -0.00180 -0.00172  0.00095   -1.25300    0.86667   88.37776   0.02081  0.02064  0.41441  0.00047 -0.00699 -0.02466
2046 358507.000   34.211778874  117.138761223    37.4730   5  11   0.6632   0.8308   1.0950  -0.0064  -0.0026  -0.0466   0.00    0.0    0.25120    4.50466   -0.05325   0.04371  0.04229  0.02199 -0.00180 -0.00140  0.00097   -1.28816    0.74168   88.70309   0.02079  0.02062  0.41503  0.00039 -0.00673 -0.02410
2046 358508.000   34.211780979  117.138809452    37.5076   5  12   0.6522   0.8259   1.0801  -0.0053  -0.0024  -0.0462   0.00    0.0    0.20842    4.47926   -0.07460   0.04366  0.04204  0.02191 -0.00171 -0.00051  0.00114   -1.35522    0.67651   89.51512   0.02077  0.02059  0.41568  0.00029 -0.00669 -0.02359
2046 358509.000   34.211781889  117.138857861    37.5130   5  11   0.6456   0.8214   1.0671  -0.0044  -0.0021  -0.0459   0.00    0.0    0.11696    4.51140   -0.05987   0.04366  0.04192  0.02185 -0.00179  0.00152  0.00142   -1.45772    0.72395   90.63220   0.02074  0.02058  0.41632  0.00021 -0.00712 -0.02305
2046 358510.000   34.211782001  117.138907473    37.4164   5  11   0.6396   0.8173   1.0548  -0.0034  -0.0018  -0.0456   0.00    0.0    0.07633    4.50990   -0.06489   0.04363  0.04183  0.02180 -0.00172  0.00177  0.00151   -1.34650    0.91597   90.81931   0.02072  0.02056  0.41698  0.00013 -0.00767 -0.02255
2046 358511.000   34.211782241  117.138956256    37.2715   5  10   0.6419   0.8135   1.0522  -0.0018  -0.0017  -0.0453   0.00    0.0    0.20311    4.50276   -0.07935   0.04359  0.04193  0.02181 -0.00159 -0.00076  0.00096   -1.32266    1.14790   89.33594   0.02070  0.02054  0.41766 -0.00017 -0.00756 -0.02206
2046 358512.000   34.211784785  117.139005872    37.3213   5  10   0.6514   0.8115   1.0552   0.0017  -0.0015  -0.0451   0.00    0.0    0.41239    4.57368   -0.03246   0.04362  0.04221  0.02186 -0.00162 -0.00250 -0.00108   -1.32008    1.04960   87.16706   0.02068  0.02053  0.41829 -0.00032 -0.00648 -0.02144
2046 358513.000   34.211789705  117.139055304    37.2741   5  10   0.6606   0.8097   1.0582   0.0029  -0.0016  -0.0450   0.00    0.0    0.55411    4.53645   -0.04852   0.04357  0.04244  0.02190 -0.00135 -0.00285 -0.00158   -1.23483    1.20313   84.91115   0.02066  0.02052  0.41892 -0.00044 -0.00439 -0.02092
2046 358514.000   34.211794977  117.139104177    37.1988   5  10   0.6615   0.8065   1.0556   0.0036  -0.0015  -0.0448   0.00    0.0    0.73806    4.48623   -0.07663   0.04348  0.04248  0.02191 -0.00093 -0.00319 -0.00208   -1.28689    1.31852   82.87763   0.02063  0.02049  0.41952 -0.00058  0.00377 -0.02049
2046 358515.000   34.211802167  117.139152475    37.1587   5  10   0.6623   0.8036   1.0531   0.0036   0.0002  -0.0447   0.00    0.0    0.88007    4.40388   -0.00643   0.04341  0.04252  0.02191  0.00057 -0.00305 -0.00238   -1.09844    1.15497   81.07603   0.02061  0.02046  0.42011 -0.00069  0.00744 -0.02022
2046 358516.000   34.211809420  117.139200321    37.0982   5  11   0.6619   0.8009   1.0503   0.0031   0.0021  -0.0446   0.00    0.0    0.90675    4.27329   -0.04971   0.04331  0.04243  0.02192  0.00135 -0.00221 -0.00243   -1.30933    1.15590   80.04207   0.02058  0.02044  0.42076 -0.00078  0.00980 -0.02025
2046 358517.000   34.211817052  117.139246653    37.0196   5  11   0.6615   0.7984   1.0477   0.0020   0.0035  -0.0446   0.00    0.0    0.93871    4.20428   -0.04513   0.04326  0.04236  0.02192  0.00163 -0.00169 -0.00250   -1.19105    1.01723   79.39462   0.02056  0.02041  0.42143 -0.00086  0.01168 -0.02040
2046 358518.000   34.211825418  117.139291129    36.9475   5   9   0.6642   0.7964   1.0460  -0.0013   0.0047  -0.0446   0.00    0.0    0.97223    4.11652   -0.05637   0.04322  0.04236  0.02193  0.00188 -0.00094 -0.00255   -1.24497    1.06031   78.79551   0.02053  0.02039  0.42212 -0.00093  0.01328 -0.02070
2046 358519.000   34.211833908  117.139334740    36.8061   5   8   0.6696   0.7964   1.0443  -0.0029   0.0058  -0.0447   0.00    0.0    0.98267    4.08593   -0.02553   0.04322  0.04241  0.02194  0.00196 -0.00080 -0.00256   -1.22030    1.08771   78.41777   0.02051  0.02037  0.42284 -0.00099  0.01461 -0.02103
2046 358520.000   34.211843390  117.139377034    36.9201   5  10   0.6642   0.7955   1.0335  -0.0037   0.0066  -0.0447   0.00    0.0    0.99024    4.14120   -0.04839   0.04320  0.04220  0.02188  0.00176 -0.00160 -0.00255   -1.19870    1.09662   78.87852   0.02049  0.02034  0.42358 -0.00105  0.01567 -0.02120
2046 358521.000   34.211851941  117.139423288    36.9131   5   7   0.6668   0.8006   1.0269  -0.0039   0.0073  -0.0451   0.00    0.0    1.03367    4.17789   -0.04621   0.04327  0.04222  0.02185  0.00170 -0.00182 -0.00261   -1.24318    0.99988   78.60982   0.02047  0.02032  0.42431 -0.00110  0.01665 -0.02129
2046 358522.000   34.211861334  117.139468810    36.8951   5   8   0.6650   0.8041   1.0190  -0.0042   0.0079  -0.0455   0.00    0.0    1.05036    4.15375   -0.01064   0.04331  0.04213  0.02182  0.00178 -0.00163 -0.00261   -1.23980    1.09458   78.26907   0.02045  0.02030  0.42506 -0.00114  0.01749 -0.02142
2046 358523.000   34.211870268  117.139514063    36.8823   5  11   0.6594   0.8026   1.0107  -0.0044   0.0085  -0.0455   0.00    0.0    1.06163    4.17966   -0.02795   0.04326  0.04196  0.02178  0.00171 -0.00172 -0.00261   -1.37406    1.03411   78.02520   0.02043  0.02027  0.42583 -0.00117  0.01822 -0.02148
2046 358524.000   34.211880641  117.139561158    36.9227   5  11   0.6543   0.8012   1.0028  -0.0046   0.0090  -0.0455   0.00    0.0    1.12287    4.38287   -0.04047   0.04329  0.04183  0.02175  0.00109 -0.00255 -0.00269   -1.22442    1.00422   77.74067   0.02041  0.02025  0.42652 -0.00119  0.01893 -0.02119
2046 358525.000   34.211890268  117.139609209    36.8545   5  10   0.6635   0.8003   1.0069  -0.0049   0.0095  -0.0456   0.00    0.0    1.17998    4.42942   -0.07629   0.04327  0.04205  0.02180  0.00093 -0.00272 -0.00276   -1.43401    1.00165   77.54427   0.02039  0.02025  0.42720 -0.00119  0.01965 -0.02082
2046 358526.000   34.211900831  117.139657089    36.7626   5  10   0.6723   0.7994   1.0109  -0.0051   0.0100  -0.0457   0.00    0.0    1.26228    4.41977   -0.01557   0.04324  0.04225  0.02185  0.00104 -0.00275 -0.00285   -1.47586    0.85626   76.61529   0.02037  0.02024  0.42788 -0.00119  0.02041 -0.02048
2046 358527.000   34.211911782  117.139705058    36.6953   5  11   0.6711   0.7972   1.0097  -0.0052   0.0102  -0.0457   0.00    0.0    1.27428    4.34993   -0.05432   0.04314  0.04216  0.02186  0.00132 -0.00228 -0.00281   -1.27218    0.99753   75.90902   0.02035  0.02022  0.42861 -0.00121  0.02108 -0.02030
2046 358528.000   34.211923145  117.139752587    36.6500   5   9   0.6732   0.7954   1.0092  -0.0053   0.0106  -0.0458   0.00    0.0    1.37050    4.32675   -0.06512   0.04309  0.04219  0.02187  0.00143 -0.00230 -0.00292   -1.15897    1.13562   74.98658   0.02034  0.02021  0.42934 -0.00122  0.02179 -0.02021
2046 358529.000   34.211937660  117.139798312    36.6978   5  10   0.6674   0.7947   1.0005  -0.0055   0.0107  -0.0459   0.00    0.0    1.43574    4.29912   -0.03790   0.04307  0.04202  0.02183  0.00147 -0.00216 -0.00293   -1.18518    0.71068   73.99185   0.02032  0.02019  0.43008 -0.00124  0.02245 -0.02014
2046 358530.000   34.211950311  117.139845589    36.6982   5  10   0.6622   0.7941   0.9923  -0.0058   0.0109  -0.0460   0.00    0.0    1.47511    4.20650   -0.04841   0.04303  0.04188  0.02178  0.00173 -0.00165 -0.00293   -1.24834    0.80306   73.16780   0.02031  0.02017  0.43086 -0.00126  0.02308 -0.02028
2046 358531.000   34.211963375  117.139892252    36.6564   5  11   0.6546   0.7922   0.9844  -0.0059   0.0112  -0.0460   0.00    0.0    1.59376    4.20987   -0.06160   0.04299  0.04174  0.02174  0.00173 -0.00184 -0.00306   -1.21890    0.70523   72.02420   0.02029  0.02015  0.43161 -0.00128  0.02380 -0.02042
2046 358532.000   34.211977606  117.139939014    36.5421   5  10   0.6559   0.7905   0.9844  -0.0061   0.0116  -0.0461   0.00    0.0    1.68775    4.26130   -0.01399   0.04299  0.04182  0.02176  0.00161 -0.00219 -0.00314   -1.25289    0.63425   71.10945   0.02027  0.02015  0.43234 -0.00130  0.02456 -0.02047
2046 358533.000   34.211992806  117.139987381    36.6186   5  11   0.6490   0.7889   0.9770  -0.0064   0.0118  -0.0461   0.00    0.0    1.72418    4.30132   -0.03558   0.04297  0.04166  0.02172  0.00153 -0.00221 -0.00313   -1.20019    0.93551   70.43750   0.02026  0.02013  0.43307 -0.00131  0.02522 -0.02047
2046 358534.000   34.212008088  117.140033948    36.5654   5  11   0.6428   0.7874   0.9700  -0.0066   0.0120  -0.0462   0.00    0.0    1.77615    4.30080   -0.06074   0.04294  0.04155  0.02169  0.00152 -0.00217 -0.00315   -1.11376    1.17394   70.24736   0.02024  0.02012  0.43382 -0.00132  0.02584 -0.02047
2046 358535.000   34.212023975  117.140080310    36.4989   5  10   0.6413   0.7862   0.9643  -0.0068   0.0123  -0.0463   0.00    0.0    1.79811    4.30957   -0.03296   0.04294  0.04155  0.02166  0.00148 -0.00206 -0.00311   -1.20315    1.13046   70.15023   0.02023  0.02012  0.43458 -0.00133  0.02635 -0.02043
2046 358536.000   34.212040625  117.140126982    36.4662   5  10   0.6435   0.7849   0.9649  -0.0071   0.0127  -0.0464   0.00    0.0    1.88137    4.26205   -0.05457   0.04291  0.04165  0.02169  0.00160 -0.00189 -0.00317   -1.19943    1.52457   68.82037   0.02022  0.02011  0.43535 -0.00134  0.02684 -0.02049
2046 358537.000   34.212057792  117.140173062    36.3952   5  11   0.6379   0.7837   0.9585  -0.0072   0.0128  -0.0465   0.00    0.0    2.04039    4.23373   -0.02328   0.04290  0.04160  0.02166  0.00165 -0.00204 -0.00333   -1.19015    1.42221   67.04132   0.02020  0.02010  0.43610 -0.00135  0.02744 -0.02058
2046 358538.000   34.212077615  117.140220208    36.2184   5   9   0.6537   0.7972   0.9678  -0.0078   0.0137  -0.0475   0.00    0.0    2.17913    4.20011   -0.02968   0.04312  0.04204  0.02175  0.00178 -0.00192 -0.00345   -1.26675    1.48292   65.22727   0.02020  0.02012  0.43682 -0.00138  0.02808 -0.02076
2046 358539.000   34.212098669  117.140267059    35.9096   5   9   0.6694   0.8107   0.9770  -0.0084   0.0145  -0.0486   0.00    0.0    2.31873    4.13458   -0.02776   0.04331  0.04243  0.02184  0.00197 -0.00148 -0.00357   -1.41442    1.28151   63.84505   0.02019  0.02012  0.43754 -0.00141  0.02878 -0.02106
2046 358540.000   34.212120267  117.140313563    35.7030   5   7   0.6849   0.8240   0.9864  -0.0088   0.0152  -0.0496   0.00    0.0    2.47765    4.05969   -0.04165   0.04347  0.04279  0.02192  0.00215 -0.00053 -0.00371   -1.18292    1.34359   61.51735   0.02018  0.02013  0.43822 -0.00146  0.02955 -0.02151
2046 358541.000   34.212143810  117.140357619    35.3906   5   7   0.7004   0.8371   0.9958  -0.0092   0.0160  -0.0506   0.00    0.0    2.69967    3.91443   -0.09893   0.04362  0.04315  0.02201  0.00241  0.00203 -0.00391   -1.03282    1.43158   58.21308   0.02017  0.02013  0.43882 -0.00153  0.03043 -0.02221
2046 358542.000   34.212168709  117.140400323    35.1832   5   6   0.7156   0.8502   1.0052  -0.0095   0.0167  -0.0516   0.00    0.0    2.89098    3.88452   -0.01479   0.04378  0.04349  0.02209  0.00242  0.00209 -0.00407   -0.90321    1.32788   56.31779   0.02015  0.02012  0.43934 -0.00162  0.03137 -0.02291
2046 358543.000   34.212193532  117.140441906    35.2469   5   8   0.7307   0.8630   1.0146  -0.0100   0.0175  -0.0525   0.00    0.0    2.85266    3.86912   -0.02959   0.04389  0.04358  0.02216  0.00240  0.00167 -0.00398   -0.93410    1.27899   56.33910   0.02013  0.02012  0.43999 -0.00169  0.03212 -0.02356
2046 358544.000   34.212217019  117.140482609    35.2972   5   8   0.7455   0.8757   1.0240  -0.0102   0.0182  -0.0534   0.00    0.0    2.76953    3.90653   -0.02455   0.04399  0.04365  0.02223  0.00227  0.00043 -0.00382   -1.02874    0.93998   57.48670   0.02012  0.02011  0.44074 -0.00174  0.03268 -0.02405
2046 358545.000   34.212241246  117.140527305    35.0889   5   9   0.7601   0.8882   1.0335  -0.0106   0.0188  -0.0543   0.00    0.0    2.65038    3.89835   -0.05996   0.04406  0.04371  0.02230  0.00230  0.00060 -0.00359   -0.93462    0.92908   58.46254   0.02011  0.02010  0.44158 -0.00178  0.03301 -0.02452
2046 358546.000   34.212267313  117.140570941    34.5982   5   8   0.7744   0.9006   1.0430  -0.0109   0.0193  -0.0551   0.00    0.0    2.75355    3.78148   -0.07950   0.04413  0.04384  0.02237  0.00250  0.00131 -0.00361   -0.82153    0.83226   57.01520   0.02010  0.02009  0.44241 -0.00183  0.03334 -0.02516
2046 358547.000   34.212292270  117.140611696    34.4768   5   7   0.7885   0.9128   1.0524  -0.0109   0.0198  -0.0558   0.00    0.0    2.84271    3.78476   -0.05793   0.04419  0.04395  0.02244  0.00243  0.00104 -0.00363   -0.99580    0.87017   55.78047   0.02009  0.02009  0.44325 -0.00188  0.03367 -0.02571
2046 358548.000   34.212317469  117.140652416    34.5853   5   6   0.8023   0.9248   1.0619  -0.0108   0.0202  -0.0566   0.00    0.0    2.97605    3.80905   -0.06166   0.04424  0.04406  0.02250  0.00232  0.00022 -0.00371   -0.91981    0.92705   54.56722   0.02008  0.02008  0.44407 -0.00192  0.03407 -0.02616
2046 358549.000   34.212343045  117.140691707    34.4917   5   8   0.8159   0.9366   1.0714  -0.0111   0.0206  -0.0573   0.00    0.0    3.04554    3.63140   -0.01836   0.04429  0.04415  0.02257  0.00256  0.00151 -0.00373   -0.68213    1.06663   52.67980   0.02007  0.02008  0.44489 -0.00199  0.03442 -0.02680
2046 358550.000   34.212367480  117.140728131    34.7062   5  10   0.8036   0.9367   1.0699  -0.0108   0.0201  -0.0571   0.00    0.0    3.07016    3.49525   -0.03682   0.04416  0.04365  0.02253  0.00266  0.00175 -0.00370   -0.68901    0.90625   51.33390   0.02006  0.02006  0.44570 -0.00205  0.03473 -0.02754
2046 358551.000   34.212395323  117.140768095    34.4731   5   9   0.8172   0.9485   1.0794  -0.0108   0.0206  -0.0578   0.00    0.0    3.14276    3.51589   -0.06616   0.04420  0.04376  0.02259  0.00259  0.00145 -0.00368   -0.59743    0.99220   50.87485   0.02006  0.02006  0.44654 -0.00211  0.03499 -0.02820
2046 358552.000   34.212422335  117.140805706    34.5198   5   9   0.8306   0.9600   1.0888  -0.0109   0.0210  -0.0585   0.00    0.0    3.17325    3.55768    0.00555   0.04425  0.04387  0.02265  0.00244  0.00085 -0.00363   -0.60347    0.94842   50.67271   0.02005  0.02006  0.44740 -0.00216  0.03522 -0.02869
2046 358553.000   34.212449481  117.140841800    34.5949   5  10   0.8168   0.9590   1.0868  -0.0105   0.0205  -0.0583   0.00    0.0    3.19589    3.52286   -0.01229   0.04411  0.04341  0.02260  0.00239  0.00064 -0.00356   -0.76014    0.91388   49.98952   0.02005  0.02005  0.44826 -0.00220  0.03541 -0.02914
2046 358554.000   34.212474909  117.140877733    34.9305   5  10   0.8028   0.9575   1.0886  -0.0103   0.0201  -0.0581   0.00    0.0    3.17061    3.48727   -0.05854   0.04397  0.04301  0.02259  0.00234  0.00050 -0.00345   -0.70914    0.68081   50.19474   0.02005  0.02004  0.44914 -0.00224  0.03553 -0.02955
2046 358555.000   34.212503438  117.140914823    34.8924   5   9   0.8164   0.9690   1.0980  -0.0108   0.0206  -0.0588   0.00    0.0    3.10371    3.45339   -0.03325   0.04404  0.04321  0.02265  0.00236  0.00073 -0.00325   -0.58496    0.79062   50.37047   0.02005  0.02005  0.45002 -0.00226  0.03548 -0.02993
2046 358556.000   34.212532946  117.140953481    34.5684   5   9   0.8298   0.9804   1.1075  -0.0111   0.0211  -0.0594   0.00    0.0    3.15058    3.43067   -0.05544   0.04410  0.04337  0.02270  0.00238  0.00079 -0.00320   -0.89560    0.93685   49.79921   0.02006  0.02005  0.45091 -0.00228  0.03540 -0.03028
2046 358557.000   34.212560171  117.140989435    34.6156   5   9   0.8430   0.9916   1.1168  -0.0113   0.0215  -0.0600   0.00    0.0    3.16389    3.41487   -0.03345   0.04415  0.04353  0.02276  0.00234  0.00096 -0.00312   -0.76835    0.83420   49.75300   0.02006  0.02006  0.45178 -0.00229  0.03528 -0.03057
2046 358558.000   34.212588882  117.141026394    34.5723   5   9   0.8561   1.0027   1.1262  -0.0116   0.0219  -0.0606   0.00    0.0    3.19282    3.33345   -0.03946   0.04418  0.04366  0.02281  0.00245  0.00086 -0.00306   -0.66758    0.51524   48.71550   0.02007  0.02006  0.45266 -0.00230  0.03514 -0.03093
2046 358559.000   34.212615936  117.141061752    34.6300   5  10   0.8377   0.9989   1.1271  -0.0114   0.0212  -0.0603   0.00    0.0    3.18422    3.26953   -0.06311   0.04403  0.04323  0.02278  0.00248  0.00074 -0.00295   -0.73493    0.58403   48.58286   0.02007  0.02006  0.45353 -0.00231  0.03496 -0.03131
2046 358560.000   34.212646825  117.141098927    34.0432   5   9   0.8507   1.0100   1.1364  -0.0118   0.0216  -0.0609   0.00    0.0    3.20464    3.19806   -0.05248   0.04409  0.04341  0.02283  0.00260  0.00034 -0.00285   -0.71197    0.70484   47.95233   0.02009  0.02006  0.45439 -0.00231  0.03469 -0.03172
2046 358561.000   34.212675511  117.141132895    33.9341   5   9   0.8636   1.0209   1.1457  -0.0121   0.0220  -0.0615   0.00    0.0    3.22947    3.09181   -0.05557   0.04413  0.04356  0.02288  0.00272 -0.00077 -0.00280   -0.78995    0.76160   46.32503   0.02010  0.02007  0.45525 -0.00232  0.03438 -0.03217
2046 358562.000   34.212703493  117.141164826    33.9302   5  10   0.8443   1.0161   1.1461  -0.0118   0.0214  -0.0610   0.00    0.0    3.29012    2.99542   -0.04644   0.04400  0.04316  0.02285  0.00277 -0.00103 -0.00280   -0.62913    0.69682   44.89235   0.02011  0.02006  0.45611 -0.00233  0.03411 -0.03268
2046 358563.000   34.212731930  117.141195859    33.9170   5  10   0.8272   1.0116   1.1465  -0.0115   0.0209  -0.0607   0.00    0.0    3.42566    2.89267   -0.05906   0.04390  0.04285  0.02282  0.00282 -0.00093 -0.00293   -0.75718    0.79757   42.72116   0.02012  0.02006  0.45698 -0.00236  0.03395 -0.03323
2046 358564.000   34.212762877  117.141226401    33.8815   5   9   0.8404   1.0226   1.1557  -0.0119   0.0214  -0.0613   0.00    0.0    3.53822    2.81986   -0.07484   0.04398  0.04307  0.02287  0.00286 -0.00061 -0.00302   -0.72724    0.87897   41.27399   0.02013  0.02007  0.45787 -0.00239  0.03384 -0.03379
2046 358565.000   34.212793689  117.141257247    33.7784   5   9   0.8533   1.0334   1.1649  -0.0122   0.0219  -0.0619   0.00    0.0    3.48397    2.91995   -0.05004   0.04404  0.04329  0.02291  0.00266  0.00054 -0.00284   -0.73985    0.87310   42.60214   0.02014  0.02008  0.45875 -0.00239  0.03363 -0.03411
2046 358566.000   34.212822852  117.141288746    33.8932   5  10   0.8352   1.0279   1.1648  -0.0119   0.0213  -0.0615   0.00    0.0    3.44147    2.89908   -0.03489   0.04394  0.04301  0.02287  0.00263  0.00085 -0.00269   -0.56904    0.98482   42.59666   0.02015  0.02007  0.45962 -0.00238  0.03333 -0.03438
2046 358567.000   34.212853374  117.141319244    33.9113   5  10   0.8190   1.0228   1.1647  -0.0117   0.0208  -0.0611   0.00    0.0    3.54257    2.82026   -0.05457   0.04385  0.04277  0.02284  0.00266  0.00036 -0.00277   -0.71634    1.16772   40.77886   0.02017  0.02007  0.46050 -0.00238  0.03310 -0.03469
2046 358568.000   34.212884027  117.141348440    33.9858   5  10   0.8046   1.0179   1.1645  -0.0116   0.0205  -0.0607   0.00    0.0    3.60365    2.76726   -0.07411   0.04378  0.04261  0.02280  0.00265  0.00020 -0.00279   -0.49833    0.97445   40.52937   0.02018  0.02008  0.46139 -0.00238  0.03289 -0.03499
2046 358569.000   34.212914927  117.141377056    33.9708   5   9   0.7936   1.0138   1.1644  -0.0114   0.0203  -0.0604   0.00    0.0    3.73786    2.74895    0.05088   0.04376  0.04255  0.02277  0.00257 -0.00052 -0.00292   -1.04471    0.34426   39.27161   0.02019  0.02008  0.46229 -0.00239  0.03282 -0.03525
2046 358570.000   34.212947317  117.141405610    33.9005   5   9   0.7836   1.0099   1.1643  -0.0116   0.0202  -0.0601   0.00    0.0    3.65287    2.64127    0.00471   0.04371  0.04251  0.02274  0.00269 -0.00016 -0.00270   -0.54155    0.64652   38.00072   0.02020  0.02008  0.46318 -0.00240  0.03261 -0.03558
2046 358571.000   34.212978495  117.141433035    33.9535   5  10   0.7727   1.0056   1.1641  -0.0118   0.0201  -0.0599   0.00    0.0    3.51212    2.40426   -0.00636   0.04370  0.04251  0.02271  0.00301 -0.00171 -0.00242   -0.41496    0.84336   36.97288   0.02021  0.02008  0.46401 -0.00239  0.03208 -0.03611
2046 358572.000   34.213008321  117.141457285    34.0177   5  10   0.7627   1.0016   1.1640  -0.0119   0.0200  -0.0596   0.00    0.0    3.40397    2.14015   -0.05530   0.04373  0.04254  0.02268  0.00332 -0.00293 -0.00219   -0.58403    0.62179   35.20326   0.02023  0.02008  0.46472 -0.00237  0.03138 -0.03679
2046 358573.000   34.213037580  117.141479317    34.0128   5  10   0.7536   0.9978   1.1638  -0.0119   0.0200  -0.0594   0.00    0.0    3.26470    1.95320   -0.03500   0.04377  0.04264  0.02265  0.00350 -0.00379 -0.00183   -0.64925    0.72853   33.50987   0.02025  0.02006  0.46529 -0.00234  0.03042 -0.03756
2046 358574.000   34.213065634  117.141499634    34.0522   5  10   0.7454   0.9941   1.1636  -0.0118   0.0201  -0.0591   0.00    0.0    3.13687    1.82071   -0.10319   0.04377  0.04274  0.02262  0.00362 -0.00429 -0.00143   -0.87496    0.67632   32.66565   0.02027  0.02005  0.46575 -0.00229  0.02928 -0.03831
2046 358575.000   34.213091540  117.141518995    34.0822   5  10   0.7379   0.9906   1.1634  -0.0116   0.0201  -0.0589   0.00    0.0    3.03881    1.68708   -0.03874   0.04381  0.04282  0.02260  0.00372 -0.00462 -0.00107   -0.38682    1.14922   32.20686   0.02029  0.02004  0.46613 -0.00222  0.02794 -0.03906
2046 358576.000   34.213116678  117.141535446    34.4503   5   8   0.7516   1.0016   1.1726  -0.0119   0.0210  -0.0595   0.00    0.0    3.19688    1.72814   -0.03007   0.04385  0.04295  0.02265  0.00354 -0.00319 -0.00152   -0.62682    1.25248   30.76251   0.02031  0.02003  0.46677 -0.00216  0.02684 -0.03962
2046 358577.000   34.213147659  117.141555733    34.1783   5   9   0.7653   1.0125   1.1816  -0.0124   0.0218  -0.0602   0.00    0.0    3.47126    1.74045   -0.01301   0.04394  0.04308  0.02270  0.00342 -0.00196 -0.00208   -0.62019    0.89702   29.48276   0.02032  0.02003  0.46760 -0.00213  0.02617 -0.04012
2046 358578.000   34.213180494  117.141576554    34.0075   5   9   0.7790   1.0234   1.1907  -0.0128   0.0224  -0.0608   0.00    0.0    3.50495    1.70945   -0.05822   0.04402  0.04330  0.02275  0.00341 -0.00172 -0.00205   -0.68002    0.86448   28.87192   0.02033  0.02003  0.46844 -0.00209  0.02551 -0.04057
2046 358579.000   34.213211891  117.141595144    33.9781   5  10   0.7687   1.0184   1.1898  -0.0126   0.0222  -0.0604   0.00    0.0    3.60351    1.74267   -0.04976   0.04395  0.04311  0.02272  0.00325 -0.00094 -0.00216   -0.66878    0.89375   28.28761   0.02034  0.02001  0.46933 -0.00206  0.02503 -0.04090
2046 358580.000   34.213243471  117.141613961    34.0495   5  10   0.7593   1.0136   1.1889  -0.0125   0.0219  -0.0601   0.00    0.0    3.60022    1.74879   -0.05609   0.04391  0.04297  0.02268  0.00314  0.00028 -0.00209   -0.70434    0.98573   28.42264   0.02035  0.02000  0.47021 -0.00202  0.02452 -0.04113
2046 358581.000   34.213274820  117.141632554    34.0507   5   8   0.7731   1.0244   1.1979  -0.0130   0.0226  -0.0607   0.00    0.0    3.46381    1.74548   -0.02132   0.04402  0.04326  0.02273  0.00310  0.00145 -0.00171   -0.63876    0.89546   28.72845   0.02035  0.02000  0.47103 -0.00195  0.02376 -0.04126
2046 358582.000   34.213304653  117.141650826    34.1264   5   9   0.7868   1.0352   1.2068  -0.0134   0.0232  -0.0614   0.00    0.0    3.40025    1.67948   -0.02969   0.04409  0.04348  0.02278  0.00313  0.00163 -0.00150   -0.52469    0.96590   28.67394   0.02036  0.02000  0.47183 -0.00188  0.02285 -0.04139
2046 358583.000   34.213334791  117.141668497    34.2062   5  10   0.7758   1.0295   1.2054  -0.0131   0.0228  -0.0610   0.00    0.0    3.42943    1.60630   -0.03610   0.04401  0.04324  0.02274  0.00313  0.00146 -0.00152   -0.68383    0.81303   27.69300   0.02036  0.01999  0.47264 -0.00179  0.02198 -0.04152
2046 358584.000   34.213366062  117.141686808    34.0578   5  10   0.7658   1.0241   1.2041  -0.0129   0.0224  -0.0606   0.00    0.0    3.50919    1.61234   -0.03211   0.04396  0.04302  0.02271  0.00303  0.00157 -0.00164   -0.95081    0.69967   27.63337   0.02037  0.01999  0.47348 -0.00172  0.02128 -0.04159
2046 358585.000   34.213396217  117.141704667    34.1128   5  10   0.7568   1.0190   1.2027  -0.0127   0.0222  -0.0602   0.00    0.0    3.44948    1.64434   -0.03727   0.04393  0.04289  0.02267  0.00290  0.00218 -0.00139   -0.78312    0.84837   28.19362   0.02037  0.01999  0.47427 -0.00164  0.02044 -0.04157
2046 358586.000   34.213425642  117.141722276    34.1148   5  10   0.7485   1.0142   1.2014  -0.0126   0.0220  -0.0598   0.00    0.0    3.36810    1.74092   -0.05628   0.04396  0.04279  0.02264  0.00268  0.00305 -0.00099    0.27158    1.04832   29.06382   0.02037  0.01999  0.47494 -0.00154  0.01947 -0.04135
2046 358587.000   34.213456516  117.141741180    34.1342   5  10   0.7411   1.0096   1.2002  -0.0123   0.0217  -0.0595   0.00    0.0    3.37790    1.64765   -0.09032   0.04388  0.04268  0.02260  0.00275  0.00276 -0.00096   -0.82368    0.23275   29.63899   0.02038  0.01999  0.47566 -0.00142  0.01838 -0.04119
2046 358588.000   34.213487362  117.141760381    34.0908   5   9   0.7550   1.0204   1.2091  -0.0127   0.0223  -0.0601   0.00    0.0    3.38647    1.73895   -0.05055   0.04406  0.04293  0.02266  0.00257  0.00316 -0.00085   -1.01849    0.80454   29.60510   0.02038  0.02001  0.47630 -0.00133  0.01740 -0.04090
2046 358589.000   34.213517367  117.141779881    34.0715   5  10   0.7470   1.0154   1.2076  -0.0123   0.0220  -0.0597   0.00    0.0    3.44042    1.69520   -0.05701   0.04399  0.04275  0.02262  0.00256  0.00272 -0.00105   -0.49975    0.58834   29.67041   0.02038  0.02002  0.47698 -0.00123  0.01643 -0.04065
2046 358590.000   34.213548280  117.141798583    34.0050   5  10   0.7398   1.0107   1.2061  -0.0121   0.0217  -0.0594   0.00    0.0    3.44304    1.75055    0.00237   0.04402  0.04265  0.02259  0.00240  0.00291 -0.00094   -0.65038    0.53161   29.33410   0.02038  0.02003  0.47760 -0.00112  0.01548 -0.04029
2046 358591.000   34.213578308  117.141817562    33.9401   5  10   0.7331   1.0063   1.2047  -0.0120   0.0215  -0.0591   0.00    0.0    3.41551    1.77544   -0.03945   0.04401  0.04255  0.02256  0.00230  0.00310 -0.00075   -0.59137    1.39492   29.36697   0.02038  0.02004  0.47818 -0.00101  0.01446 -0.03983
2046 358592.000   34.213609738  117.141837124    33.8810   5  10   0.7271   1.0020   1.2033  -0.0120   0.0213  -0.0587   0.00    0.0    3.56751    1.89210   -0.00801   0.04411  0.04243  0.02254  0.00200  0.00205 -0.00132   -0.82443    0.90677   29.64078   0.02038  0.02005  0.47867 -0.00093  0.01387 -0.03922
2046 358593.000   34.213641110  117.141857178    34.0436   5   9   0.7412   1.0129   1.2122  -0.0123   0.0218  -0.0594   0.00    0.0    3.56545    1.89688   -0.01847   0.04422  0.04270  0.02259  0.00197  0.00197 -0.00132   -0.84646    0.48012   30.61582   0.02038  0.02008  0.47914 -0.00088  0.01334 -0.03859
2046 358594.000   34.213671158  117.141878050    34.3067   5   9   0.7553   1.0237   1.2210  -0.0126   0.0222  -0.0600   0.00    0.0    3.44357    1.89147   -0.03339   0.04429  0.04295  0.02264  0.00199  0.00298 -0.00082   -0.91854    0.12271   31.56949   0.02038  0.02010  0.47960 -0.00080  0.01249 -0.03798
2046 358595.000   34.213702175  117.141899169    34.1526   5   9   0.7694   1.0344   1.2298  -0.0128   0.0226  -0.0606   0.00    0.0    3.38802    1.94653   -0.02316   0.04442  0.04317  0.02269  0.00187  0.00348 -0.00018   -1.21485    0.32008   32.19484   0.02038  0.02012  0.47998 -0.00070  0.01144 -0.03728
2046 358596.000   34.213732278  117.141920589    34.8459   5   9   0.7833   1.0450   1.2386  -0.0129   0.0229  -0.0612   0.00    0.0    3.17134    1.78901   -0.26335   0.04425  0.04340  0.02274  0.00225  0.00418  0.00136   -0.97133    0.96829   32.20051   0.02039  0.02014  0.48044 -0.00048  0.00926 -0.03677
2046 358597.000   34.213766103  117.141946965    33.9920   5   7   0.7970   1.0555   1.2473  -0.0131   0.0232  -0.0618   0.00    0.0    3.45894    2.05600   -0.01061   0.04460  0.04349  0.02279  0.00172  0.00293 -0.00063   -0.72024    1.13693   32.46410   0.02039  0.02016  0.48078 -0.00032  0.00784 -0.03592
2046 358598.000   34.213796993  117.141968642    33.9477   5   8   0.8106   1.0660   1.2560  -0.0134   0.0235  -0.0623   0.00    0.0    3.38381    2.10372   -0.00063   0.04469  0.04364  0.02284  0.00160  0.00351  0.00046   -0.48965    0.72730   33.60986   0.02039  0.02018  0.48105  0.00021  0.00565 -0.03502
2046 358599.000   34.213828919  117.141990494    33.7822   5   9   0.8241   1.0764   1.2647  -0.0133   0.0236  -0.0629   0.00    0.0    3.31246    1.90384   -0.04507   0.04447  0.04377  0.02288  0.00210  0.00350  0.00093   -0.67104    0.85468   32.63038   0.02039  0.02019  0.48155  0.00046 -0.00263 -0.03441
2046 358600.000   34.213856677  117.142009062    34.0864   5   7   0.8373   1.0866   1.2733  -0.0134   0.0238  -0.0635   0.00    0.0    3.22455    1.84915   -0.04609   0.04446  0.04389  0.02292  0.00218  0.00365  0.00119   -0.68984    0.95414   32.42796   0.02040  0.02021  0.48207  0.00063 -0.00696 -0.03384
2046 358601.000   34.213885641  117.142029181    34.0278   5   8   0.8504   1.0968   1.2819  -0.0135   0.0240  -0.0640   0.00    0.0    3.16878    1.86910   -0.04919   0.04450  0.04398  0.02297  0.00214  0.00384  0.00134   -0.64431    1.07534   33.07880   0.02041  0.02023  0.48256  0.00076 -0.00970 -0.03321
2046 358602.000   34.213915191  117.142051129    33.8230   5   9   0.8632   1.1069   1.2905  -0.0134   0.0241  -0.0646   0.00    0.0    3.19903    1.84709   -0.02869   0.04449  0.04403  0.02301  0.00221  0.00341  0.00120   -0.74070    0.74820   32.88359   0.02041  0.02024  0.48312  0.00085 -0.01163 -0.03264
2046 358603.000   34.213943441  117.142070995    33.9085   5   8   0.8759   1.1169   1.2990  -0.0134   0.0242  -0.0651   0.00    0.0    3.11625    1.79799   -0.06602   0.04446  0.04411  0.02304  0.00231  0.00350  0.00141   -0.63592    1.06527   33.03059   0.02042  0.02026  0.48370  0.00093 -0.01343 -0.03213
2046 358604.000   34.213969074  117.142090930    34.0060   5   8   0.8884   1.1268   1.3075  -0.0135   0.0243  -0.0657   0.00    0.0    2.91364    1.79774   -0.04875   0.04448  0.04425  0.02308  0.00232  0.00418  0.00187   -0.66350    1.01211   34.31278   0.02043  0.02027  0.48419  0.00103 -0.01548 -0.03161
2046 358605.000   34.213993535  117.142110164    34.0140   5   9   0.8688   1.1164   1.3029  -0.0126   0.0233  -0.0650   0.00    0.0    2.76825    1.63232   -0.06810   0.04422  0.04383  0.02301  0.00259  0.00376  0.00213   -0.85573    1.12403   33.68883   0.02044  0.02028  0.48474  0.00116 -0.01753 -0.03135
2046 358606.000   34.214019983  117.142128886    34.4454   5   8   0.8815   1.1263   1.3114  -0.0125   0.0234  -0.0655   0.00    0.0    3.17304    1.75392   -0.04409   0.04434  0.04371  0.02305  0.00237  0.00185  0.00080   -0.56958    1.22895   31.37510   0.02044  0.02030  0.48544  0.00117 -0.01820 -0.03085
2046 358607.000   34.214049864  117.142149515    34.0061   5   7   0.8939   1.1361   1.3198  -0.0125   0.0235  -0.0661   0.00    0.0    3.08212    1.70977   -0.07178   0.04433  0.04382  0.02309  0.00247  0.00235  0.00123   -1.24310    1.35875   31.65670   0.02045  0.02032  0.48616  0.00120 -0.01904 -0.03041
2046 358608.000   34.214077414  117.142168933    33.8401   5   7   0.9062   1.1459   1.3282  -0.0125   0.0236  -0.0666   0.00    0.0    2.95725    1.67990   -0.01877   0.04435  0.04395  0.02312  0.00254  0.00278  0.00159   -0.72704    1.36245   32.00836   0.02046  0.02033  0.48688  0.00124 -0.02012 -0.02999
2046 358609.000   34.214103099  117.142186727    33.9157   5   8   0.9183   1.1556   1.3365  -0.0123   0.0237  -0.0671   0.00    0.0    2.93081    1.58305    0.00531   0.04433  0.04401  0.02316  0.00269  0.00235  0.00159   -0.23011    1.14237   31.21655   0.02046  0.02035  0.48765  0.00128 -0.02112 -0.02977
2046 358610.000   34.214130412  117.142203927    34.0555   5  10   0.8923   1.1426   1.3309  -0.0116   0.0226  -0.0663   0.00    0.0    3.16528    1.76867   -0.05748   0.04430  0.04343  0.02308  0.00234 -0.00069  0.00041   -0.07820    1.53306   30.79262   0.02046  0.02035  0.48835  0.00128 -0.02159 -0.02919
2046 358611.000   34.214158064  117.142222325    34.1241   5  10   0.8695   1.1305   1.3255  -0.0111   0.0217  -0.0655   0.00    0.0    3.15988    1.78760   -0.00949   0.04421  0.04307  0.02302  0.00227 -0.00118 -0.00028   -0.58841    0.49542   31.91749   0.02046  0.02036  0.48904  0.00127 -0.02193 -0.02862
2046 358612.000   34.214185039  117.142241634    34.1605   5   9   0.8543   1.1207   1.3223  -0.0109   0.0209  -0.0649   0.00    0.0    3.04131    1.81818   -0.04599   0.04414  0.04287  0.02297  0.00217  0.00142  0.00086   -0.73976    0.15059   33.69651   0.02047  0.02037  0.48971  0.00126 -0.02237 -0.02805
2046 358613.000   34.214210940  117.142261695    34.1223   5   9   0.8406   1.1115   1.3193  -0.0107   0.0203  -0.0643   0.00    0.0    2.77844    1.91241   -0.04456   0.04417  0.04281  0.02292  0.00193  0.00350  0.00169   -0.90690    0.28760   36.70847   0.02047  0.02039  0.49023  0.00127 -0.02327 -0.02735
2046 358614.000   34.214233501  117.142284180    34.0472   5   9   0.8282   1.1027   1.3163  -0.0107   0.0197  -0.0637   0.00    0.0    2.42941    2.16480   -0.03761   0.04440  0.04293  0.02288  0.00119  0.00575  0.00235   -1.08360    0.40505   43.98892   0.02047  0.02041  0.49029  0.00129 -0.02470 -0.02622
2046 358615.000   34.214254135  117.142307583    34.1293   5   9   0.8169   1.0944   1.3134  -0.0105   0.0191  -0.0632   0.00    0.0    2.25238    2.17255   -0.08226   0.04435  0.04300  0.02284  0.00114  0.00609  0.00258   -1.26230    0.35382   46.06202   0.02048  0.02043  0.49029  0.00130 -0.02624 -0.02510
2046 358616.000   34.214274287  117.142330215    34.0282   5   9   0.8066   1.0866   1.3106  -0.0103   0.0185  -0.0626   0.00    0.0    2.27498    2.01138   -0.04929   0.04416  0.04292  0.02280  0.00164  0.00488  0.00244   -1.11085    0.58694   44.42289   0.02048  0.02045  0.49063  0.00131 -0.02753 -0.02433
2046 358617.000   34.214293579  117.142352327    33.9993   5   9   0.7972   1.0792   1.3079  -0.0101   0.0179  -0.0621   0.00    0.0    2.17509    1.97519   -0.05263   0.04413  0.04296  0.02277  0.00172  0.00467  0.00252   -1.34926    0.88016   44.94704   0.02048  0.02047  0.49101  0.00133 -0.02881 -0.02368
2046 358618.000   34.214311893  117.142373861    33.9667   5   9   0.7886   1.0721   1.3052  -0.0099   0.0173  -0.0616   0.00    0.0    2.01704    1.89757   -0.07563   0.04408  0.04307  0.02273  0.00189  0.00445  0.00271   -1.39122    1.00101   45.70735   0.02048  0.02049  0.49141  0.00135 -0.03016 -0.02321
2046 358619.000   34.214329449  117.142393990    33.9677   5  10   0.7770   1.0641   1.3006  -0.0094   0.0166  -0.0611   0.00    0.0    1.97655    1.65329   -0.08207   0.04397  0.04302  0.02269  0.00238  0.00276  0.00274   -1.39323    1.16692   42.66967   0.02047  0.02050  0.49200  0.00140 -0.03135 -0.02330
2046 358620.000   34.214348303  117.142411837    33.9390   5  11   0.7584   1.0551   1.2842  -0.0087   0.0156  -0.0604   0.00    0.0    2.10890    1.40147   -0.05867   0.04395  0.04275  0.02256  0.00283 -0.00142  0.00250   -1.55250    1.21427   36.98778   0.02047  0.02050  0.49278  0.00146 -0.03217 -0.02384
2046 358621.000   34.214369375  117.142428843    33.9283   5  10   0.7497   1.0480   1.2802  -0.0089   0.0151  -0.0599   0.00    0.0    2.55238    1.65274   -0.05025   0.04399  0.04263  0.02253  0.00247 -0.00144  0.00132   -1.27879    1.40708   35.48371   0.02046  0.02049  0.49366  0.00143 -0.03226 -0.02362
2046 358622.000   34.214392409  117.142447261    33.8969   5  10   0.7417   1.0412   1.2764  -0.0093   0.0146  -0.0594   0.00    0.0    2.60805    1.74152   -0.06215   0.04402  0.04267  0.02250  0.00231 -0.00210  0.00098   -1.44079    1.05640   36.39346   0.02044  0.02047  0.49449  0.00137 -0.03225 -0.02315
2046 358623.000   34.214415894  117.142466971    33.7955   5  10   0.7345   1.0348   1.2727  -0.0097   0.0142  -0.0589   0.00    0.0    2.77058    1.95175   -0.06220   0.04415  0.04277  0.02248  0.00187 -0.00362 -0.00095   -1.27905    0.98840   37.00401   0.02043  0.02045  0.49510  0.00126 -0.03192 -0.02217
2046 358624.000   34.214441813  117.142489012    33.7809   5  10   0.7279   1.0287   1.2691  -0.0098   0.0137  -0.0585   0.00    0.0    3.00571    2.02512   -0.05894   0.04420  0.04296  0.02245  0.00174 -0.00482 -0.00180   -1.58900    0.83811   36.36309   0.02041  0.02043  0.49549  0.00110 -0.03117 -0.02093
2046 358625.000   34.214469462  117.142511275    33.6322   5  10   0.7219   1.0230   1.2656  -0.0103   0.0133  -0.0581   0.00    0.0    3.10825    2.13703   -0.05227   0.04427  0.04306  0.02243  0.00142 -0.00549 -0.00207   -1.51016    0.68132   35.95205   0.02039  0.02040  0.49571  0.00090 -0.03025 -0.01938
2046 358626.000   34.214497645  117.142534724    33.5274   5  10   0.7165   1.0176   1.2621  -0.0108   0.0129  -0.0577   0.00    0.0    3.16141    2.24998   -0.04537   0.04435  0.04311  0.02241  0.00099 -0.00588 -0.00221   -1.66850    0.16850   37.52415   0.02037  0.02038  0.49583  0.00064 -0.02925 -0.01751
2046 358627.000   34.214524465  117.142559465    33.8546   5  10   0.7116   1.0124   1.2588  -0.0112   0.0126  -0.0574   0.00    0.0    3.16471    2.41862   -0.07761   0.04450  0.04311  0.02239 -0.00080 -0.00633 -0.00229   -1.48626    0.82412   39.65842   0.02036  0.02035  0.49579 -0.00007 -0.02822 -0.01495
2046 358628.000   34.214551734  117.142586759    33.9199   5  10   0.7072   1.0076   1.2556  -0.0116   0.0122  -0.0570   0.00    0.0    3.11525    2.54584   -0.04263   0.04460  0.04306  0.02237 -0.00131 -0.00621 -0.00223   -1.21478    0.72783   41.68395   0.02034  0.02033  0.49574 -0.00063 -0.02735 -0.01155
2046 358629.000   34.214579790  117.142615341    33.7338   5  10   0.7032   1.0030   1.2525  -0.0120   0.0119  -0.0567   0.00    0.0    3.06320    2.65928   -0.07772   0.04467  0.04300  0.02236 -0.00164 -0.00588 -0.00214   -1.55363    0.39859   43.09898   0.02033  0.02031  0.49571 -0.00086 -0.02659 -0.00653
2046 358630.000   34.214605458  117.142644116    33.8824   5  10   0.6995   0.9986   1.2495  -0.0123   0.0115  -0.0564   0.00    0.0    3.02202    2.67360   -0.07845   0.04460  0.04299  0.02234 -0.00166 -0.00544 -0.00211   -1.61526    0.21644   44.01196   0.02032  0.02029  0.49581 -0.00102 -0.02586  0.00648
2046 358631.000   34.214631888  117.142673409    33.9402   5   9   0.7139   1.0093   1.2579  -0.0131   0.0115  -0.0570   0.00    0.0    3.01026    2.69293   -0.07683   0.04466  0.04327  0.02241 -0.00170 -0.00511 -0.00211   -1.83231    0.28581   44.06864   0.02031  0.02028  0.49601 -0.00113 -0.02514  0.01098
2046 358632.000   34.214658314  117.142703162    33.8866   5   9   0.7282   1.0200   1.2663  -0.0137   0.0115  -0.0576   0.00    0.0    3.00804    2.70094   -0.06440   0.04469  0.04353  0.02247 -0.00169 -0.00480 -0.00212   -2.01305   -0.07598   44.80413   0.02031  0.02027  0.49632 -0.00121 -0.02440  0.01387
2046 358633.000   34.214684372  117.142732854    33.8988   5   8   0.7425   1.0307   1.2747  -0.0143   0.0115  -0.0582   0.00    0.0    2.93308    2.76413   -0.05219   0.04479  0.04371  0.02253 -0.00187 -0.00427 -0.00198   -1.57117    0.01485   45.43836   0.02030  0.02026  0.49668 -0.00128 -0.02382  0.01618
2046 358634.000   34.214711710  117.142766695    33.3567   5   9   0.7568   1.0413   1.2830  -0.0148   0.0115  -0.0588   0.00    0.0    2.89128    2.84402   -0.08408   0.04484  0.04388  0.02258 -0.00198 -0.00376 -0.00188   -1.56029   -0.14103   46.39591   0.02029  0.02025  0.49711 -0.00135 -0.02342  0.01808
2046 358635.000   34.214738495  117.142798909    32.9778   5   7   0.7709   1.0518   1.2914  -0.0152   0.0115  -0.0594   0.00    0.0    2.78583    2.92516   -0.08675   0.04491  0.04402  0.02264 -0.00214 -0.00279 -0.00163   -1.51442    0.24188   48.06130   0.02028  0.02024  0.49759 -0.00141 -0.02331  0.01976
2046 358636.000   34.214762115  117.142830569    32.9805   5   9   0.7849   1.0622   1.2997  -0.0154   0.0114  -0.0599   0.00    0.0    2.70353    2.91861   -0.08264   0.04490  0.04416  0.02269 -0.00211 -0.00198 -0.00147   -1.41715    0.41334   49.01524   0.02028  0.02022  0.49816 -0.00147 -0.02339  0.02110
2046 358637.000   34.214786143  117.142862129    32.8983   5   9   0.7987   1.0726   1.3080  -0.0157   0.0114  -0.0605   0.00    0.0    2.58785    2.91148   -0.04635   0.04490  0.04430  0.02274 -0.00208  0.00084 -0.00111   -1.60436    0.50902   49.88313   0.02027  0.02021  0.49882 -0.00153 -0.02372  0.02216
2046 358638.000   34.214810819  117.142893454    32.6316   5  10   0.7866   1.0646   1.3033  -0.0149   0.0109  -0.0600   0.00    0.0    2.62121    2.86926   -0.11140   0.04470  0.04393  0.02270 -0.00193 -0.00065 -0.00119   -1.85956    0.41861   49.13136   0.02026  0.02018  0.49957 -0.00159 -0.02392  0.02302
2046 358639.000   34.214836002  117.142924832    32.2407   5   9   0.8004   1.0749   1.3116  -0.0150   0.0108  -0.0606   0.00    0.0    2.65666    2.82910   -0.09700   0.04470  0.04408  0.02275 -0.00180 -0.00112 -0.00126   -1.87997    0.20431   49.01313   0.02025  0.02018  0.50039 -0.00161 -0.02398  0.02362
2046 358640.000   34.214860247  117.142955658    31.9837   5   9   0.8140   1.0852   1.3198  -0.0151   0.0108  -0.0611   0.00    0.0    2.60113    2.83035   -0.04883   0.04473  0.04422  0.02280 -0.00179 -0.00022 -0.00105   -1.66096    0.33883   49.75113   0.02024  0.02017  0.50123 -0.00163 -0.02417  0.02408
2046 358641.000   34.214882491  117.142986473    31.7922   5   9   0.8274   1.0954   1.3280  -0.0152   0.0109  -0.0617   0.00    0.0    2.47846    2.89045   -0.08770   0.04478  0.04433  0.02285 -0.00196  0.00151 -0.00052   -1.43965    0.10685   51.74080   0.02023  0.02016  0.50205 -0.00166 -0.02457  0.02449
2046 358642.000   34.214903881  117.143020407    31.5063   5   9   0.8406   1.1054   1.3362  -0.0155   0.0109  -0.0622   0.00    0.0    2.22247    2.97900   -0.05418   0.04485  0.04453  0.02290 -0.00219  0.00285  0.00132   -1.57415    0.25397   54.96128   0.02022  0.02016  0.50277 -0.00171 -0.02547  0.02483
2046 358643.000   34.214923416  117.143050990    31.5355   5   8   0.8536   1.1154   1.3444  -0.0154   0.0110  -0.0628   0.00    0.0    2.15591    2.92854   -0.06158   0.04485  0.04463  0.02294 -0.00212  0.00250  0.00146   -1.52555    0.46814   55.11547   0.02021  0.02016  0.50352 -0.00175 -0.02637  0.02501
2046 358644.000   34.214942458  117.143080428    31.6118   5   9   0.8664   1.1254   1.3525  -0.0153   0.0111  -0.0633   0.00    0.0    2.16208    2.87940   -0.10041   0.04485  0.04467  0.02298 -0.00201  0.00190  0.00137   -1.67776    0.26379   55.73768   0.02020  0.02016  0.50434 -0.00177 -0.02714  0.02507
2046 358645.000   34.214963408  117.143112817    31.1564   5   9   0.8790   1.1352   1.3607  -0.0150   0.0112  -0.0638   0.00    0.0    2.14612    2.94176   -0.10230   0.04489  0.04473  0.02302 -0.00213  0.00195  0.00137   -1.73634    0.27574   56.11052   0.02019  0.02015  0.50516 -0.00180 -0.02784  0.02517
2046 358646.000   34.214981899  117.143142599    31.4160   5   8   0.8915   1.1449   1.3687  -0.0143   0.0113  -0.0643   0.00    0.0    2.29892    3.02266   -0.09180   0.04494  0.04472  0.02306 -0.00225  0.00115  0.00024   -1.77885    0.33607   55.16189   0.02018  0.02015  0.50602 -0.00182 -0.02818  0.02549
2046 358647.000   34.215003894  117.143177716    31.1707   5   7   0.9037   1.1546   1.3768  -0.0136   0.0114  -0.0648   0.00    0.0    2.47764    3.15707   -0.10233   0.04498  0.04475  0.02310 -0.00240 -0.00165 -0.00134   -1.74833    0.40586   54.26244   0.02018  0.02014  0.50685 -0.00183 -0.02816  0.02603
2046 358648.000   34.215027735  117.143212767    30.7613   5   8   0.9158   1.1641   1.3848  -0.0130   0.0114  -0.0653   0.00    0.0    2.55903    3.14108   -0.11023   0.04495  0.04478  0.02314 -0.00229 -0.00190 -0.00157   -1.59796    0.47326   53.53607   0.02017  0.02012  0.50770 -0.00184 -0.02799  0.02643
2046 358649.000   34.215051263  117.143246983    30.4276   5   8   0.9277   1.1736   1.3928  -0.0125   0.0113  -0.0658   0.00    0.0    2.57474    3.13881   -0.10092   0.04493  0.04480  0.02317 -0.00223 -0.00179 -0.00161   -1.65714    0.40952   53.57098   0.02016  0.02011  0.50857 -0.00183 -0.02778  0.02674
2046 358650.000   34.215074345  117.143282882    30.1174   5   8   0.9395   1.1830   1.4007  -0.0119   0.0113  -0.0663   0.00    0.0    2.57706    3.15778   -0.09435   0.04491  0.04480  0.02320 -0.00218 -0.00165 -0.00163   -1.49626    0.46210   53.91929   0.02015  0.02010  0.50946 -0.00182 -0.02757  0.02696
2046 358651.000   34.215095824  117.143316620    30.1573   5   8   0.9511   1.1924   1.4086  -0.0116   0.0113  -0.0668   0.00    0.0    2.48134    3.15792   -0.09642   0.04489  0.04478  0.02324 -0.00217 -0.00121 -0.00140   -1.43958    0.64978   54.00299   0.02014  0.02010  0.51037 -0.00181 -0.02750  0.02707
2046 358652.000   34.215116859  117.143349241    30.2724   5   8   0.9625   1.2016   1.4165  -0.0113   0.0114  -0.0673   0.00    0.0    2.44407    3.13901   -0.07778   0.04487  0.04477  0.02327 -0.00211 -0.00101 -0.00134   -1.39332    0.62775   54.23358   0.02013  0.02009  0.51129 -0.00180 -0.02745  0.02708
2046 358653.000   34.215138631  117.143382525    30.1819   5   8   0.9738   1.2108   1.4243  -0.0110   0.0114  -0.0677   0.00    0.0    2.41840    3.12739   -0.06337   0.04486  0.04476  0.02329 -0.00204 -0.00085 -0.00128   -1.70691    0.61367   54.42178   0.02012  0.02008  0.51223 -0.00178 -0.02743  0.02702
2046 358654.000   34.215160279  117.143415578    30.1003   5   8   0.9850   1.2200   1.4321  -0.0105   0.0115  -0.0682   0.00    0.0    2.42570    3.12260   -0.11152   0.04483  0.04475  0.02332 -0.00199 -0.00080 -0.00132   -1.65680    0.20259   54.48828   0.02011  0.02008  0.51316 -0.00175 -0.02733  0.02692
2046 358655.000   34.215181634  117.143449594    29.8847   5   8   0.9961   1.2290   1.4399  -0.0102   0.0115  -0.0687   0.00    0.0    2.38904    3.13738   -0.10125   0.04481  0.04473  0.02335 -0.00199 -0.00072 -0.00123   -1.59222    0.14985   54.77351   0.02011  0.02007  0.51410 -0.00173 -0.02725  0.02676
2046 358656.000   34.215202179  117.143482811    29.8734   5   8   1.0070   1.2380   1.4476  -0.0096   0.0115  -0.0692   0.00    0.0    2.41667    3.07912   -0.08373   0.04480  0.04472  0.02338 -0.00180 -0.00020 -0.00135   -1.69946    0.31256   54.77590   0.02010  0.02007  0.51503 -0.00169 -0.02707  0.02645
2046 358657.000   34.215223623  117.143517124    29.7597   5   9   1.0178   1.2470   1.4553  -0.0088   0.0115  -0.0696   0.00    0.0    2.43579    3.06527   -0.10833   0.04478  0.04471  0.02340 -0.00170  0.00062 -0.00141   -1.59947    0.15116   54.43200   0.02009  0.02007  0.51595 -0.00165 -0.02683  0.02608
2046 358658.000   34.215245571  117.143550607    29.6848   5   9   1.0285   1.2559   1.4630  -0.0083   0.0114  -0.0701   0.00    0.0    2.41263    3.03952   -0.13892   0.04476  0.04468  0.02342 -0.00159  0.00072 -0.00132   -1.62804    0.27493   54.33170   0.02008  0.02006  0.51687 -0.00160 -0.02660  0.02560
2046 358659.000   34.215266041  117.143583248    29.7963   5   8   1.0391   1.2647   1.4706  -0.0084   0.0115  -0.0706   0.00    0.0    2.28411    3.12475   -0.07737   0.04475  0.04466  0.02345 -0.00184 -0.00065 -0.00090   -1.68332    0.17703   55.93577   0.02007  0.02006  0.51782 -0.00157 -0.02663  0.02524
2046 358660.000   34.215285574  117.143616659    29.8442   5   9   1.0497   1.2735   1.4782  -0.0083   0.0115  -0.0711   0.00    0.0    2.19766    3.17787   -0.07302   0.04473  0.04466  0.02347 -0.00198 -0.00061 -0.00051   -1.43217    0.21756   57.49299   0.02007  0.02006  0.51876 -0.00154 -0.02681  0.02495
2046 358661.000   34.215305927  117.143650953    29.7628   5   9   1.0601   1.2822   1.4857  -0.0076   0.0114  -0.0715   0.00    0.0    2.26601    3.10423   -0.05405   0.04473  0.04465  0.02349 -0.00171 -0.00055 -0.00090   -1.58728    0.67959   56.16979   0.02006  0.02006  0.51969 -0.00151 -0.02685  0.02450
2046 358662.000   34.215326281  117.143684162    29.6852   5  10   1.0136   1.2600   1.4744  -0.0055   0.0107  -0.0702   0.00    0.0    2.39299    3.18039   -0.05989   0.04453  0.04402  0.02339 -0.00181  0.00043 -0.00142   -1.56484    0.81291   55.85616   0.02006  0.02006  0.52062 -0.00147 -0.02665  0.02428
2046 358663.000   34.215347026  117.143718023    29.6763   5  10   0.9745   1.2395   1.4635  -0.0044   0.0100  -0.0691   0.00    0.0    2.39390    3.23113   -0.07696   0.04437  0.04357  0.02330 -0.00188 -0.00021 -0.00143   -1.80360    0.96934   55.86081   0.02005  0.02006  0.52155 -0.00144 -0.02645  0.02416
2046 358664.000   34.215368200  117.143752662    29.6641   5  10   0.9409   1.2205   1.4530  -0.0030   0.0093  -0.0680   0.00    0.0    2.50597    3.17750   -0.08973   0.04425  0.04331  0.02322 -0.00161  0.00117 -0.00170   -1.66533    1.63619   54.20961   0.02005  0.02005  0.52243 -0.00139 -0.02603  0.02395
2046 358665.000   34.215390688  117.143786370    29.6733   5  10   0.9118   1.2028   1.4430  -0.0022   0.0087  -0.0670   0.00    0.0    2.63952    3.08772   -0.09191   0.04417  0.04316  0.02314 -0.00110  0.00218 -0.00196   -1.48252    1.80744   52.05445   0.02004  0.02005  0.52322 -0.00133 -0.02536  0.02357
2046 358666.000   34.215414457  117.143819420    29.6994   5   9   0.8919   1.1883   1.4360  -0.0027   0.0082  -0.0663   0.00    0.0    2.74933    2.96256   -0.09245   0.04414  0.04313  0.02308  0.00070  0.00318 -0.00212   -1.27486    1.63090   50.01307   0.02003  0.02004  0.52388 -0.00125 -0.02444  0.02287
2046 358667.000   34.215438991  117.143851419    29.6773   5   9   0.8740   1.1746   1.4293  -0.0040   0.0079  -0.0655   0.00    0.0    2.80217    2.92651   -0.07652   0.04409  0.04309  0.02303  0.00111  0.00340 -0.00218   -1.28290    1.31969   48.97681   0.02002  0.02003  0.52452 -0.00117 -0.02339  0.02203
2046 358668.000   34.215463466  117.143882858    29.7195   5   8   0.8858   1.1840   1.4370  -0.0050   0.0080  -0.0661   0.00    0.0    2.87979    2.90629   -0.05141   0.04415  0.04337  0.02307  0.00134  0.00357 -0.00232   -1.17352    1.27429   47.78649   0.02001  0.02002  0.52510 -0.00108 -0.02211  0.02111
2046 358669.000   34.215490431  117.143915325    29.3884   5   8   0.8977   1.1932   1.4447  -0.0057   0.0082  -0.0666   0.00    0.0    2.99659    2.91975    0.04851   0.04421  0.04365  0.02310  0.00147  0.00365 -0.00249   -1.36960    1.06953   46.65318   0.02000  0.02001  0.52562 -0.00099 -0.02059  0.02017
2046 358670.000   34.215517054  117.143947361    29.2415   5   8   0.9095   1.2024   1.4523  -0.0066   0.0083  -0.0672   0.00    0.0    3.00267    2.90969   -0.06839   0.04422  0.04375  0.02314  0.00160  0.00350 -0.00248   -1.03657    1.10190   46.52167   0.01999  0.01999  0.52619 -0.00092 -0.01904  0.01916
2046 358671.000   34.215543318  117.143978148    29.3216   5   8   0.9213   1.2116   1.4599  -0.0071   0.0085  -0.0677   0.00    0.0    3.04097    2.91692   -0.05539   0.04423  0.04390  0.02317  0.00163  0.00326 -0.00253   -1.02711    1.03733   46.63944   0.01998  0.01998  0.52678 -0.00085 -0.01737  0.01820
2046 358672.000   34.215569596  117.144008593    29.3442   5   9   0.9005   1.1965   1.4524  -0.0070   0.0082  -0.0669   0.00    0.0    3.09017    2.90865   -0.05213   0.04413  0.04369  0.02311  0.00169  0.00319 -0.00258   -0.92339    1.15559   46.01162   0.01997  0.01996  0.52736 -0.00080 -0.01552  0.01721
2046 358673.000   34.215597450  117.144040488    29.1546   5  10   0.8764   1.1804   1.4423  -0.0071   0.0080  -0.0660   0.00    0.0    3.09975    2.92083   -0.04568   0.04403  0.04344  0.02304  0.00171  0.00291 -0.00255   -0.82438    1.13756   46.12154   0.01996  0.01995  0.52801 -0.00075 -0.01365  0.01621
2046 358674.000   34.215624667  117.144072439    29.1810   5  10   0.8551   1.1653   1.4327  -0.0073   0.0080  -0.0652   0.00    0.0    3.08274    2.98767   -0.02916   0.04393  0.04323  0.02298  0.00155  0.00217 -0.00249   -0.97435    0.99014   46.66301   0.01996  0.01993  0.52875 -0.00072 -0.01181  0.01539
2046 358675.000   34.215650486  117.144104165    29.6190   5   9   0.8672   1.1746   1.4404  -0.0080   0.0084  -0.0657   0.00    0.0    3.04156    2.90000   -0.00531   0.04402  0.04339  0.02302  0.00181  0.00245 -0.00239   -1.03433    1.29805   45.93160   0.01995  0.01993  0.52951 -0.00068 -0.00999  0.01423
2046 358676.000   34.215679060  117.144136974    29.1328   5   9   0.8793   1.1839   1.4480  -0.0087   0.0087  -0.0663   0.00    0.0    3.04615    2.76993   -0.09296   0.04412  0.04352  0.02306  0.00219  0.00291 -0.00231   -0.82340    1.78309   44.44773   0.01994  0.01992  0.53024 -0.00065 -0.00806  0.01248
2046 358677.000   34.215708751  117.144168097    28.7170   5   9   0.8914   1.1932   1.4557  -0.0089   0.0091  -0.0669   0.00    0.0    3.22000    2.69979   -0.04923   0.04420  0.04375  0.02309  0.00239  0.00362 -0.00255   -0.97020    1.32188   42.66515   0.01993  0.01991  0.53085 -0.00063 -0.00427  0.01006
2046 358678.000   34.215737716  117.144196311    28.8052   5   8   0.9034   1.2024   1.4633  -0.0089   0.0093  -0.0674   0.00    0.0    3.37922    2.58438   -0.03877   0.04428  0.04397  0.02313  0.00261  0.00440 -0.00276   -1.08790    1.28233   39.91899   0.01992  0.01990  0.53128 -0.00061  0.00663  0.00628
2046 358679.000   34.215769773  117.144224696    28.8801   5   8   0.9154   1.2116   1.4708  -0.0087   0.0096  -0.0679   0.00    0.0    3.61575    2.65180   -0.04981   0.04423  0.04425  0.02316  0.00251  0.00433 -0.00307   -0.87619    1.30715   38.56239   0.01992  0.01989  0.53159 -0.00062  0.01116 -0.00309
2046 358680.000   34.215804576  117.144255670    28.4525   5   7   0.9272   1.2207   1.4784  -0.0090   0.0098  -0.0685   0.00    0.0    3.71114    2.64482   -0.08331   0.04424  0.04433  0.02319  0.00255  0.00423 -0.00312   -0.90466    1.44028   37.84636   0.01991  0.01987  0.53191 -0.00065  0.01428 -0.00762
2046 358681.000   34.215834905  117.144282827    28.7192   5   9   0.9390   1.2298   1.4859  -0.0094   0.0100  -0.0690   0.00    0.0    3.60522    2.60910   -0.04906   0.04425  0.04423  0.02322  0.00258  0.00365 -0.00295   -0.77063    1.10739   38.82447   0.01990  0.01986  0.53244 -0.00069  0.01632 -0.01029
2046 358682.000   34.215864301  117.144310272    29.1529   5   9   0.9507   1.2388   1.4933  -0.0096   0.0102  -0.0695   0.00    0.0    3.39958    2.69745   -0.03342   0.04421  0.04409  0.02325  0.00236  0.00199 -0.00259   -1.02185    0.77176   40.87332   0.01989  0.01986  0.53326 -0.00072  0.01737 -0.01187
2046 358683.000   34.215894465  117.144339727    29.0592   5   7   0.9622   1.2478   1.5008  -0.0098   0.0103  -0.0701   0.00    0.0    3.30705    2.71155   -0.03204   0.04421  0.04408  0.02328  0.00230  0.00124 -0.00236   -0.93032    0.84026   41.79135   0.01989  0.01985  0.53415 -0.00075  0.01794 -0.01314
2046 358684.000   34.215925418  117.144369715    28.6530   5   8   0.9736   1.2567   1.5082  -0.0099   0.0103  -0.0706   0.00    0.0    3.38800    2.61881   -0.01787   0.04425  0.04414  0.02331  0.00246  0.00177 -0.00243   -0.85430    0.74105   40.33080   0.01988  0.01984  0.53502 -0.00079  0.01855 -0.01462
2046 358685.000   34.215954232  117.144396327    28.9359   5   8   0.9850   1.2655   1.5156  -0.0097   0.0103  -0.0711   0.00    0.0    3.36586    2.61485   -0.02694   0.04424  0.04415  0.02333  0.00241  0.00134 -0.00235   -0.94578    0.78672   40.25896   0.01988  0.01984  0.53591 -0.00082  0.01904 -0.01581
2046 358686.000   34.215983694  117.144424337    28.7676   5   8   0.9626   1.2469   1.5060  -0.0092   0.0098  -0.0700   0.00    0.0    3.32154    2.61271   -0.00540   0.04410  0.04378  0.02326  0.00237  0.00081 -0.00220   -0.89982    0.89484   40.63870   0.01988  0.01983  0.53683 -0.00085  0.01929 -0.01682
2046 358687.000   34.216012619  117.144452736    28.8318   5   9   0.9340   1.2281   1.4939  -0.0084   0.0095  -0.0690   0.00    0.0    3.32661    2.64950   -0.03048   0.04396  0.04341  0.02319  0.00224  0.00035 -0.00215   -0.78641    0.95206   40.83690   0.01988  0.01982  0.53777 -0.00088  0.01944 -0.01756
2046 358688.000   34.216041064  117.144480381    29.0672   5   9   0.9457   1.2371   1.5014  -0.0088   0.0098  -0.0695   0.00    0.0    3.25056    2.56189   -0.04275   0.04401  0.04352  0.02322  0.00237 -0.00065 -0.00196   -0.79383    0.93978   40.96703   0.01988  0.01982  0.53871 -0.00089  0.01927 -0.01847
2046 358689.000   34.216070567  117.144507706    29.0536   5   8   0.9572   1.2460   1.5088  -0.0092   0.0101  -0.0700   0.00    0.0    3.16094    2.46852   -0.03770   0.04406  0.04364  0.02325  0.00251 -0.00145 -0.00166   -0.87684    0.97132   40.60042   0.01988  0.01982  0.53962 -0.00090  0.01877 -0.01953
2046 358690.000   34.216099641  117.144535208    28.7896   5   7   0.9687   1.2549   1.5161  -0.0096   0.0103  -0.0706   0.00    0.0    3.05126    2.38325   -0.01325   0.04412  0.04378  0.02327  0.00264 -0.00223 -0.00124   -0.74442    1.12442   40.77550   0.01988  0.01982  0.54045 -0.00089  0.01781 -0.02065
2046 358691.000   34.216126851  117.144561662    28.5181   5   8   0.9800   1.2638   1.5235  -0.0099   0.0105  -0.0711   0.00    0.0    2.92524    2.29582   -0.03071   0.04417  0.04392  0.02330  0.00276 -0.00296 -0.00052   -0.79878    1.05980   40.92161   0.01988  0.01982  0.54117 -0.00087  0.01634 -0.02185
2046 358692.000   34.216152960  117.144586475    28.2868   5   8   0.9913   1.2726   1.5308  -0.0103   0.0105  -0.0716   0.00    0.0    2.84390    2.13335   -0.03395   0.04426  0.04403  0.02333  0.00297 -0.00377  0.00074   -0.86633    0.89721   40.22672   0.01989  0.01982  0.54176 -0.00083  0.01442 -0.02328
2046 358693.000   34.216177345  117.144609038    28.2701   5   9   0.9625   1.2532   1.5206  -0.0101   0.0101  -0.0705   0.00    0.0    2.72855    2.00778   -0.02060   0.04419  0.04375  0.02326  0.00310 -0.00444  0.00126   -0.88546    1.15456   39.15880   0.01990  0.01982  0.54220 -0.00077  0.01180 -0.02478
2046 358694.000   34.216201326  117.144629722    28.3198   5   9   0.9371   1.2352   1.5108  -0.0098   0.0098  -0.0695   0.00    0.0    2.64134    1.81882   -0.10672   0.04419  0.04351  0.02320  0.00329 -0.00522  0.00153   -0.75177    0.99732   38.06966   0.01991  0.01982  0.54244 -0.00067  0.00796 -0.02643
2046 358695.000   34.216223948  117.144648926    28.3913   5   9   0.9146   1.2183   1.5014  -0.0090   0.0098  -0.0686   0.00    0.0    2.55164    1.76021   -0.04674   0.04410  0.04338  0.02314  0.00330 -0.00530  0.00175   -0.77157    0.89278   37.82850   0.01992  0.01982  0.54266 -0.00050 -0.00418 -0.02795
2046 358696.000   34.216247618  117.144669225    28.4797   5   9   0.8945   1.2026   1.4923  -0.0072   0.0100  -0.0677   0.00    0.0    2.81036    1.98839   -0.03648   0.04382  0.04297  0.02309  0.00290 -0.00263  0.00092   -0.89557    0.90244   38.28047   0.01992  0.01982  0.54343 -0.00033 -0.00790 -0.02881
2046 358697.000   34.216272811  117.144691778    28.5278   5  10   0.8711   1.1858   1.4806  -0.0063   0.0101  -0.0667   0.00    0.0    2.86110    2.12112   -0.01649   0.04372  0.04279  0.02302  0.00263 -0.00131  0.00066   -0.74022    0.75462   39.23028   0.01993  0.01982  0.54430  0.00012 -0.00991 -0.02930
2046 358698.000   34.216297448  117.144714923    28.7101   5  10   0.8504   1.1702   1.4694  -0.0057   0.0102  -0.0659   0.00    0.0    2.87240    2.15956   -0.04545   0.04367  0.04266  0.02297  0.00249 -0.00031  0.00052   -0.91876    0.71773   40.02904   0.01993  0.01983  0.54520  0.00035 -0.01134 -0.02962
2046 358699.000   34.216323471  117.144739617    28.7569   5   9   0.8624   1.1794   1.4769  -0.0052   0.0110  -0.0664   0.00    0.0    3.02634    2.29852   -0.02986   0.04379  0.04285  0.02301  0.00219  0.00064 -0.00104   -0.97315    0.92966   39.69344   0.01994  0.01984  0.54612  0.00042 -0.01178 -0.02960
2046 358700.000   34.216349984  117.144763978    28.7871   5  10   0.8427   1.1642   1.4659  -0.0054   0.0109  -0.0655   0.00    0.0    2.95596    2.25931   -0.00711   0.04374  0.04275  0.02295  0.00221  0.00109 -0.00068   -0.82603    0.64411   39.96820   0.01994  0.01984  0.54703  0.00049 -0.01248 -0.02960
2046 358701.000   34.216374922  117.144787409    29.0504   5  10   0.8252   1.1500   1.4553  -0.0054   0.0109  -0.0647   0.00    0.0    2.87234    2.12655   -0.03100   0.04368  0.04267  0.02290  0.00240  0.00073  0.00040   -0.84518    0.46802   39.66312   0.01994  0.01984  0.54795  0.00058 -0.01344 -0.02984
2046 358702.000   34.216399444  117.144810012    29.1693   5   7   0.8375   1.1593   1.4627  -0.0055   0.0116  -0.0653   0.00    0.0    2.76289    2.11131   -0.01664   0.04378  0.04295  0.02294  0.00238  0.00119  0.00103   -1.09437    0.75956   39.92767   0.01994  0.01985  0.54882  0.00068 -0.01468 -0.03003
2046 358703.000   34.216425313  117.144832752    29.4084   5   8   0.8499   1.1687   1.4702  -0.0046   0.0123  -0.0658   0.00    0.0    3.07053    2.25625    0.01247   0.04392  0.04310  0.02298  0.00203 -0.00128 -0.00129   -1.03395    0.48820   39.03141   0.01994  0.01985  0.54970  0.00069 -0.01456 -0.02985
2046 358704.000   34.216455594  117.144859239    28.9944   5   8   0.8622   1.1780   1.4776  -0.0047   0.0127  -0.0663   0.00    0.0    3.24566    2.32708   -0.02133   0.04402  0.04332  0.02302  0.00188 -0.00242 -0.00172   -1.15648    0.57539   38.50908   0.01994  0.01986  0.55050  0.00064 -0.01374 -0.02951
2046 358705.000   34.216485109  117.144884518    28.9156   5   9   0.8745   1.1873   1.4850  -0.0052   0.0131  -0.0668   0.00    0.0    3.20864    2.29745   -0.03704   0.04406  0.04345  0.02306  0.00192 -0.00202 -0.00159   -1.12064    0.49024   38.57521   0.01994  0.01986  0.55133  0.00061 -0.01315 -0.02920
2046 358706.000   34.216514414  117.144910411    28.7931   5   9   0.8868   1.1966   1.4924  -0.0055   0.0134  -0.0674   0.00    0.0    3.19988    2.30262   -0.02968   0.04411  0.04358  0.02310  0.00190 -0.00186 -0.00152   -1.06197    0.64879   38.84198   0.01994  0.01986  0.55216  0.00059 -0.01265 -0.02887
2046 358707.000   34.216542353  117.144935769    28.7678   5   8   0.8990   1.2058   1.4998  -0.0056   0.0136  -0.0679   0.00    0.0    3.13369    2.29305   -0.04762   0.04415  0.04368  0.02313  0.00191 -0.00125 -0.00130   -1.04908    0.66927   39.33449   0.01994  0.01986  0.55301  0.00059 -0.01256 -0.02854
2046 358708.000   34.216569750  117.144961430    28.6649   5   9   0.9111   1.2149   1.5072  -0.0058   0.0139  -0.0684   0.00    0.0    3.00667    2.32584   -0.04855   0.04420  0.04378  0.02317  0.00183  0.00141 -0.00073   -1.12584    0.99917   40.74156   0.01994  0.01986  0.55383  0.00062 -0.01312 -0.02810
2046 358709.000   34.216596262  117.144987117    28.6630   5  10   0.8860   1.1973   1.4949  -0.0056   0.0134  -0.0674   0.00    0.0    2.91319    2.33521   -0.04066   0.04409  0.04344  0.02310  0.00177  0.00216  0.00056   -1.22622    0.89485   41.19438   0.01994  0.01986  0.55462  0.00066 -0.01402 -0.02762
2046 358710.000   34.216622442  117.145012767    28.6011   5  10   0.8638   1.1810   1.4831  -0.0053   0.0130  -0.0665   0.00    0.0    2.92507    2.28680   -0.04379   0.04396  0.04315  0.02304  0.00186  0.00183  0.00046   -1.23413    0.67718   40.96232   0.01994  0.01985  0.55545  0.00069 -0.01475 -0.02725
2046 358711.000   34.216648816  117.145037486    28.5402   5   9   0.8762   1.1903   1.4905  -0.0053   0.0133  -0.0670   0.00    0.0    2.96639    2.22828   -0.04586   0.04399  0.04330  0.02308  0.00198  0.00126 -0.00040   -1.25151    0.80234   40.04712   0.01994  0.01986  0.55633  0.00072 -0.01524 -0.02701
2046 358712.000   34.216675343  117.145062237    28.5277   5   9   0.8885   1.1995   1.4979  -0.0054   0.0136  -0.0675   0.00    0.0    2.94662    2.23262   -0.07174   0.04404  0.04344  0.02311  0.00197  0.00139  0.00014   -1.24101    0.74418   40.00462   0.01995  0.01987  0.55720  0.00075 -0.01577 -0.02674
2046 358713.000   34.216702245  117.145086922    28.2492   5   9   0.9007   1.2087   1.5052  -0.0054   0.0140  -0.0681   0.00    0.0    2.93883    2.25476   -0.01570   0.04411  0.04358  0.02315  0.00191  0.00149  0.00035   -1.07271    0.58492   39.79051   0.01995  0.01988  0.55805  0.00077 -0.01629 -0.02643
2046 358714.000   34.216730137  117.145112601    27.9533   5   9   0.9128   1.2178   1.5125  -0.0055   0.0142  -0.0686   0.00    0.0    2.94417    2.21360   -0.04707   0.04412  0.04368  0.02318  0.00202  0.00132  0.00044   -1.26358    0.63415   39.91799   0.01995  0.01989  0.55894  0.00079 -0.01680 -0.02623
2046 358715.000   34.216756477  117.145136840    27.9258   5   9   0.9247   1.2269   1.5198  -0.0055   0.0144  -0.0691   0.00    0.0    2.95432    2.18604   -0.05343   0.04414  0.04377  0.02321  0.00206  0.00109  0.00028   -0.95558    0.62393   39.81204   0.01996  0.01989  0.55983  0.00081 -0.01722 -0.02606
2046 358716.000   34.216782828  117.145160941    27.8290   5   8   0.9366   1.2360   1.5271  -0.0055   0.0146  -0.0696   0.00    0.0    2.89962    2.24526   -0.02385   0.04420  0.04386  0.02324  0.00191  0.00167  0.00072   -1.12137    0.92282   39.99818   0.01996  0.01990  0.56068  0.00083 -0.01783 -0.02574
2046 358717.000   34.216809823  117.145186663    27.7108   5   9   0.9483   1.2449   1.5343  -0.0054   0.0147  -0.0701   0.00    0.0    2.92308    2.25305   -0.03999   0.04422  0.04392  0.02327  0.00190  0.00144  0.00058   -1.23005    0.72351   40.27148   0.01996  0.01991  0.56154  0.00084 -0.01832 -0.02536
2046 358718.000   34.216836155  117.145212416    27.5958   5   9   0.9599   1.2538   1.5416  -0.0053   0.0148  -0.0706   0.00    0.0    2.97234    2.25184   -0.06094   0.04423  0.04396  0.02330  0.00192  0.00077 -0.00038   -1.14032    0.65622   40.25229   0.01996  0.01991  0.56241  0.00084 -0.01858 -0.02501
2046 358719.000   34.216861392  117.145236164    28.0481   5   8   0.9714   1.2627   1.5488  -0.0051   0.0149  -0.0711   0.00    0.0    2.97798    2.24880   -0.06109   0.04425  0.04400  0.02333  0.00189  0.00012 -0.00058   -1.36350    0.77308   39.80399   0.01997  0.01992  0.56328  0.00083 -0.01872 -0.02463
2046 358720.000   34.216888934  117.145261795    27.9857   5   8   0.9827   1.2715   1.5559  -0.0050   0.0149  -0.0716   0.00    0.0    2.99576    2.29673   -0.04091   0.04429  0.04404  0.02335  0.00179 -0.00059 -0.00068   -1.40748    0.74721   39.80764   0.01997  0.01992  0.56412  0.00082 -0.01882 -0.02410
2046 358721.000   34.216915811  117.145287514    27.9730   5  10   0.9480   1.2497   1.5416  -0.0046   0.0141  -0.0703   0.00    0.0    3.00089    2.30038   -0.02835   0.04413  0.04353  0.02327  0.00174 -0.00072 -0.00071   -1.21985    0.68713   39.87224   0.01997  0.01992  0.56496  0.00080 -0.01889 -0.02359
2046 358722.000   34.216943111  117.145312445    28.0530   5  10   0.9181   1.2295   1.5279  -0.0043   0.0134  -0.0692   0.00    0.0    3.10798    2.22023   -0.03766   0.04396  0.04316  0.02320  0.00191 -0.00165 -0.00121   -1.08700    0.79936   38.14180   0.01997  0.01992  0.56584  0.00078 -0.01863 -0.02328
2046 358723.000   34.216970432  117.145337238    28.0322   5  10   0.8920   1.2108   1.5148  -0.0041   0.0128  -0.0681   0.00    0.0    3.10789    2.24374   -0.05141   0.04387  0.04289  0.02314  0.00183 -0.00170 -0.00122   -1.19615    0.77979   38.78271   0.01998  0.01992  0.56671  0.00076 -0.01839 -0.02289
2046 358724.000   34.216997848  117.145361784    28.0792   5  10   0.8691   1.1934   1.5022  -0.0044   0.0125  -0.0672   0.00    0.0    2.98673    2.33028   -0.04024   0.04386  0.04268  0.02308  0.00155  0.00036 -0.00065   -1.19806    0.20955   40.11610   0.01998  0.01993  0.56752  0.00074 -0.01851 -0.02230
2046 358725.000   34.217024684  117.145387940    28.1875   5  10   0.8488   1.1772   1.4901  -0.0043   0.0122  -0.0662   0.00    0.0    3.02106    2.39077   -0.03860   0.04384  0.04255  0.02302  0.00136 -0.00106 -0.00088   -1.07237    0.61322   40.64145   0.01998  0.01994  0.56829  0.00072 -0.01857 -0.02150
2046 358726.000   34.217052214  117.145414181    27.9930   5   9   0.8611   1.1864   1.4974  -0.0047   0.0126  -0.0668   0.00    0.0    3.03127    2.42737   -0.02928   0.04395  0.04280  0.02306  0.00126 -0.00123 -0.00095   -1.11089    0.68781   40.95874   0.01999  0.01995  0.56904  0.00069 -0.01861 -0.02061
2046 358727.000   34.217077698  117.145438753    28.3115   5   9   0.8733   1.1957   1.5047  -0.0049   0.0129  -0.0673   0.00    0.0    2.97180    2.40095   -0.01081   0.04401  0.04302  0.02310  0.00131 -0.00004 -0.00074   -1.12664    0.57348   41.25485   0.01999  0.01996  0.56981  0.00066 -0.01880 -0.01973
2046 358728.000   34.217105893  117.145466578    27.9717   5   9   0.8855   1.2049   1.5120  -0.0051   0.0132  -0.0678   0.00    0.0    2.99806    2.36635   -0.03594   0.04403  0.04321  0.02313  0.00149 -0.00067 -0.00081   -1.06751    0.85393   41.09189   0.01999  0.01997  0.57064  0.00064 -0.01894 -0.01902
2046 358729.000   34.217130975  117.145491856    28.3001   5   9   0.8977   1.2140   1.5193  -0.0053   0.0134  -0.0683   0.00    0.0    2.93518    2.33819   -0.06454   0.04406  0.04338  0.02317  0.00157  0.00084 -0.00052   -1.09382    0.78417   41.05260   0.01999  0.01998  0.57150  0.00062 -0.01923 -0.01842
2046 358730.000   34.217156627  117.145515032    28.5158   5   9   0.9098   1.2231   1.5265  -0.0046   0.0136  -0.0688   0.00    0.0    3.16124    2.20506   -0.00120   0.04406  0.04357  0.02320  0.00191 -0.00187 -0.00155   -1.24082    0.43376   36.98318   0.01999  0.01998  0.57238  0.00059 -0.01865 -0.01826
2046 358731.000   34.217186843  117.145538545    28.3504   5   8   0.9217   1.2322   1.5337  -0.0044   0.0137  -0.0693   0.00    0.0    3.35255    2.05231    0.02208   0.04408  0.04378  0.02323  0.00226 -0.00110 -0.00197   -1.12652    0.77470   33.72544   0.01999  0.01998  0.57319  0.00054 -0.01736 -0.01859
2046 358732.000   34.217215108  117.145557012    28.8904   5   8   0.9336   1.2412   1.5409  -0.0047   0.0138  -0.0699   0.00    0.0    3.33533    1.85721   -0.02311   0.04411  0.04385  0.02326  0.00257  0.00180 -0.00193   -1.06559    0.72107   31.59290   0.01999  0.01997  0.57400  0.00051 -0.01609 -0.01943
2046 358733.000   34.217246866  117.145577841    28.6916   5   9   0.9453   1.2501   1.5481  -0.0042   0.0140  -0.0704   0.00    0.0    3.55296    1.94045    0.00046   0.04412  0.04408  0.02329  0.00242  0.00050 -0.00234   -1.08007    0.66440   31.44600   0.01999  0.01996  0.57465  0.00042 -0.01388 -0.01986
2046 358734.000   34.217278925  117.145599913    28.6713   5   9   0.9569   1.2590   1.5552  -0.0042   0.0142  -0.0709   0.00    0.0    3.56376    2.04248   -0.00315   0.04415  0.04412  0.02332  0.00222 -0.00219 -0.00233   -1.05916    0.68851   32.45640   0.01999  0.01996  0.57533  0.00030 -0.01147 -0.01989
2046 358735.000   34.217310601  117.145622992    28.5757   5   9   0.9684   1.2678   1.5623  -0.0047   0.0142  -0.0714   0.00    0.0    3.44473    2.07177   -0.02896   0.04417  0.04404  0.02334  0.00215 -0.00208 -0.00205   -1.11771    0.79678   33.69077   0.01999  0.01996  0.57615  0.00016 -0.00957 -0.01982
2046 358736.000   34.217341524  117.145646285    28.5719   5  10   0.9358   1.2462   1.5477  -0.0041   0.0135  -0.0702   0.00    0.0    3.49131    2.05376   -0.02025   0.04402  0.04359  0.02327  0.00215 -0.00203 -0.00211   -0.98818    0.33931   33.32993   0.01999  0.01994  0.57697 -0.00022 -0.00703 -0.01981
2046 358737.000   34.217373291  117.145668947    28.5340   5  10   0.9075   1.2262   1.5338  -0.0042   0.0128  -0.0690   0.00    0.0    3.45946    1.92254   -0.02022   0.04388  0.04321  0.02320  0.00237 -0.00072 -0.00197   -1.41502    0.52456   31.81122   0.01999  0.01994  0.57786 -0.00032 -0.00388 -0.02026
2046 358738.000   34.217401442  117.145687956    29.1413   5  10   0.8827   1.2076   1.5204  -0.0041   0.0124  -0.0680   0.00    0.0    3.49287    1.78343   -0.03581   0.04380  0.04297  0.02314  0.00256  0.00146 -0.00206   -1.14073    0.59236   29.71291   0.01999  0.01994  0.57871 -0.00041  0.00506 -0.02098
2046 358739.000   34.217432424  117.145707904    29.2427   5  10   0.8609   1.1903   1.5076  -0.0043   0.0122  -0.0670   0.00    0.0    3.46148    1.78876   -0.01451   0.04372  0.04277  0.02308  0.00251  0.00092 -0.00196   -1.13412    0.51568   30.14731   0.01999  0.01993  0.57960 -0.00048  0.00747 -0.02159
2046 358740.000   34.217465342  117.145729250    28.8490   5   9   0.8731   1.1995   1.5148  -0.0048   0.0127  -0.0676   0.00    0.0    3.44159    1.80065    0.01827   0.04381  0.04297  0.02312  0.00250  0.00029 -0.00182   -1.05575    0.70877   30.22468   0.01999  0.01994  0.58054 -0.00053  0.00877 -0.02213
2046 358741.000   34.217497489  117.145748957    28.6756   5   9   0.8852   1.2086   1.5220  -0.0050   0.0132  -0.0681   0.00    0.0    3.48924    1.76078    0.01683   0.04387  0.04317  0.02315  0.00255  0.00061 -0.00186   -1.05906    0.51906   29.37125   0.01999  0.01994  0.58147 -0.00058  0.01001 -0.02272
2046 358742.000   34.217528166  117.145768122    28.6935   5   9   0.8974   1.2177   1.5292  -0.0053   0.0136  -0.0686   0.00    0.0    3.48871    1.74727    0.00103   0.04393  0.04332  0.02318  0.00255  0.00029 -0.00183   -0.93658    0.09535   29.03944   0.01999  0.01994  0.58240 -0.00063  0.01109 -0.02332
2046 358743.000   34.217560559  117.145787165    28.5229   5   9   0.9094   1.2268   1.5364  -0.0054   0.0140  -0.0691   0.00    0.0    3.51588    1.70754    0.01845   0.04398  0.04347  0.02321  0.00259  0.00050 -0.00183   -0.92093    0.28679   28.28448   0.01999  0.01994  0.58334 -0.00067  0.01203 -0.02395
2046 358744.000   34.217592058  117.145805239    28.4854   5   9   0.9213   1.2358   1.5436  -0.0056   0.0143  -0.0697   0.00    0.0    3.49492    1.65238    0.02116   0.04403  0.04359  0.02324  0.00265  0.00053 -0.00173   -0.97451    0.33156   27.62818   0.01999  0.01994  0.58429 -0.00071  0.01262 -0.02464
2046 358745.000   34.217622726  117.145823196    28.5973   5   9   0.9332   1.2448   1.5507  -0.0057   0.0146  -0.0702   0.00    0.0    3.47874    1.61695   -0.01004   0.04406  0.04368  0.02327  0.00267  0.00033 -0.00165   -0.92845    0.56785   27.63461   0.01999  0.01994  0.58525 -0.00075  0.01304 -0.02527
2046 358746.000   34.217654161  117.145840591    28.7010   5   7   0.9449   1.2537   1.5578  -0.0056   0.0148  -0.0707   0.00    0.0    3.55933    1.54568   -0.01199   0.04409  0.04379  0.02330  0.00276  0.00100 -0.00181   -0.85257    0.64964   26.25743   0.01999  0.01994  0.58618 -0.00079  0.01372 -0.02597
2046 358747.000   34.217686444  117.145856121    28.9377   5   7   0.9565   1.2625   1.5649  -0.0054   0.0149  -0.0712   0.00    0.0    3.65904    1.48747    0.01539   0.04412  0.04390  0.02333  0.00280  0.00140 -0.00200   -1.02182    0.92032   24.84209   0.01999  0.01993  0.58707 -0.00085  0.01472 -0.02664
2046 358748.000   34.217719536  117.145872472    28.8983   5   9   0.9680   1.2713   1.5720  -0.0054   0.0150  -0.0717   0.00    0.0    3.71275    1.45473    0.04854   0.04415  0.04398  0.02335  0.00282  0.00145 -0.00207   -1.11686    0.96493   23.78586   0.01999  0.01993  0.58795 -0.00090  0.01577 -0.02728
2046 358749.000   34.217753835  117.145888535    28.7004   5   9   0.9794   1.2801   1.5790  -0.0055   0.0151  -0.0722   0.00    0.0    3.73549    1.37837    0.03386   0.04418  0.04403  0.02338  0.00290  0.00165 -0.00206   -0.75236    0.77550   22.63916   0.01999  0.01992  0.58883 -0.00096  0.01667 -0.02802
2046 358750.000   34.217788019  117.145903638    28.5430   5   9   0.9522   1.2598   1.5670  -0.0055   0.0144  -0.0711   0.00    0.0    3.67408    1.27853    0.02595   0.04406  0.04359  0.02332  0.00300  0.00139 -0.00186   -0.68329    0.89482   21.50840   0.01999  0.01991  0.58972 -0.00100  0.01707 -0.02889
2046 358751.000   34.217820794  117.145916613    28.5916   5   8   0.9638   1.2687   1.5740  -0.0058   0.0146  -0.0716   0.00    0.0    3.59025    1.17181    0.02275   0.04412  0.04368  0.02334  0.00311 -0.00027 -0.00160   -0.71167    0.80179   20.40268   0.01999  0.01991  0.59060 -0.00103  0.01700 -0.02985
2046 358752.000   34.217852382  117.145928240    28.6713   5   8   0.9752   1.2774   1.5811  -0.0055   0.0148  -0.0721   0.00    0.0    3.66043    1.06683    0.01597   0.04418  0.04377  0.02337  0.00319  0.00133 -0.00177   -0.64265    0.66339   19.41513   0.01999  0.01991  0.59145 -0.00107  0.01717 -0.03089
2046 358753.000   34.217886692  117.145940682    28.6212   5   8   0.9865   1.2861   1.5881  -0.0052   0.0149  -0.0726   0.00    0.0    3.82520    1.07021    0.00630   0.04417  0.04389  0.02339  0.00313  0.00209 -0.00208   -0.67774    0.64106   18.69222   0.02000  0.01990  0.59228 -0.00113  0.01791 -0.03179
2046 358754.000   34.217920573  117.145952539    28.7687   5   9   0.9584   1.2654   1.5757  -0.0052   0.0142  -0.0714   0.00    0.0    3.77378    1.01656    0.03126   0.04404  0.04350  0.02333  0.00312  0.00158 -0.00192   -0.71271    0.55485   17.87778   0.02000  0.01989  0.59316 -0.00118  0.01832 -0.03267
2046 358755.000   34.217954524  117.145963856    28.6974   5   9   0.9337   1.2462   1.5638  -0.0053   0.0138  -0.0704   0.00    0.0    3.69283    0.95276    0.02907   0.04395  0.04321  0.02327  0.00314  0.00032 -0.00166   -0.70853    0.66228   16.82408   0.02000  0.01988  0.59405 -0.00121  0.01832 -0.03354
2046 358756.000   34.217988181  117.145974084    28.5015   5   9   0.9118   1.2283   1.5523  -0.0053   0.0136  -0.0694   0.00    0.0    3.62347    0.87680    0.04015   0.04389  0.04302  0.02322  0.00318 -0.00146 -0.00139   -0.58649    0.52331   16.05177   0.02001  0.01988  0.59493 -0.00121  0.01792 -0.03442
2046 358757.000   34.218020590  117.145983733    28.3799   5   9   0.9236   1.2372   1.5594  -0.0054   0.0141  -0.0699   0.00    0.0    3.53796    0.81676    0.04951   0.04397  0.04324  0.02325  0.00322 -0.00209 -0.00101   -0.40428    0.10513   16.16493   0.02001  0.01988  0.59578 -0.00120  0.01710 -0.03530
2046 358758.000   34.218051655  117.145993068    28.3887   5   9   0.9353   1.2462   1.5664  -0.0054   0.0147  -0.0704   0.00    0.0    3.44276    0.84313    0.02379   0.04398  0.04343  0.02328  0.00313 -0.00209 -0.00022   -0.26999    0.69996   16.30183   0.02002  0.01987  0.59664 -0.00116  0.01580 -0.03596
2046 358759.000   34.218084307  117.146002994    28.3745   5  10   0.9070   1.2260   1.5517  -0.0052   0.0143  -0.0692   0.00    0.0    3.55504    0.91235    0.06884   0.04388  0.04312  0.02321  0.00292 -0.00099 -0.00091   -0.40275    0.63805   16.37334   0.02002  0.01986  0.59759 -0.00113  0.01496 -0.03635
2046 358760.000   34.218115543  117.146013071    28.2541   5  10   0.8822   1.2072   1.5375  -0.0051   0.0140  -0.0681   0.00    0.0    3.42796    0.79528    0.04118   0.04381  0.04297  0.02315  0.00304 -0.00180  0.00053   -0.30372    0.92027   16.30230   0.02002  0.01986  0.59845 -0.00106  0.01337 -0.03682
2046 358761.000   34.218146353  117.146021562    28.2723   5  10   0.8603   1.1898   1.5240  -0.0048   0.0139  -0.0671   0.00    0.0    3.48364    0.72209    0.04398   0.04377  0.04280  0.02309  0.00306 -0.00168 -0.00047   -0.42435    1.09895   14.40015   0.02002  0.01985  0.59936 -0.00100  0.01193 -0.03730
2046 358762.000   34.218177410  117.146029726    28.2606   5  10   0.8409   1.1735   1.5111  -0.0045   0.0139  -0.0662   0.00    0.0    3.52638    0.71737    0.03591   0.04372  0.04268  0.02304  0.00298 -0.00123 -0.00076   -0.37494    1.00759   14.04059   0.02002  0.01985  0.60030 -0.00095  0.01069 -0.03769
2046 358763.000   34.218207813  117.146036718    28.5569   5  10   0.8235   1.1583   1.4986  -0.0044   0.0140  -0.0653   0.00    0.0    3.49925    0.66895    0.03148   0.04369  0.04263  0.02300  0.00297 -0.00118 -0.00065   -0.37065    1.04454   13.38016   0.02002  0.01984  0.60124 -0.00089  0.00919 -0.03804
2046 358764.000   34.218239266  117.146043961    28.5863   5  10   0.8080   1.1440   1.4867  -0.0044   0.0141  -0.0645   0.00    0.0    3.51501    0.65782    0.08232   0.04368  0.04259  0.02296  0.00290 -0.00086 -0.00073   -0.38140    1.07585   12.69910   0.02002  0.01983  0.60220 -0.00083  0.00763 -0.03831
2046 358765.000   34.218270223  117.146050767    28.7072   5  10   0.7940   1.1307   1.4752  -0.0044   0.0143  -0.0637   0.00    0.0    3.54167    0.51457    0.02488   0.04367  0.04255  0.02292  0.00304 -0.00121 -0.00095   -0.44098    0.96009   11.54091   0.02002  0.01983  0.60315 -0.00078  0.00616 -0.03875
2046 358766.000   34.218301436  117.146056333    28.8896   5   9   0.8066   1.1401   1.4824  -0.0047   0.0152  -0.0642   0.00    0.0    3.51146    0.47619    0.06659   0.04378  0.04284  0.02296  0.00304 -0.00119 -0.00082   -0.50209    0.88077   10.17488   0.02003  0.01983  0.60410 -0.00072  0.00392 -0.03915
2046 358767.000   34.218334022  117.146061685    28.8499   5   9   0.8192   1.1496   1.4896  -0.0050   0.0160  -0.0647   0.00    0.0    3.54051    0.40815    0.04912   0.04387  0.04307  0.02300  0.00307 -0.00114 -0.00090   -0.43300    0.47672    9.34534   0.02003  0.01983  0.60506 -0.00066 -0.00218 -0.03962
2046 358768.000   34.218365537  117.146066044    29.0014   5   9   0.8319   1.1590   1.4968  -0.0053   0.0167  -0.0652   0.00    0.0    3.54768    0.38243    0.04211   0.04395  0.04327  0.02304  0.00303 -0.00095 -0.00090   -0.46010    0.54298    8.75729   0.02003  0.01982  0.60603 -0.00060 -0.00466 -0.04006
2046 358769.000   34.218397199  117.146069808    29.1057   5   9   0.8445   1.1684   1.5040  -0.0055   0.0174  -0.0658   0.00    0.0    3.52779    0.36411    0.06355   0.04402  0.04346  0.02308  0.00298 -0.00080 -0.00075   -0.23044    0.48829    8.06571   0.02003  0.01982  0.60700 -0.00052 -0.00638 -0.04040
2046 358770.000   34.218428759  117.146073420    29.1101   5   9   0.8571   1.1778   1.5112  -0.0056   0.0179  -0.0663   0.00    0.0    3.60124    0.25649    0.06643   0.04408  0.04360  0.02312  0.00305 -0.00069 -0.00111   -0.27857    0.36879    7.35254   0.02003  0.01981  0.60798 -0.00047 -0.00698 -0.04084
2046 358771.000   34.218460821  117.146075421    29.0693   5   9   0.8697   1.1871   1.5184  -0.0058   0.0185  -0.0668   0.00    0.0    3.61277    0.24011    0.07488   0.04413  0.04374  0.02315  0.00298 -0.00067 -0.00110   -0.28155    0.29917    6.19584   0.02003  0.01980  0.60896 -0.00044 -0.00735 -0.04121
2046 358772.000   34.218493868  117.146078520    28.9187   5   9   0.8821   1.1964   1.5255  -0.0060   0.0189  -0.0673   0.00    0.0    3.63017    0.21092    0.03087   0.04416  0.04384  0.02319  0.00295 -0.00069 -0.00109   -0.41057    0.34161    5.92856   0.02003  0.01979  0.60994 -0.00041 -0.00754 -0.04155
2046 358773.000   34.218526782  117.146081334    28.9352   5   9   0.8944   1.2056   1.5327  -0.0062   0.0193  -0.0678   0.00    0.0    3.59189    0.17116    0.05384   0.04420  0.04394  0.02322  0.00294 -0.00064 -0.00085   -0.30042    0.33606    5.95571   0.02003  0.01979  0.61092 -0.00033 -0.00816 -0.04185
2046 358774.000   34.218558853  117.146083778    28.8112   5   9   0.9066   1.2148   1.5398  -0.0064   0.0197  -0.0684   0.00    0.0    3.50838    0.21244    0.04365   0.04424  0.04402  0.02325  0.00282  0.00082  0.00042   -0.38800    0.76894    5.61851   0.02003  0.01978  0.61187 -0.00005 -0.00936 -0.04194
2046 358775.000   34.218591654  117.146086004    28.7845   5  10   0.8821   1.1968   1.5262  -0.0060   0.0189  -0.0674   0.00    0.0    3.72515    0.13304    0.06400   0.04410  0.04361  0.02319  0.00280 -0.00122 -0.00131   -0.42610    0.62518    4.59886   0.02003  0.01976  0.61282 -0.00018 -0.00870 -0.04209
2046 358776.000   34.218625722  117.146087565    28.8287   5  10   0.8606   1.1801   1.5132  -0.0058   0.0183  -0.0664   0.00    0.0    3.80985    0.04286    0.03287   0.04398  0.04331  0.02314  0.00283 -0.00115 -0.00155   -0.50474    0.91848    3.46546   0.02003  0.01975  0.61374 -0.00035 -0.00731 -0.04231
2046 358777.000   34.218660303  117.146088779    28.7917   5  10   0.8415   1.1645   1.5007  -0.0057   0.0178  -0.0655   0.00    0.0    3.82960    0.02242    0.03795   0.04390  0.04307  0.02309  0.00277 -0.00139 -0.00157   -0.43906    0.96586    3.00002   0.02003  0.01975  0.61466 -0.00047 -0.00544 -0.04247
2046 358778.000   34.218694508  117.146089031    28.7012   5  10   0.8245   1.1499   1.4887  -0.0057   0.0175  -0.0647   0.00    0.0    3.85083    0.03414    0.05980   0.04385  0.04289  0.02304  0.00266 -0.00183 -0.00158   -0.50555    0.64675    2.92188   0.02003  0.01974  0.61556 -0.00059 -0.00206 -0.04252
2046 358779.000   34.218730101  117.146090592    28.7373   5  10   0.8093   1.1363   1.4772  -0.0058   0.0174  -0.0639   0.00    0.0    4.12089    0.24007    0.05559   0.04394  0.04294  0.02300  0.00217 -0.00423 -0.00212   -0.37039    0.56526    5.53860   0.02003  0.01975  0.61602 -0.00081  0.00783 -0.04217
2046 358780.000   34.218767605  117.146094567    28.8392   5   8   0.8221   1.1458   1.4844  -0.0062   0.0180  -0.0644   0.00    0.0    4.29675    0.44593    0.05377   0.04426  0.04332  0.02304  0.00165 -0.00603 -0.00240   -0.54725    1.03391    8.23863   0.02002  0.01976  0.61593 -0.00103  0.01226 -0.04136
2046 358781.000   34.218805233  117.146098604    29.2879   5   9   0.8349   1.1554   1.4917  -0.0065   0.0185  -0.0649   0.00    0.0    4.38980    0.47910    0.04840   0.04438  0.04358  0.02308  0.00151 -0.00652 -0.00255   -0.56923    0.95028    8.69862   0.02001  0.01978  0.61566 -0.00121  0.01574 -0.04043
2046 358782.000   34.218845443  117.146103462    29.1799   5   9   0.8477   1.1648   1.4989  -0.0068   0.0189  -0.0655   0.00    0.0    4.48407    0.40950    0.09876   0.04434  0.04380  0.02312  0.00168 -0.00627 -0.00267   -0.32518    0.73692    8.01952   0.02000  0.01979  0.61547 -0.00136  0.01867 -0.03963
2046 358783.000   34.218885824  117.146107382    29.2539   5  10   0.8301   1.1503   1.4870  -0.0067   0.0183  -0.0647   0.00    0.0    4.48504    0.31147    0.07888   0.04412  0.04344  0.02307  0.00187 -0.00546 -0.00262   -0.43800    0.94387    6.59344   0.02000  0.01980  0.61555 -0.00146  0.02092 -0.03899
2046 358784.000   34.218926794  117.146110691    29.3338   5  10   0.8144   1.1366   1.4755  -0.0069   0.0179  -0.0639   0.00    0.0    4.52102    0.20426    0.06264   0.04394  0.04319  0.02303  0.00206 -0.00474 -0.00263   -0.51060    1.24678    5.02038   0.02000  0.01980  0.61582 -0.00155  0.02283 -0.03851
2046 358785.000   34.218967905  117.146112824    29.2931   5  10   0.8003   1.1238   1.4646  -0.0071   0.0176  -0.0632   0.00    0.0    4.48144    0.11155    0.07192   0.04382  0.04292  0.02299  0.00222 -0.00384 -0.00250   -0.33081    1.01462    4.16425   0.02000  0.01981  0.61634 -0.00162  0.02425 -0.03818
2046 358786.000   34.219008764  117.146114299    29.3003   5  10   0.7877   1.1118   1.4540  -0.0073   0.0175  -0.0626   0.00    0.0    4.46747    0.05831    0.07884   0.04375  0.04273  0.02296  0.00228 -0.00334 -0.00241   -0.58801    1.18666    3.38236   0.02000  0.01982  0.61698 -0.00167  0.02539 -0.03790
2046 358787.000   34.219048949  117.146115516    29.3658   5  10   0.7762   1.1006   1.4438  -0.0075   0.0174  -0.0619   0.00    0.0    4.45762    0.09154    0.06908   0.04375  0.04259  0.02293  0.00219 -0.00338 -0.00233   -0.37185    1.26067    3.68369   0.02000  0.01983  0.61764 -0.00171  0.02634 -0.03749
2046 358788.000   34.219089704  117.146116793    29.3026   5   9   0.7895   1.1104   1.4511  -0.0080   0.0182  -0.0625   0.00    0.0    4.47664    0.12647    0.03383   0.04387  0.04282  0.02297  0.00212 -0.00345 -0.00229   -0.62998    1.20581    4.38883   0.02000  0.01985  0.61827 -0.00174  0.02716 -0.03696
2046 358789.000   34.219128487  117.146117465    29.5079   5   7   0.8027   1.1202   1.4584  -0.0085   0.0188  -0.0631   0.00    0.0    4.44141    0.14075    0.09267   0.04400  0.04301  0.02301  0.00207 -0.00321 -0.00218   -0.51498    1.05608    4.78026   0.02001  0.01987  0.61891 -0.00175  0.02779 -0.03636
2046 358790.000   34.219168523  117.146120010    29.6022   5   8   0.8159   1.1299   1.4657  -0.0090   0.0194  -0.0636   0.00    0.0    4.42773    0.16293    0.09321   0.04408  0.04318  0.02305  0.00204 -0.00290 -0.00208   -0.40755    0.92803    5.05384   0.02001  0.01988  0.61956 -0.00175  0.02827 -0.03570
2046 358791.000   34.219208753  117.146121216    29.6010   5   8   0.8290   1.1396   1.4730  -0.0100   0.0198  -0.0642   0.00    0.0    4.24926   -0.00078    0.08980   0.04401  0.04331  0.02309  0.00238  0.00079 -0.00158   -0.96939    0.87030    2.99402   0.02001  0.01989  0.62042 -0.00173  0.02815 -0.03538
2046 358792.000   34.219244697  117.146118440    29.9822   5   9   0.8420   1.1493   1.4802  -0.0109   0.0202  -0.0648   0.00    0.0    4.03207   -0.28961    0.07664   0.04397  0.04353  0.02313  0.00285 -0.00028 -0.00085   -0.35626    1.00217  358.75436   0.02002  0.01989  0.62130 -0.00170  0.02738 -0.03558
2046 358793.000   34.219281076  117.146113366    29.8532   5   9   0.8549   1.1589   1.4875  -0.0117   0.0206  -0.0654   0.00    0.0    3.88489   -0.62276    0.08995   0.04411  0.04378  0.02316  0.00329 -0.00341  0.00069   -0.38388    0.94859  354.23216   0.02003  0.01989  0.62191 -0.00166  0.02609 -0.03636
2046 358794.000   34.219315746  117.146105540    29.9469   5   8   0.8676   1.1684   1.4948  -0.0122   0.0211  -0.0659   0.00    0.0    3.81297   -0.90326    0.09830   0.04434  0.04394  0.02320  0.00360 -0.00479  0.00095   -0.38822    1.01661  349.96794   0.02004  0.01988  0.62221 -0.00162  0.02453 -0.03754
2046 358795.000   34.219349124  117.146094863    30.1439   5   9   0.8802   1.1779   1.5020  -0.0126   0.0214  -0.0665   0.00    0.0    3.80857   -1.17577    0.10940   0.04463  0.04402  0.02323  0.00384 -0.00543  0.00077   -0.23790    1.23521  345.90879   0.02006  0.01987  0.62221 -0.00158  0.02292 -0.03901
2046 358796.000   34.219383802  117.146082200    29.9471   5   9   0.8926   1.1873   1.5092  -0.0130   0.0218  -0.0671   0.00    0.0    3.77499   -1.40669    0.10070   0.04488  0.04412  0.02326  0.00402 -0.00601  0.00080    0.01563    1.14957  343.25434   0.02008  0.01985  0.62190 -0.00153  0.02105 -0.04062
2046 358797.000   34.219415808  117.146066081    30.3521   5   9   0.9049   1.1966   1.5164  -0.0135   0.0222  -0.0676   0.00    0.0    3.68080   -1.56243    0.10021   0.04498  0.04425  0.02329  0.00410 -0.00640  0.00101   -0.08151    1.10933  340.61215   0.02010  0.01984  0.62146 -0.00144  0.01879 -0.04222
2046 358798.000   34.219448584  117.146049904    30.1928   5   8   0.9170   1.2058   1.5236  -0.0137   0.0226  -0.0682   0.00    0.0    3.47160   -1.46463    0.08572   0.04466  0.04455  0.02332  0.00393 -0.00640  0.00170   -0.26103    1.27307  340.00541   0.02011  0.01982  0.62120 -0.00127  0.01544 -0.04333
2046 358799.000   34.219480805  117.146034379    30.2433   5   9   0.9290   1.2150   1.5308  -0.0136   0.0229  -0.0688   0.00    0.0    3.55763   -1.55388    0.09015   0.04467  0.04444  0.02335  0.00391 -0.00565  0.00141   -0.21177    1.08763  339.56489   0.02012  0.01980  0.62121 -0.00109  0.01201 -0.04444
2046 358800.000   34.219514925  117.146022165    30.1987   5  10   0.9017   1.1969   1.5177  -0.0130   0.0220  -0.0677   0.00    0.0    3.48517   -1.55193    0.08835   0.04443  0.04401  0.02329  0.00382 -0.00554  0.00162   -0.33424    1.03630  338.61213   0.02013  0.01977  0.62126 -0.00081  0.00665 -0.04537
2046 358801.000   34.219546043  117.146005196    30.1300   5   9   0.9138   1.2061   1.5249  -0.0134   0.0223  -0.0683   0.00    0.0    3.41221   -1.69364    0.07892   0.04453  0.04417  0.02332  0.00389 -0.00582  0.00169   -0.49689    1.11526  336.44260   0.02014  0.01976  0.62122 -0.00033 -0.00768 -0.04632
2046 358802.000   34.219576529  117.145986502    30.1984   5  10   0.8885   1.1886   1.5120  -0.0130   0.0215  -0.0673   0.00    0.0    3.30083   -1.85245    0.06501   0.04448  0.04386  0.02326  0.00395 -0.00632  0.00182   -0.27246    1.17343  333.40574   0.02015  0.01974  0.62100  0.00075 -0.01307 -0.04729
2046 358803.000   34.219607360  117.145963671    30.2701   5   9   0.8858   1.1732   1.5080  -0.0125   0.0214  -0.0664   0.00    0.0    3.50518   -2.18938    0.09797   0.04475  0.04353  0.02324  0.00412 -0.00565  0.00090   -0.37074    1.28280  330.11966   0.02016  0.01973  0.62075  0.00104 -0.01571 -0.04860
2046 358804.000   34.219638133  117.145939003    30.2516   5   8   0.8982   1.1826   1.5152  -0.0127   0.0218  -0.0670   0.00    0.0    3.33698   -2.41151    0.09096   0.04501  0.04385  0.02327  0.00428 -0.00677  0.00124   -0.14092    1.05482  326.70188   0.02018  0.01971  0.62014  0.00134 -0.01855 -0.04993
2046 358805.000   34.219666864  117.145913422    30.2055   5   8   0.9103   1.1920   1.5224  -0.0130   0.0223  -0.0675   0.00    0.0    3.06472   -2.48546    0.09022   0.04498  0.04433  0.02330  0.00431 -0.00770  0.00182   -0.16213    1.17255  323.22622   0.02020  0.01970  0.61931  0.00166 -0.02177 -0.05106
2046 358806.000   34.219693031  117.145885475    30.1115   5   8   0.9224   1.2012   1.5295  -0.0131   0.0227  -0.0680   0.00    0.0    2.96317   -2.71170    0.14259   0.04523  0.04454  0.02333  0.00443 -0.00811  0.00179   -0.13907    0.92737  320.22732   0.02021  0.01968  0.61827  0.00197 -0.02465 -0.05222
2046 358807.000   34.219717525  117.145857917    29.8219   5   8   0.9343   1.2105   1.5367  -0.0130   0.0232  -0.0686   0.00    0.0    2.75209   -2.60659    0.25569   0.04492  0.04492  0.02336  0.00426 -0.00735  0.00216   -0.11616    0.43579  319.58712   0.02021  0.01965  0.61756  0.00226 -0.02745 -0.05300
2046 358808.000   34.219740026  117.145833903    29.8102   5   9   0.9289   1.1935   1.5321  -0.0126   0.0230  -0.0676   0.00    0.0    2.59745   -2.52141    0.21336   0.04461  0.04491  0.02333  0.00408 -0.00623  0.00233    0.43840    1.18608  318.44977   0.02019  0.01963  0.61706  0.00253 -0.03010 -0.05344
2046 358809.000   34.219765361  117.145803839    29.7520   5   9   0.9238   1.1777   1.5276  -0.0121   0.0228  -0.0667   0.00    0.0    2.65888   -2.82147    0.05696   0.04473  0.04455  0.02331  0.00419 -0.00664  0.00195   -0.11058    0.90045  315.83407   0.02018  0.01961  0.61669  0.00276 -0.03220 -0.05414
2046 358810.000   34.219788070  117.145773721    29.7406   5   9   0.9190   1.1629   1.5232  -0.0120   0.0226  -0.0658   0.00    0.0    2.29977   -2.89434    0.15008   0.04466  0.04504  0.02328  0.00424 -0.00729  0.00246    0.13920    0.90092  311.18903   0.02017  0.01960  0.61577  0.00302 -0.03469 -0.05463
2046 358811.000   34.219806871  117.145743437    29.8368   5   9   0.9145   1.1491   1.5190  -0.0111   0.0225  -0.0649   0.00    0.0    2.03417   -2.91180    0.09220   0.04456  0.04534  0.02326  0.00421 -0.00692  0.00273    0.13529    1.01107  307.09927   0.02014  0.01959  0.61459  0.00327 -0.03722 -0.05487
2046 358812.000   34.219825438  117.145710967    29.7142   5   9   0.9103   1.1361   1.5148  -0.0103   0.0224  -0.0641   0.00    0.0    1.95728   -3.13641    0.10846   0.04470  0.04523  0.02324  0.00429 -0.00742  0.00259    0.38418    0.83983  304.44347   0.02011  0.01957  0.61350  0.00351 -0.03949 -0.05524
2046 358813.000   34.219843238  117.145676463    29.6990   5   9   0.9063   1.1239   1.5107  -0.0094   0.0222  -0.0633   0.00    0.0    1.86667   -3.32765    0.07279   0.04481  0.04516  0.02323  0.00435 -0.00760  0.00248    0.30563    1.17241  301.91043   0.02008  0.01956  0.61247  0.00374 -0.04155 -0.05568
2046 358814.000   34.219860289  117.145640816    29.8279   5   9   0.9026   1.1124   1.5068  -0.0083   0.0221  -0.0625   0.00    0.0    1.77971   -3.43165    0.07951   0.04484  0.04511  0.02321  0.00433 -0.00716  0.00240    0.18548    1.22870  299.63388   0.02005  0.01955  0.61166  0.00395 -0.04339 -0.05609
2046 358815.000   34.219875317  117.145603604    29.7927   5   9   0.8990   1.1017   1.5029  -0.0071   0.0221  -0.0618   0.00    0.0    1.60393   -3.48289    0.10269   0.04482  0.04524  0.02319  0.00429 -0.00663  0.00249    0.22440    1.04453  296.41589   0.02001  0.01954  0.61092  0.00414 -0.04519 -0.05636
2046 358816.000   34.219888518  117.145565248    29.7507   5   9   0.8957   1.0915   1.4992  -0.0058   0.0220  -0.0611   0.00    0.0    1.39782   -3.54516    0.10012   0.04483  0.04541  0.02318  0.00426 -0.00617  0.00261    0.33553    0.78681  293.76171   0.01997  0.01953  0.61013  0.00432 -0.04695 -0.05648
2046 358817.000   34.219900354  117.145527543    29.8388   5   9   0.8926   1.0820   1.4955  -0.0045   0.0219  -0.0604   0.00    0.0    1.25289   -3.61169    0.09450   0.04486  0.04544  0.02317  0.00423 -0.00563  0.00261    0.38000    0.97336  291.73793   0.01991  0.01953  0.60946  0.00449 -0.04859 -0.05654
2046 358818.000   34.219911326  117.145488781    29.8982   5   9   0.8896   1.0729   1.4919  -0.0028   0.0218  -0.0597   0.00    0.0    1.14351   -3.62444    0.07625   0.04487  0.04540  0.02315  0.00412 -0.00444  0.00259    0.34455    0.99529  289.87575   0.01986  0.01952  0.60904  0.00463 -0.05006 -0.05648
2046 358819.000   34.219921213  117.145449314    29.8875   5   9   0.8868   1.0644   1.4884   0.0015   0.0218  -0.0591   0.00    0.0    0.99159   -3.66980    0.10737   0.04493  0.04546  0.02314  0.00406 -0.00358  0.00263    0.35981    0.90837  287.22457   0.01979  0.01951  0.60869  0.00475 -0.05144 -0.05632
2046 358820.000   34.219929223  117.145410767    29.9801   5   9   0.8842   1.0564   1.4850   0.0033   0.0217  -0.0585   0.00    0.0    0.84966   -3.61240    0.10398   0.04498  0.04546  0.02313  0.00390  0.00111  0.00269    0.41862    0.85109  285.63357   0.01972  0.01950  0.60846  0.00484 -0.05268 -0.05597
2046 358821.000   34.219937240  117.145371321    29.9636   5   9   0.8817   1.0489   1.4817   0.0045   0.0216  -0.0578   0.00    0.0    0.85519   -3.76371    0.07208   0.04503  0.04522  0.02312  0.00388 -0.00182  0.00238    0.37647    0.86752  285.18792   0.01965  0.01949  0.60862  0.00493 -0.05371 -0.05579
2046 358822.000   34.219945350  117.145330691    30.0048   5   9   0.8793   1.0417   1.4784   0.0052   0.0214  -0.0573   0.00    0.0    0.84297   -3.76804    0.08528   0.04508  0.04507  0.02311  0.00370  0.00157  0.00219    0.49699    1.01913  284.91711   0.01959  0.01948  0.60905  0.00498 -0.05451 -0.05554
2046 358823.000   34.219952651  117.145290025    30.0876   5   9   0.8771   1.0350   1.4753   0.0057   0.0213  -0.0567   0.00    0.0    0.86355   -3.77468    0.11671   0.04512  0.04492  0.02310  0.00351  0.00218  0.00191    0.37460    0.97223  284.72276   0.01953  0.01945  0.60970  0.00500 -0.05506 -0.05526
2046 358824.000   34.219960280  117.145248712    30.1776   5   9   0.8750   1.0286   1.4722   0.0060   0.0212  -0.0562   0.00    0.0    0.80837   -3.74044    0.04489   0.04517  0.04486  0.02309  0.00330  0.00274  0.00187    0.45569    0.55476  285.02314   0.01946  0.01943  0.61036  0.00500 -0.05547 -0.05485
2046 358825.000   34.219968061  117.145209199    30.3106   5   9   0.8731   1.0226   1.4692   0.0064   0.0211  -0.0557   0.00    0.0    0.78401   -3.71853    0.09708   0.04522  0.04480  0.02308  0.00308  0.00262  0.00177    0.47141    0.43387  284.53582   0.01941  0.01941  0.61102  0.00498 -0.05574 -0.05436
2046 358826.000   34.219975119  117.145169665    30.5471   5   9   0.8712   1.0170   1.4662   0.0069   0.0209  -0.0553   0.00    0.0    0.73587   -3.70238    0.07221   0.04526  0.04475  0.02307  0.00288  0.00234  0.00171    0.59135    0.62500  283.95756   0.01935  0.01938  0.61165  0.00494 -0.05588 -0.05379
2046 358827.000   34.219980834  117.145131290    30.5715   5  11   0.8395   1.0099   1.4387   0.0067   0.0197  -0.0548   0.00    0.0    0.77319   -3.58678    0.06436   0.04538  0.04435  0.02296  0.00245 -0.00131  0.00155    0.49472    0.04425  284.03005   0.01929  0.01935  0.61208  0.00487 -0.05575 -0.05309
2046 358828.000   34.219988182  117.145094071    30.5503   5  10   0.8226   1.0044   1.4292   0.0063   0.0190  -0.0544   0.00    0.0    0.67930   -3.38951    0.13794   0.04568  0.04420  0.02293  0.00189 -0.00129  0.00190    1.10339    0.68991  283.72162   0.01923  0.01932  0.61206  0.00476 -0.05552 -0.05197
2046 358829.000   34.219994524  117.145057883    30.5302   5  10   0.8074   0.9992   1.4201   0.0063   0.0183  -0.0540   0.00    0.0    0.68072   -3.41829    0.07744   0.04558  0.04407  0.02290  0.00166 -0.00305  0.00170    0.45152    0.60348  283.80022   0.01917  0.01929  0.61206  0.00463 -0.05516 -0.05091
2046 358830.000   34.220000892  117.145020654    30.5601   5  10   0.7938   0.9943   1.4113   0.0059   0.0176  -0.0536   0.00    0.0    0.68640   -3.53367    0.09269   0.04536  0.04398  0.02287  0.00166 -0.00384  0.00137    0.37253    0.51963  283.67576   0.01913  0.01926  0.61224  0.00452 -0.05473 -0.05003
2046 358831.000   34.220008062  117.144982839    30.6327   5  10   0.7816   0.9897   1.4027   0.0049   0.0169  -0.0533   0.00    0.0    0.71716   -3.56732    0.06874   0.04525  0.04393  0.02285  0.00143 -0.00460  0.00108    0.55484    0.24219  283.97371   0.01910  0.01924  0.61238  0.00441 -0.05419 -0.04920
2046 358832.000   34.220014926  117.144944200    30.7332   5  10   0.7705   0.9854   1.3945   0.0028   0.0162  -0.0530   0.00    0.0    0.79491   -3.56123    0.07136   0.04521  0.04395  0.02283  0.00095 -0.00566  0.00047    0.44314    0.41462  284.79650   0.01908  0.01921  0.61231  0.00429 -0.05342 -0.04836
2046 358833.000   34.220021946  117.144905486    30.7934   5  10   0.7605   0.9813   1.3866  -0.0033   0.0156  -0.0527   0.00    0.0    0.76848   -3.58227    0.08306   0.04512  0.04388  0.02281  0.00067 -0.00580  0.00041    0.42439    0.29075  284.49036   0.01907  0.01918  0.61220  0.00416 -0.05261 -0.04752
2046 358834.000   34.220028662  117.144866985    30.9006   5  10   0.7515   0.9774   1.3789  -0.0057   0.0149  -0.0524   0.00    0.0    0.67991   -3.60529    0.10144   0.04502  0.04376  0.02279  0.00054 -0.00553  0.00081    0.41111    0.16756  283.45864   0.01906  0.01917  0.61218  0.00404 -0.05185 -0.04669
2046 358835.000   34.220035703  117.144828057    30.9749   5  10   0.7434   0.9737   1.3715  -0.0074   0.0143  -0.0522   0.00    0.0    0.72272   -3.62658    0.07375   0.04491  0.04376  0.02278 -0.00053 -0.00598  0.00038    0.36718    0.12599  283.75777   0.01905  0.01915  0.61205  0.00392 -0.05099 -0.04589
2046 358836.000   34.220043061  117.144788884    31.1300   5  10   0.7360   0.9702   1.3644  -0.0089   0.0137  -0.0520   0.00    0.0    0.77255   -3.63533    0.10294   0.04482  0.04379  0.02276 -0.00095 -0.00641 -0.00054    0.32932   -0.17107  284.40105   0.01905  0.01914  0.61178  0.00379 -0.05001 -0.04511
2046 358837.000   34.220050654  117.144749674    31.1691   5  10   0.7293   0.9670   1.3575  -0.0103   0.0131  -0.0518   0.00    0.0    0.80397   -3.62481    0.12340   0.04476  0.04379  0.02275 -0.00126 -0.00677 -0.00071    0.63156   -0.05176  284.73436   0.01906  0.01913  0.61137  0.00366 -0.04892 -0.04426
2046 358838.000   34.220058104  117.144711168    31.2569   5  10   0.7232   0.9639   1.3508  -0.0115   0.0125  -0.0516   0.00    0.0    0.72137   -3.52792    0.07375   0.04482  0.04361  0.02274 -0.00160 -0.00691  0.00077    0.38344    0.19466  283.82165   0.01907  0.01913  0.61087  0.00351 -0.04787 -0.04323
2046 358839.000   34.220064096  117.144671977    31.1515   5  10   0.7178   0.9610   1.3444  -0.0126   0.0118  -0.0514   0.00    0.0    0.74973   -3.55517    0.09576   0.04470  0.04362  0.02273 -0.00169 -0.00713  0.00044    0.46025   -0.02908  284.04849   0.01908  0.01912  0.61031  0.00337 -0.04670 -0.04220
2046 358840.000   34.220071129  117.144633269    31.2788   5  10   0.7128   0.9582   1.3381  -0.0135   0.0112  -0.0513   0.00    0.0    0.81225   -3.59183    0.06858   0.04455  0.04366  0.02272 -0.00172 -0.00729 -0.00066    0.39731    0.18861  284.71835   0.01909  0.01912  0.60966  0.00323 -0.04540 -0.04125
2046 358841.000   34.220079526  117.144597131    31.7608   5  10   0.7084   0.9556   1.3321  -0.0147   0.0105  -0.0512   0.00    0.0    0.82956   -3.59773    0.08285   0.04441  0.04361  0.02271 -0.00167 -0.00713 -0.00073    0.56059    0.46689  285.29929   0.01911  0.01912  0.60906  0.00309 -0.04404 -0.04033
2046 358842.000   34.220087642  117.144557599    31.7328   5  10   0.7043   0.9531   1.3263  -0.0155   0.0099  -0.0510   0.00    0.0    0.94221   -3.64337    0.08682   0.04427  0.04374  0.02271 -0.00166 -0.00734 -0.00122    0.33991    0.40914  286.15053   0.01914  0.01913  0.60827  0.00294 -0.04246 -0.03947
2046 358843.000   34.220095688  117.144517573    31.7411   5  10   0.7007   0.9508   1.3206  -0.0164   0.0093  -0.0510   0.00    0.0    0.88025   -3.63986    0.07325   0.04420  0.04353  0.02270 -0.00162 -0.00707 -0.00088    0.16758    0.45503  285.32734   0.01916  0.01913  0.60765  0.00280 -0.04094 -0.03860
2046 358844.000   34.220103221  117.144479298    31.7179   5  10   0.6974   0.9486   1.3152  -0.0169   0.0087  -0.0509   0.00    0.0    0.83308   -3.46348    0.14304   0.04440  0.04337  0.02269 -0.00198 -0.00771  0.00052    0.48141    0.18150  285.31878   0.01919  0.01915  0.60682  0.00265 -0.03943 -0.03735
2046 358845.000   34.220110977  117.144442901    31.9261   5  10   0.6945   0.9465   1.3099  -0.0176   0.0080  -0.0508   0.00    0.0    0.87130   -3.37147    0.07374   0.04443  0.04334  0.02269 -0.00216 -0.00815  0.00056    0.62656    0.34040  286.57534   0.01921  0.01916  0.60578  0.00249 -0.03783 -0.03591
2046 358846.000   34.220119638  117.144405911    31.9446   5   9   0.7017   0.9449   1.3103  -0.0185   0.0074  -0.0507   0.00    0.0    0.98419   -3.41102    0.10191   0.04426  0.04363  0.02271 -0.00208 -0.00824 -0.00077    0.77341    0.17730  287.85304   0.01923  0.01918  0.60466  0.00232 -0.03599 -0.03453
2046 358847.000   34.220129614  117.144368786    31.9565   5   9   0.7087   0.9435   1.3107  -0.0194   0.0067  -0.0507   0.00    0.0    1.08204   -3.42777    0.06224   0.04413  0.04384  0.02273 -0.00202 -0.00827 -0.00108    0.30487    0.70330  289.41399   0.01926  0.01920  0.60346  0.00215 -0.03394 -0.03320
2046 358848.000   34.220140218  117.144331515    32.0034   5   9   0.7156   0.9421   1.3111  -0.0201   0.0061  -0.0506   0.00    0.0    1.22591   -3.42175    0.08469   0.04406  0.04415  0.02275 -0.00199 -0.00857 -0.00143    0.19726    1.12842  291.06330   0.01929  0.01922  0.60199  0.00197 -0.03141 -0.03183
2046 358849.000   34.220150776  117.144294423    32.0623   5  10   0.7114   0.9404   1.3060  -0.0198   0.0056  -0.0506   0.00    0.0    1.29601   -3.24567    0.06066   0.04426  0.04405  0.02274 -0.00225 -0.00954 -0.00139    0.49498    1.02168  292.89236   0.01932  0.01924  0.60010  0.00179 -0.02858 -0.03004
2046 358850.000   34.220163466  117.144259754    31.9344   5  10   0.7076   0.9387   1.3011  -0.0208   0.0043  -0.0506   0.00    0.0    1.26735   -3.32613    0.02411   0.04400  0.04369  0.02273 -0.00192 -0.00841 -0.00117    0.12119    1.08036  292.86096   0.01936  0.01926  0.59879  0.00164 -0.02578 -0.02844
2046 358851.000   34.220172935  117.144225254    32.4138   5  10   0.7047   0.9377   1.2897  -0.0210   0.0033  -0.0507   0.00    0.0    1.27487   -3.18639    0.07956   0.04414  0.04355  0.02270 -0.00207 -0.00884 -0.00100    0.08013    1.18838  293.27426   0.01939  0.01929  0.59734  0.00149 -0.02272 -0.02645
2046 358852.000   34.220184634  117.144191572    32.4271   5  10   0.7015   0.9362   1.2853  -0.0207   0.0025  -0.0507   0.00    0.0    1.41387   -2.99305    0.05304   0.04437  0.04365  0.02269 -0.00233 -0.00993 -0.00122   -0.07793    0.82070  297.45872   0.01941  0.01931  0.59532  0.00134 -0.01891 -0.02389
2046 358853.000   34.220199663  117.144162629    32.4038   5  10   0.6984   0.9347   1.2810  -0.0198   0.0008  -0.0506   0.00    0.0    1.97881   -2.42306    0.07466   0.04556  0.04495  0.02269 -0.00315 -0.01460 -0.00224    0.39633    0.78237  310.09703   0.01944  0.01935  0.58996  0.00117 -0.01190 -0.01917
2046 358854.000   34.220219705  117.144139099    32.4176   5  10   0.6957   0.9334   1.2768  -0.0197  -0.0036  -0.0507   0.00    0.0    2.42965   -1.90670    0.08063   0.04680  0.04599  0.02269 -0.00363 -0.01790 -0.00278    0.11295    1.17296  323.59045   0.01947  0.01939  0.58157  0.00108  0.01033 -0.01029
2046 358855.000   34.220242778  117.144124262    32.4545   5  11   0.6871   0.9311   1.2614  -0.0200  -0.0056  -0.0508   0.00    0.0    2.76458   -1.33592    0.10579   0.04816  0.04646  0.02263 -0.00399 -0.02024 -0.00313    1.11803    0.30620  335.65271   0.01951  0.01942  0.57068  0.00119  0.01854  0.01413
2046 358856.000   34.220269963  117.144111579    32.4408   5  11   0.6793   0.9290   1.2469  -0.0205  -0.0073  -0.0509   0.00    0.0    3.06561   -0.82629    0.10553   0.04936  0.04667  0.02259 -0.00424 -0.02172 -0.00343    0.60627    1.19343  344.26098   0.01954  0.01945  0.55810  0.00147  0.02381  0.02308
2046 358857.000   34.220296358  117.144104428    32.4998   5  11   0.6724   0.9271   1.2331  -0.0213  -0.0088  -0.0510   0.00    0.0    2.99082   -0.28528    0.04694   0.05059  0.04557  0.02254 -0.00446 -0.02112 -0.00333    0.24428    0.97057  354.51923   0.01959  0.01947  0.54568  0.00183  0.02704  0.02981
2046 358858.000   34.220323582  117.144103141    32.5499   5  11   0.6661   0.9252   1.2200  -0.0221  -0.0101  -0.0510   0.00    0.0    3.21717    0.31485    0.05850   0.05198  0.04567  0.02250 -0.00474 -0.02195 -0.00366   -0.07477    1.25967    5.09256   0.01964  0.01947  0.53192  0.00224  0.02946  0.03547
2046 358859.000   34.220353260  117.144107584    32.5419   5  11   0.6604   0.9234   1.2076  -0.0239  -0.0115  -0.0511   0.00    0.0    3.34699    0.70040    0.03661   0.05219  0.04548  0.02247 -0.00482 -0.02122 -0.00387   -0.15653    1.52516   11.86340   0.01970  0.01945  0.51899  0.00263  0.03122  0.04019
2046 358860.000   34.220384512  117.144114285    32.5816   5  11   0.6553   0.9218   1.1958  -0.0261  -0.0128  -0.0512   0.00    0.0    3.47969    0.79513    0.02942   0.05118  0.04540  0.02244 -0.00465 -0.01957 -0.00401   -0.10627    1.30180   12.87309   0.01976  0.01940  0.50849  0.00300  0.03269  0.04400
2046 358861.000   34.220417622  117.144122071    32.5933   5  11   0.6507   0.9202   1.1846  -0.0282  -0.0137  -0.0513   0.00    0.0    3.72303    0.74959    0.03645   0.04983  0.04567  0.02241 -0.00432 -0.01809 -0.00420   -0.33766    1.25251   12.11133   0.01980  0.01935  0.50035  0.00335  0.03418  0.04707
2046 358862.000   34.220451027  117.144129789    32.6655   5  10   0.6523   0.9201   1.1780  -0.0305  -0.0147  -0.0515   0.00    0.0    3.67622    0.89145   -0.01590   0.04943  0.04539  0.02240 -0.00421 -0.01600 -0.00415   -0.66970    1.50843   14.16214   0.01985  0.01928  0.49399  0.00365  0.03521  0.04975
2046 358863.000   34.220483952  117.144139087    32.5946   5   9   0.6678   0.9319   1.1859  -0.0333  -0.0159  -0.0524   0.00    0.0    3.56292    0.99161    0.01558   0.04911  0.04542  0.02246 -0.00412 -0.01353 -0.00402   -0.84846    1.35502   15.78712   0.01989  0.01920  0.48938  0.00389  0.03579  0.05210
2046 358864.000   34.220515574  117.144147973    32.6846   5   9   0.6832   0.9436   1.1939  -0.0357  -0.0171  -0.0532   0.00    0.0    3.51521    0.92364    0.06466   0.04844  0.04568  0.02252 -0.00380 -0.01118 -0.00390    0.06621    1.15285   15.32154   0.01991  0.01910  0.48645  0.00407  0.03616  0.05402
2046 358865.000   34.220546360  117.144156959    32.7971   5   9   0.6985   0.9552   1.2020  -0.0378  -0.0183  -0.0540   0.00    0.0    3.37856    0.82119    0.02329   0.04787  0.04585  0.02257 -0.00340 -0.00842 -0.00362   -0.15583    1.62240   14.66878   0.01991  0.01899  0.48496  0.00419  0.03625  0.05556
2046 358866.000   34.220577982  117.144165017    32.7620   5   9   0.7136   0.9667   1.2100  -0.0386  -0.0192  -0.0548   0.00    0.0    3.58516    0.82406    0.03968   0.04767  0.04635  0.02263 -0.00311 -0.00797 -0.00376   -0.53139    1.49331   13.65360   0.01990  0.01888  0.48396  0.00431  0.03656  0.05689
2046 358867.000   34.220610340  117.144173173    32.7533   5  11   0.7033   0.9628   1.1983  -0.0377  -0.0191  -0.0547   0.00    0.0    3.50025    0.84439    0.03125   0.04740  0.04598  0.02258 -0.00286 -0.00598 -0.00356   -0.82709    1.38191   14.42179   0.01988  0.01874  0.48352  0.00439  0.03675  0.05799
2046 358868.000   34.220641559  117.144182341    32.7489   5  11   0.6941   0.9590   1.1872  -0.0368  -0.0189  -0.0546   0.00    0.0    3.44438    0.89827   -0.01689   0.04722  0.04576  0.02254 -0.00269 -0.00434 -0.00339   -0.83279    1.58180   15.70710   0.01985  0.01861  0.48348  0.00444  0.03672  0.05890
2046 358869.000   34.220672477  117.144191726    32.6902   5  11   0.6858   0.9555   1.1766  -0.0359  -0.0186  -0.0545   0.00    0.0    3.35150    0.91718   -0.01700   0.04706  0.04561  0.02249 -0.00252 -0.00227 -0.00316   -1.15473    1.59048   16.02784   0.01980  0.01849  0.48376  0.00444  0.03646  0.05959
2046 358870.000   34.220702601  117.144200265    32.6766   5  10   0.6843   0.9531   1.1693  -0.0357  -0.0184  -0.0545   0.00    0.0    3.29722    0.70057   -0.02063   0.04682  0.04563  0.02247 -0.00185  0.00059 -0.00287   -0.92970    1.55254   13.60887   0.01973  0.01838  0.48436  0.00440  0.03614  0.05992
2046 358871.000   34.220734106  117.144205119    32.3761   5  10   0.6829   0.9509   1.1623  -0.0353  -0.0180  -0.0545   0.00    0.0    3.13835    0.57099   -0.09548   0.04675  0.04567  0.02245 -0.00141 -0.00041 -0.00233   -1.08685    1.70220   11.00728   0.01965  0.01827  0.48496  0.00431  0.03552  0.05994
2046 358872.000   34.220763288  117.144208435    32.3544   5   9   0.6845   0.9499   1.1628  -0.0352  -0.0177  -0.0546   0.00    0.0    3.11413    0.09391   -0.01325   0.04694  0.04571  0.02247  0.00169 -0.00387 -0.00185   -1.41414    1.51992    3.71292   0.01952  0.01818  0.48525  0.00419  0.03502  0.05939
2046 358873.000   34.220792116  117.144203829    32.2949   5  10   0.6831   0.9479   1.1561  -0.0358  -0.0171  -0.0546   0.00    0.0    2.82505   -0.88461   -0.01697   0.04820  0.04577  0.02245  0.00332 -0.00863  0.00146   -1.21562    1.55415  345.65633   0.01931  0.01810  0.48361  0.00398  0.03437  0.05766
2046 358874.000   34.220814908  117.144185700    32.1959   5  10   0.6819   0.9459   1.1497  -0.0360  -0.0158  -0.0546   0.00    0.0    1.89392   -1.98889    0.04915   0.05039  0.04681  0.02244  0.00416 -0.01625  0.00383   -0.71437    1.74439  316.08579   0.01901  0.01801  0.47735  0.00356  0.03254  0.05432
2046 358875.000   34.220824552  117.144159542    32.2477   5  10   0.6807   0.9439   1.1436  -0.0341  -0.0138  -0.0545   0.00    0.0    0.61682   -2.67345    0.02504   0.05134  0.04914  0.02243  0.00420 -0.02247  0.00538   -0.28121    0.83694  284.94681   0.01868  0.01789  0.46601  0.00290  0.02891  0.04972
2046 358876.000   34.220823934  117.144127926    32.2501   5   9   0.6823   0.9430   1.1445  -0.0297  -0.0111  -0.0544   0.00    0.0   -0.49431   -2.67607    0.02926   0.04980  0.05133  0.02246  0.00354 -0.02417  0.00619   -0.53552    0.70436  260.89526   0.01838  0.01777  0.45287  0.00205  0.02340  0.04498
2046 358877.000   34.220814463  117.144100108    32.3093   5  10   0.6810   0.9412   1.1443  -0.0245  -0.0081  -0.0540   0.00    0.0   -1.14359   -2.51501    0.02841   0.04810  0.05162  0.02248  0.00308 -0.02315  0.00644   -0.70660    0.84858  245.21354   0.01813  0.01764  0.44047  0.00096  0.01591  0.04061
2046 358878.000   34.220801701  117.144073502    32.3030   5  10   0.6798   0.9394   1.1441  -0.0190  -0.0041  -0.0536   0.00    0.0   -1.63270   -2.32548    0.01284   0.04668  0.05142  0.02249  0.00271 -0.02150  0.00656   -0.09276    1.20169  234.67863   0.01792  0.01754  0.42928 -0.00123 -0.00562  0.03672
2046 358879.000   34.220783933  117.144051516    32.2461   5  11   0.6729   0.9367   1.1357  -0.0135   0.0041  -0.0530   0.00    0.0   -2.12281   -2.02411    0.05206   0.04546  0.05117  0.02246  0.00223 -0.01936  0.00668    0.19535    1.00376  222.22671   0.01774  0.01745  0.41924 -0.00181 -0.01750  0.03338
2046 358880.000   34.220762364  117.144032880    32.2566   5  10   0.6724   0.9352   1.1357  -0.0058   0.0065  -0.0524   0.00    0.0   -2.39797   -1.61849    0.02591   0.04449  0.05036  0.02247  0.00162 -0.01620  0.00666   -0.84400    1.55852  213.29179   0.01759  0.01738  0.41099 -0.00212 -0.02366  0.03073
2046 358881.000   34.220736809  117.144016548    32.2429   5  10   0.6720   0.9337   1.1358   0.0072   0.0075  -0.0519   0.00    0.0   -3.01605   -1.53666    0.04160   0.04429  0.05088  0.02249  0.00145 -0.01549  0.00692   -0.51334    1.47761  206.56632   0.01743  0.01733  0.40258 -0.00232 -0.02853  0.02826
2046 358882.000   34.220708650  117.144001858    32.1765   5  10   0.6716   0.9324   1.1359   0.0112   0.0081  -0.0513   0.00    0.0   -3.12823   -1.34483    0.00916   0.04412  0.04966  0.02250  0.00141 -0.01324  0.00683   -0.42824    1.72379  202.92033   0.01729  0.01729  0.39591 -0.00243 -0.03224  0.02623
2046 358883.000   34.220679610  117.143989554    32.1914   5  10   0.6713   0.9311   1.1360   0.0127   0.0083  -0.0507   0.00    0.0   -3.23882   -1.08154    0.03592   0.04405  0.04868  0.02251  0.00108 -0.01061  0.00674   -0.42080    1.81743  198.30429   0.01715  0.01726  0.39068 -0.00251 -0.03522  0.02470
2046 358884.000   34.220649843  117.143980209    32.2368   5  10   0.6710   0.9298   1.1361   0.0133   0.0082  -0.0501   0.00    0.0   -3.31142   -0.81262    0.04050   0.04413  0.04781  0.02252  0.00045 -0.00783  0.00663   -0.31313    1.81958  194.01824   0.01701  0.01723  0.38667 -0.00257 -0.03768  0.02365
2046 358885.000   34.220619540  117.143972815    32.2260   5  10   0.6708   0.9286   1.1363   0.0134   0.0078  -0.0496   0.00    0.0   -3.38328   -0.61598    0.03969   0.04433  0.04712  0.02252 -0.00063 -0.00547  0.00652   -0.49209    1.64982  191.03982   0.01688  0.01720  0.38360 -0.00262 -0.03975  0.02296
2046 358886.000   34.220589752  117.143967417    32.1862   5  10   0.6706   0.9275   1.1364   0.0134   0.0072  -0.0490   0.00    0.0   -3.38252   -0.50200    0.03340   0.04458  0.04644  0.02253 -0.00059 -0.00385  0.00635   -0.15094    1.61015  188.89046   0.01675  0.01718  0.38142 -0.00266 -0.04146  0.02245
2046 358887.000   34.220560238  117.143962836    32.2243   5  10   0.6705   0.9265   1.1366   0.0133   0.0063  -0.0485   0.00    0.0   -3.28300   -0.43685    0.01012   0.04483  0.04574  0.02253 -0.00030 -0.00269  0.00611   -0.63719    1.24837  188.53652   0.01663  0.01715  0.38009 -0.00269 -0.04283  0.02208
2046 358888.000   34.220530721  117.143958689    32.1992   5  10   0.6703   0.9254   1.1368   0.0131   0.0053  -0.0481   0.00    0.0   -3.25097   -0.41651    0.06464   0.04508  0.04535  0.02254  0.00059 -0.00222  0.00590   -0.21537    0.85619  188.15413   0.01651  0.01711  0.37934 -0.00270 -0.04393  0.02174
2046 358889.000   34.220500923  117.143954551    32.2027   5  10   0.6702   0.9245   1.1371   0.0124   0.0041  -0.0476   0.00    0.0   -3.27404   -0.33038    0.00912   0.04528  0.04513  0.02254  0.00031  0.00117  0.00572   -0.35394    1.05636  186.75209   0.01641  0.01707  0.37896 -0.00270 -0.04482  0.02151
2046 358890.000   34.220471623  117.143951138    32.1678   5  10   0.6700   0.9236   1.1373   0.0120   0.0022  -0.0472   0.00    0.0   -3.23477   -0.31942    0.04001   0.04547  0.04493  0.02254  0.00060  0.00141  0.00548   -0.27173    0.81425  186.75800   0.01631  0.01703  0.37892 -0.00269 -0.04549  0.02127
2046 358891.000   34.220442837  117.143947326    32.1842   5  10   0.6699   0.9227   1.1375   0.0116  -0.0024  -0.0469   0.00    0.0   -3.18749   -0.37937    0.06920   0.04563  0.04481  0.02255  0.00106  0.00054  0.00523   -0.43896    0.44032  188.27209   0.01623  0.01699  0.37913 -0.00265 -0.04597  0.02093
2046 358892.000   34.220414512  117.143942928    32.1835   5  10   0.6698   0.9218   1.1378   0.0106  -0.0037  -0.0465   0.00    0.0   -3.18852   -0.39617    0.03623   0.04574  0.04476  0.02255  0.00118  0.00104  0.00502   -0.39496    0.65291  188.72287   0.01616  0.01695  0.37948 -0.00260 -0.04630  0.02054
2046 358893.000   34.220386458  117.143938212    32.1778   5  10   0.6697   0.9210   1.1381   0.0097  -0.0046  -0.0462   0.00    0.0   -3.06816   -0.41684    0.03301   0.04582  0.04469  0.02255  0.00125  0.00169  0.00470   -0.37456    0.48551  189.27048   0.01610  0.01690  0.37996 -0.00253 -0.04642  0.02010
2046 358894.000   34.220360084  117.143934369    32.1745   5  10   0.6695   0.9203   1.1383   0.0087  -0.0054  -0.0460   0.00    0.0   -2.96061   -0.38311    0.01966   0.04586  0.04470  0.02255  0.00108  0.00221  0.00439   -0.81464    0.18701  188.82785   0.01606  0.01685  0.38048 -0.00245 -0.04637  0.01969
2046 358895.000   34.220332226  117.143930566    32.1730   5  10   0.6694   0.9196   1.1386   0.0066  -0.0058  -0.0457   0.00    0.0   -3.02807   -0.25376   -0.02529   0.04586  0.04471  0.02255 -0.00041  0.00228  0.00427   -1.39783    0.31768  186.75475   0.01603  0.01682  0.38102 -0.00239 -0.04626  0.01944
2046 358896.000   34.220305093  117.143929024    32.1444   5  10   0.6693   0.9189   1.1389   0.0013  -0.0062  -0.0455   0.00    0.0   -2.93400    0.06040    0.02273   0.04591  0.04477  0.02256 -0.00173  0.00126  0.00399   -0.39324    0.18266  181.42034   0.01602  0.01678  0.38148 -0.00237 -0.04596  0.01958
2046 358897.000   34.220278529  117.143931800    32.1732   5  10   0.6692   0.9182   1.1392  -0.0063  -0.0067  -0.0453   0.00    0.0   -2.85538    0.50559   -0.04104   0.04605  0.04483  0.02256 -0.00265 -0.00302  0.00376   -1.52116   -0.07356  172.60813   0.01602  0.01674  0.38175 -0.00240 -0.04549  0.02022
2046 358898.000   34.220253434  117.143942951    32.0316   5  10   0.6691   0.9176   1.1395  -0.0059  -0.0079  -0.0452   0.00    0.0   -2.68874    0.82507    0.06423   0.04617  0.04498  0.02256 -0.00312 -0.00474  0.00345   -0.92743   -1.27043  163.06639   0.01603  0.01670  0.38177 -0.00245 -0.04484  0.02102
2046 358899.000   34.220229977  117.143953784    31.9712   5  10   0.6690   0.9171   1.1398  -0.0066  -0.0089  -0.0451   0.00    0.0   -2.58136    1.23794   -0.04499   0.04637  0.04505  0.02256 -0.00368 -0.00636  0.00323   -1.24263   -0.47524  157.31563   0.01606  0.01666  0.38144 -0.00252 -0.04401  0.02213
2046 358900.000   34.220206015  117.143966842    31.9392   5  10   0.6690   0.9165   1.1401  -0.0068  -0.0098  -0.0450   0.00    0.0   -2.71712    1.38199   -0.06973   0.04631  0.04491  0.02256 -0.00382 -0.00611  0.00326   -1.44591   -0.32410  155.59480   0.01609  0.01663  0.38116 -0.00259 -0.04323  0.02318
2046 358901.000   34.220181340  117.143981226    31.8695   5  11   0.6633   0.9151   1.1322  -0.0061  -0.0106  -0.0450   0.00    0.0   -2.82285    1.34439   -0.00868   0.04607  0.04467  0.02250 -0.00374 -0.00538  0.00321   -1.10645   -0.69667  156.66495   0.01613  0.01661  0.38105 -0.00262 -0.04251  0.02397
2046 358902.000   34.220156354  117.143994951    31.8798   5  11   0.6581   0.9137   1.1247  -0.0058  -0.0111  -0.0450   0.00    0.0   -2.83465    1.29167   -0.04254   0.04584  0.04451  0.02245 -0.00367 -0.00493  0.00304   -1.20284   -0.72692  158.24573   0.01618  0.01661  0.38104 -0.00263 -0.04177  0.02454
2046 358903.000   34.220130759  117.144007424    31.7734   5  10   0.6589   0.9134   1.1254  -0.0053  -0.0118  -0.0450   0.00    0.0   -2.72907    1.09414    0.02161   0.04559  0.04460  0.02246 -0.00345 -0.00406  0.00268   -1.21381   -0.42627  160.61632   0.01623  0.01661  0.38105 -0.00260 -0.04094  0.02478
2046 358904.000   34.220105963  117.144017045    31.7184   5  10   0.6596   0.9130   1.1260  -0.0063  -0.0123  -0.0450   0.00    0.0   -2.71995    1.02929    0.04774   0.04545  0.04457  0.02246 -0.00338 -0.00343  0.00244   -0.52398   -1.06160  161.56575   0.01629  0.01662  0.38108 -0.00255 -0.04003  0.02488
2046 358905.000   34.220080891  117.144030179    31.6734   5  10   0.6603   0.9126   1.1267  -0.0075  -0.0127  -0.0450   0.00    0.0   -2.77523    1.31096    0.00766   0.04542  0.04444  0.02246 -0.00367 -0.00446  0.00236   -0.04553   -1.55408  157.67582   0.01635  0.01664  0.38107 -0.00252 -0.03910  0.02518
2046 358906.000   34.220055677  117.144043707    31.6631   5  10   0.6609   0.9123   1.1274  -0.0081  -0.0132  -0.0450   0.00    0.0   -2.90131    1.25679    0.01509   0.04525  0.04424  0.02247 -0.00359 -0.00351  0.00231   -0.08987   -1.62621  158.52114   0.01642  0.01667  0.38120 -0.00248 -0.03822  0.02536
2046 358907.000   34.220029342  117.144055724    31.6602   5  10   0.6615   0.9120   1.1280  -0.0083  -0.0136  -0.0451   0.00    0.0   -3.00514    0.99723    0.03326   0.04508  0.04407  0.02247 -0.00326  0.00074  0.00222   -0.03042   -1.37614  163.74828   0.01649  0.01671  0.38144 -0.00241 -0.03741  0.02522
2046 358908.000   34.220001875  117.144064362    31.7584   5  10   0.6621   0.9117   1.1287  -0.0086  -0.0139  -0.0451   0.00    0.0   -3.05387    0.72078    0.03191   0.04498  0.04394  0.02247 -0.00288  0.00333  0.00203    0.36217   -1.42509  169.04905   0.01656  0.01675  0.38169 -0.00231 -0.03660  0.02477
2046 358909.000   34.219974309  117.144069196    31.7987   5  10   0.6626   0.9114   1.1294  -0.0088  -0.0141  -0.0452   0.00    0.0   -3.10174    0.30720    0.06159   0.04502  0.04380  0.02248 -0.00224  0.00495  0.00188    0.31679   -1.45353  176.27515   0.01663  0.01681  0.38182 -0.00217 -0.03577  0.02391
2046 358910.000   34.219946464  117.144070794    31.8489   5  10   0.6632   0.9111   1.1300  -0.0089  -0.0141  -0.0452   0.00    0.0   -3.03965   -0.13594    0.10484   0.04520  0.04373  0.02248 -0.00121  0.00644  0.00152    0.70158   -0.87793  182.98758   0.01670  0.01686  0.38164 -0.00198 -0.03484  0.02257
2046 358911.000   34.219918100  117.144067576    31.9354   5  10   0.6636   0.9109   1.1306  -0.0091  -0.0139  -0.0453   0.00    0.0   -3.04709   -0.31566    0.05807   0.04516  0.04358  0.02248 -0.00022  0.00671  0.00135    0.91206   -0.82494  188.10944   0.01678  0.01692  0.38137 -0.00179 -0.03387  0.02103
2046 358912.000   34.219889903  117.144062745    32.0863   5  10   0.6641   0.9106   1.1313  -0.0096  -0.0136  -0.0454   0.00    0.0   -3.10972   -0.44669    0.09811   0.04508  0.04340  0.02248  0.00107  0.00664  0.00136    1.10819   -0.45129  191.02876   0.01686  0.01699  0.38111 -0.00158 -0.03287  0.01932
2046 358913.000   34.219863199  117.144055887    32.0955   5  10   0.6645   0.9104   1.1319  -0.0098  -0.0133  -0.0455   0.00    0.0   -2.92659   -0.66045    0.10320   0.04508  0.04342  0.02249  0.00170  0.00755  0.00048    1.31349    0.37203  193.85367   0.01694  0.01705  0.38061 -0.00134 -0.03168  0.01727
2046 358914.000   34.219835550  117.144046999    32.2454   5   9   0.6801   0.9223   1.1408  -0.0104  -0.0133  -0.0462   0.00    0.0   -3.12349   -0.75820    0.11814   0.04508  0.04346  0.02255  0.00193  0.00674  0.00126    1.24840    0.26350  195.61384   0.01703  0.01713  0.38027 -0.00109 -0.03061  0.01498
2046 358915.000   34.219806969  117.144038126    32.3567   5   7   0.6955   0.9341   1.1496  -0.0106  -0.0132  -0.0468   0.00    0.0   -3.07861   -0.91303    0.11198   0.04515  0.04368  0.02260  0.00224  0.00701  0.00106    0.61501    0.22613  197.17552   0.01711  0.01720  0.37986 -0.00081 -0.02944  0.01221
2046 358916.000   34.219777991  117.144028540    32.5185   5   7   0.7108   0.9458   1.1585  -0.0106  -0.0131  -0.0475   0.00    0.0   -3.13255   -1.04972    0.09272   0.04518  0.04379  0.02266  0.00246  0.00682  0.00124    0.78095   -0.12478  199.54152   0.01720  0.01727  0.37947 -0.00043 -0.02831  0.00858
2046 358917.000   34.219749726  117.144015328    32.8148   5   7   0.7259   0.9574   1.1674  -0.0103  -0.0127  -0.0481   0.00    0.0   -2.97530   -1.17199    0.06962   0.04516  0.04404  0.02271  0.00262  0.00731  0.00064    0.43969    0.00820  202.91084   0.01728  0.01734  0.37900  0.00046 -0.02698  0.00048
2046 358918.000   34.219724004  117.144001651    32.6156   5   7   0.7408   0.9689   1.1762  -0.0102  -0.0123  -0.0488   0.00    0.0   -2.99881   -1.40454    0.07922   0.04528  0.04410  0.02277  0.00293  0.00730  0.00103    0.19631    0.35033  206.42251   0.01736  0.01741  0.37847  0.00074 -0.02565 -0.00882
2046 358919.000   34.219696222  117.143984633    32.8186   5   7   0.7554   0.9803   1.1851  -0.0095  -0.0119  -0.0494   0.00    0.0   -2.79223   -1.76618    0.07609   0.04556  0.04436  0.02282  0.00337  0.00849 -0.00032    0.12998    0.53325  212.05190   0.01745  0.01747  0.37759  0.00092 -0.02400 -0.01283
2046 358920.000   34.219671467  117.143965241    32.7679   5   7   0.7699   0.9915   1.1939  -0.0086  -0.0112  -0.0501   0.00    0.0   -2.54103   -2.03511    0.05143   0.04570  0.04464  0.02287  0.00368  0.00942 -0.00120    0.04312    0.58530  218.22789   0.01753  0.01752  0.37644  0.00102 -0.02198 -0.01593
2046 358921.000   34.219649803  117.143942809    32.5234   5   7   0.7841   1.0027   1.2027  -0.0074  -0.0103  -0.0508   0.00    0.0   -2.29579   -2.24177    0.04205   0.04573  0.04489  0.02291  0.00390  0.00998 -0.00161   -0.41030    0.53672  224.29335   0.01760  0.01757  0.37512  0.00104 -0.01956 -0.01849
2046 358922.000   34.219629246  117.143917630    32.6791   5   7   0.7980   1.0137   1.2115  -0.0056  -0.0092  -0.0515   0.00    0.0   -2.09198   -2.44079    0.00806   0.04573  0.04508  0.02296  0.00409  0.01028 -0.00185   -0.39296    0.37681  229.87951   0.01768  0.01761  0.37372  0.00099 -0.01665 -0.02066
2046 358923.000   34.219613322  117.143889304    32.6993   5   7   0.8118   1.0246   1.2202   0.0021  -0.0080  -0.0522   0.00    0.0   -1.51941   -2.77897    0.00655   0.04594  0.04577  0.02301  0.00446  0.01197 -0.00261   -0.11073    0.31891  241.10790   0.01774  0.01765  0.37166  0.00082 -0.01225 -0.02260
2046 358924.000   34.219601612  117.143858451    33.0581   5   7   0.8253   1.0354   1.2290   0.0075  -0.0063  -0.0529   0.00    0.0   -0.68069   -2.94046    0.06121   0.04588  0.04703  0.02305  0.00472  0.01351 -0.00355   -0.38089   -0.09099  255.94364   0.01779  0.01768  0.36871  0.00026  0.00306 -0.02410
2046 358925.000   34.219598311  117.143826734    33.2876   5   6   0.8386   1.0461   1.2377   0.0102  -0.0040  -0.0536   0.00    0.0    0.10195   -2.94180   -0.01149   0.04559  0.04819  0.02310  0.00486  0.01381 -0.00424   -0.48478    0.17450  271.34024   0.01782  0.01770  0.36510 -0.00090  0.01373 -0.02511
2046 358926.000   34.219601440  117.143796966    33.2597   5   6   0.8518   1.0567   1.2464   0.0125   0.0008  -0.0544   0.00    0.0    0.79545   -2.99637    0.04389   0.04549  0.04911  0.02314  0.00506  0.01387 -0.00477   -0.35263    0.18488  284.32306   0.01782  0.01771  0.36096 -0.00136  0.01945 -0.02580
2046 358927.000   34.219610067  117.143765297    33.2631   5   6   0.8647   1.0671   1.2551   0.0138   0.0046  -0.0553   0.00    0.0    1.48220   -2.75238    0.09491   0.04515  0.04996  0.02318  0.00500  0.01221 -0.00530   -0.64026    0.13135  297.09109   0.01780  0.01772  0.35659 -0.00172  0.02394 -0.02594
2046 358928.000   34.219625848  117.143739365    33.1290   5   6   0.8775   1.0775   1.2637   0.0146   0.0061  -0.0561   0.00    0.0    2.08019   -2.38055   -0.03089   0.04492  0.05041  0.02322  0.00484  0.00933 -0.00574   -0.58093   -0.07875  311.03089   0.01774  0.01773  0.35223 -0.00199  0.02763 -0.02557
2046 358929.000   34.219645003  117.143717678    33.1348   5   7   0.8901   1.0878   1.2723   0.0146   0.0067  -0.0570   0.00    0.0    2.48920   -1.86312    0.03345   0.04492  0.05037  0.02325  0.00448  0.00269 -0.00606   -0.67606   -0.10699  323.46856   0.01766  0.01773  0.34821 -0.00216  0.03067 -0.02465
2046 358930.000   34.219667485  117.143701401    33.0963   5   8   0.9025   1.0980   1.2808   0.0139   0.0071  -0.0578   0.00    0.0    2.87899   -1.22062    0.02025   0.04521  0.05026  0.02328  0.00394 -0.00870 -0.00637   -0.55946    0.03398  336.35704   0.01755  0.01772  0.34437 -0.00222  0.03319 -0.02309
2046 358931.000   34.219694228  117.143690641    33.2349   5   8   0.9148   1.1081   1.2894   0.0125   0.0069  -0.0586   0.00    0.0    3.29866   -0.64943    0.00135   0.04567  0.05019  0.02332  0.00338 -0.01169 -0.00668   -0.63265    0.11569  348.48722   0.01742  0.01770  0.34052 -0.00217  0.03534 -0.02095
2046 358932.000   34.219723942  117.143685523    33.1052   5   8   0.9268   1.1181   1.2979   0.0091   0.0066  -0.0594   0.00    0.0    3.35920    0.08599    0.02456   0.04643  0.04933  0.02334  0.00224 -0.01368 -0.00676   -0.79776    0.00213    0.20792   0.01727  0.01767  0.33711 -0.00197  0.03700 -0.01802
2046 358933.000   34.219754586  117.143688784    33.0480   5   8   0.9388   1.1280   1.3063   0.0055   0.0053  -0.0601   0.00    0.0    3.42475    0.53724    0.01702   0.04688  0.04864  0.02337  0.00097 -0.01376 -0.00677   -0.83899    0.04347    9.89046   0.01713  0.01763  0.33417 -0.00164  0.03832 -0.01442
2046 358934.000   34.219783906  117.143696677    32.9926   5   9   0.9333   1.1159   1.3078  -0.0043   0.0027  -0.0597   0.00    0.0    3.22450    0.96915    0.02104   0.04711  0.04745  0.02334 -0.00184 -0.01292 -0.00658   -0.95896    0.32518   17.24273   0.01699  0.01756  0.33191 -0.00110  0.03923 -0.00958
2046 358935.000   34.219809884  117.143707644    33.4641   5   9   0.9282   1.1046   1.3091  -0.0066  -0.0034  -0.0593   0.00    0.0    3.15067    1.20391    0.02166   0.04708  0.04679  0.02331 -0.00238 -0.01178 -0.00646   -1.28172    0.14011   23.10228   0.01685  0.01748  0.33014  0.00057  0.03994  0.00414
2046 358936.000   34.219830682  117.143719910    35.2302   5   9   0.9234   1.0939   1.3105  -0.0074  -0.0051  -0.0588   0.00    0.0    2.87166    1.54694    0.05716   0.04722  0.04614  0.02329 -0.00302 -0.01044 -0.00624   -1.19655    0.28294   29.44945   0.01673  0.01740  0.32874  0.00140  0.04035  0.01111
2046 358937.000   34.219854257  117.143737332    35.7124   5   9   0.9189   1.0839   1.3118  -0.0072  -0.0060  -0.0584   0.00    0.0    2.71343    1.72957    0.03210   0.04710  0.04575  0.02326 -0.00327 -0.00880 -0.00602   -1.13914    0.61386   33.76376   0.01662  0.01730  0.32772  0.00187  0.04058  0.01484
2046 358938.000   34.219878708  117.143757638    35.7541   5   9   0.9147   1.0745   1.3131  -0.0065  -0.0065  -0.0580   0.00    0.0    2.46945    2.01570    0.06255   0.04712  0.04546  0.02324 -0.00364 -0.00679 -0.00573   -1.90993    0.07265   39.57488   0.01652  0.01720  0.32691  0.00222  0.04057  0.01767
2046 358939.000   34.219901942  117.143780086    35.7073   5   9   0.9107   1.0656   1.3144  -0.0049  -0.0066  -0.0576   0.00    0.0    2.48619    2.14523    0.06902   0.04693  0.04539  0.02321 -0.00372 -0.00567 -0.00562   -1.74751   -0.11536   42.14878   0.01643  0.01710  0.32631  0.00249  0.04051  0.01986
2046 358940.000   34.219924326  117.143803964    35.6530   5   9   0.9069   1.0573   1.3156   0.0012  -0.0067  -0.0572   0.00    0.0    2.48064    2.09801    0.05902   0.04655  0.04534  0.02319 -0.00358 -0.00431 -0.00547   -1.59080    0.46896   42.41871   0.01635  0.01700  0.32604  0.00268  0.04040  0.02145
2046 358941.000   34.219946421  117.143827468    35.5952   5  10   0.8824   1.0488   1.3112   0.0050  -0.0062  -0.0569   0.00    0.0    2.42494    2.11487    0.06028   0.04633  0.04509  0.02313 -0.00350 -0.00283 -0.00529   -1.54068    0.06659   43.34024   0.01629  0.01691  0.32597  0.00282  0.04021  0.02267
2046 358942.000   34.219967886  117.143850427    35.5047   5   9   0.8664   1.0422   1.3086   0.0059  -0.0049  -0.0566   0.00    0.0    2.35506    2.13595    0.04899   0.04616  0.04500  0.02308 -0.00343 -0.00050 -0.00511   -1.46624    0.11405   43.98088   0.01623  0.01682  0.32604  0.00291  0.03994  0.02360
2046 358943.000   34.219988686  117.143873558    35.5318   5   9   0.8519   1.0361   1.3061   0.0062  -0.0022  -0.0564   0.00    0.0    2.28039    2.11427    0.05237   0.04599  0.04496  0.02303 -0.00330  0.00209 -0.00492   -1.89242   -0.08342   44.54611   0.01618  0.01674  0.32623  0.00297  0.03959  0.02426
2046 358944.000   34.220010004  117.143896400    35.4763   5   9   0.8388   1.0302   1.3037   0.0062   0.0040  -0.0562   0.00    0.0    2.34432    2.02417    0.07665   0.04583  0.04493  0.02299 -0.00304  0.00161 -0.00485   -1.75087    0.40348   42.41899   0.01614  0.01667  0.32653  0.00298  0.03924  0.02464
2046 358945.000   34.220032742  117.143917614    35.3231   5   9   0.8269   1.0246   1.3013   0.0059   0.0061  -0.0561   0.00    0.0    2.46620    1.84078    0.06198   0.04569  0.04490  0.02295 -0.00262 -0.00099 -0.00484   -2.08945    0.93722   38.47747   0.01610  0.01661  0.32695  0.00297  0.03891  0.02475
2046 358946.000   34.220056741  117.143936777    35.1424   5   9   0.8160   1.0193   1.2990   0.0051   0.0078  -0.0559   0.00    0.0    2.57321    1.72852    0.07194   0.04564  0.04489  0.02292 -0.00237 -0.00178 -0.00481   -2.17295    1.59202   35.66396   0.01608  0.01657  0.32739  0.00293  0.03856  0.02470
2046 358947.000   34.220081296  117.143955678    34.9488   5   9   0.8060   1.0143   1.2967   0.0044   0.0091  -0.0558   0.00    0.0    2.73293    1.44213    0.03782   0.04563  0.04486  0.02288 -0.00165 -0.00248 -0.00483   -1.93960    2.37832   30.27690   0.01606  0.01653  0.32784  0.00286  0.03824  0.02431
2046 358948.000   34.220107122  117.143969035    34.8538   5   9   0.7969   1.0096   1.2945   0.0033   0.0103  -0.0557   0.00    0.0    2.84561    0.97291    0.04657   0.04579  0.04484  0.02285  0.00123 -0.00307 -0.00482   -1.72773    1.29165   22.11579   0.01605  0.01651  0.32816  0.00273  0.03791  0.02347
2046 358949.000   34.220131255  117.143977616    34.7630   5  10   0.7844   1.0037   1.2907   0.0014   0.0113  -0.0556   0.00    0.0    2.74704    0.44673    0.13449   0.04611  0.04482  0.02281  0.00252 -0.00447 -0.00462   -0.69360    1.12690   13.93119   0.01604  0.01649  0.32818  0.00254  0.03741  0.02207
2046 358950.000   34.220155424  117.143981497    34.7170   5  10   0.7731   0.9981   1.2870  -0.0034   0.0123  -0.0555   0.00    0.0    2.42351    0.02335    0.06601   0.04639  0.04489  0.02277  0.00320 -0.00668 -0.00415   -0.28013    1.54564    4.33652   0.01604  0.01646  0.32782  0.00229  0.03662  0.02024
2046 358951.000   34.220176896  117.143978665    34.6847   5  10   0.7628   0.9929   1.2834  -0.0050   0.0132  -0.0554   0.00    0.0    2.12731   -0.63932    0.08389   0.04698  0.04500  0.02273  0.00401 -0.00897 -0.00371   -0.13369    1.33528  347.62953   0.01604  0.01643  0.32678  0.00195  0.03558  0.01769
2046 358952.000   34.220193912  117.143970025    34.6446   5  10   0.7536   0.9879   1.2799  -0.0062   0.0142  -0.0552   0.00    0.0    1.86243   -1.07262    0.08914   0.04723  0.04506  0.02270  0.00445 -0.01043 -0.00322    0.45237    0.72889  333.29079   0.01606  0.01640  0.32528  0.00156  0.03433  0.01450
2046 358953.000   34.220212074  117.143956738    34.6068   5  10   0.7452   0.9832   1.2765  -0.0077   0.0151  -0.0551   0.00    0.0    1.93526   -1.45659    0.08548   0.04733  0.04480  0.02267  0.00478 -0.01050 -0.00310    0.27323    0.95078  324.86435   0.01608  0.01638  0.32361  0.00109  0.03311  0.01027
2046 358954.000   34.220228105  117.143939418    34.5882   5  11   0.7301   0.9777   1.2619  -0.0093   0.0156  -0.0549   0.00    0.0    1.71644   -1.75500    0.08973   0.04724  0.04469  0.02257  0.00499 -0.01131 -0.00255    0.23082    0.39320  316.31780   0.01611  0.01635  0.32175  0.00034  0.03176  0.00168
2046 358955.000   34.220242772  117.143919868    34.5008   5  11   0.7166   0.9725   1.2480  -0.0109   0.0162  -0.0547   0.00    0.0    1.43598   -1.97053    0.08166   0.04698  0.04466  0.02247  0.00512 -0.01204 -0.00172   -0.06980    1.07215  307.44592   0.01614  0.01633  0.31976 -0.00088  0.03025 -0.00976
2046 358956.000   34.220253896  117.143896476    34.0896   5  11   0.7047   0.9675   1.2349  -0.0127   0.0168  -0.0545   0.00    0.0    1.00190   -2.18805    0.06742   0.04666  0.04484  0.02239  0.00523 -0.01299  0.00128   -0.27481    0.99637  295.44510   0.01618  0.01630  0.31753 -0.00120  0.02850 -0.01367
2046 358957.000   34.220260854  117.143873075    34.0380   5  11   0.6942   0.9629   1.2224  -0.0146   0.0174  -0.0543   0.00    0.0    0.73773   -2.19881    0.05968   0.04607  0.04478  0.02231  0.00515 -0.01277  0.00219   -0.27611    1.39003  288.34162   0.01621  0.01628  0.31547 -0.00136  0.02663 -0.01632
2046 358958.000   34.220265682  117.143849943    33.9818   5  10   0.6910   0.9596   1.2206  -0.0168   0.0183  -0.0541   0.00    0.0    0.51399   -2.19498    0.08442   0.04554  0.04477  0.02231  0.00507 -0.01234  0.00273   -0.16629    1.25271  283.10056   0.01625  0.01626  0.31358 -0.00142  0.02465 -0.01829
2046 358959.000   34.220269479  117.143826307    33.9599   5  10   0.6883   0.9564   1.2188  -0.0183   0.0189  -0.0539   0.00    0.0    0.40585   -2.39419    0.06410   0.04533  0.04459  0.02230  0.00514 -0.01213  0.00298    0.12817    1.46096  279.19921   0.01629  0.01625  0.31177 -0.00144  0.02259 -0.01997
2046 358960.000   34.220271912  117.143799467    33.9891   5  10   0.6858   0.9534   1.2172  -0.0200   0.0195  -0.0536   0.00    0.0    0.26162   -2.63984    0.09794   0.04522  0.04447  0.02230  0.00524 -0.01210  0.00322    0.40940    1.36653  275.41427   0.01632  0.01624  0.30998 -0.00141  0.02036 -0.02148
2046 358961.000   34.220272644  117.143771217    34.0358   5  10   0.6837   0.9506   1.2155  -0.0217   0.0201  -0.0534   0.00    0.0    0.10043   -2.68598    0.09395   0.04487  0.04437  0.02230  0.00518 -0.01154  0.00347    0.31058    1.00451  272.26764   0.01636  0.01623  0.30837 -0.00132  0.01793 -0.02271
2046 358962.000   34.220272738  117.143742018    34.0751   5  10   0.6818   0.9479   1.2139  -0.0231   0.0207  -0.0531   0.00    0.0    0.02256   -2.87018    0.08770   0.04474  0.04418  0.02230  0.00522 -0.01118  0.00357    0.19579    0.67015  270.58548   0.01639  0.01623  0.30690 -0.00119  0.01525 -0.02383
2046 358963.000   34.220271680  117.143710919    34.3288   5  10   0.6801   0.9454   1.2123  -0.0245   0.0212  -0.0529   0.00    0.0    0.10443   -2.99114    0.09167   0.04457  0.04379  0.02229  0.00519 -0.01026  0.00346    0.01613    0.51843  271.90715   0.01643  0.01623  0.30575 -0.00102  0.01237 -0.02484
2046 358964.000   34.220272602  117.143679789    34.4097   5  10   0.6787   0.9430   1.2108  -0.0258   0.0216  -0.0526   0.00    0.0    0.25217   -2.97108    0.08911   0.04431  0.04343  0.02229  0.00504 -0.00892  0.00329    0.10935    0.88363  275.02970   0.01646  0.01624  0.30498 -0.00080  0.00917 -0.02567
2046 358965.000   34.220274767  117.143648299    34.4222   5  10   0.6773   0.9408   1.2093  -0.0268   0.0221  -0.0523   0.00    0.0    0.36442   -2.95404    0.07916   0.04411  0.04318  0.02229  0.00489 -0.00775  0.00313    0.19547    1.23588  277.70735   0.01650  0.01626  0.30451 -0.00048  0.00491 -0.02634
2046 358966.000   34.220278665  117.143617726    34.4003   5  10   0.6762   0.9387   1.2079  -0.0273   0.0224  -0.0521   0.00    0.0    0.46827   -2.97656    0.06763   0.04400  0.04299  0.02229  0.00478 -0.00682  0.00296    0.54340    1.27181  280.30219   0.01654  0.01628  0.30425  0.00039 -0.00535 -0.02690
2046 358967.000   34.220283842  117.143584423    34.4414   5  10   0.6751   0.9366   1.2065  -0.0276   0.0227  -0.0518   0.00    0.0    0.61517   -3.25818    0.08549   0.04410  0.04282  0.02229  0.00488 -0.00642  0.00268    0.37013    1.09868  281.94339   0.01658  0.01630  0.30405  0.00072 -0.00860 -0.02751
2046 358968.000   34.220290156  117.143549044    34.3845   5  10   0.6742   0.9347   1.2051  -0.0279   0.0231  -0.0516   0.00    0.0    0.72870   -3.33704    0.09028   0.04403  0.04271  0.02229  0.00480 -0.00562  0.00245    0.01765    1.08356  283.32644   0.01662  0.01633  0.30399  0.00093 -0.01063 -0.02807
2046 358969.000   34.220296775  117.143513043    34.3407   5  10   0.6734   0.9329   1.2038  -0.0281   0.0234  -0.0514   0.00    0.0    0.72461   -3.38821    0.10087   0.04396  0.04268  0.02229  0.00472 -0.00515  0.00239    0.16599    0.78656  283.86702   0.01666  0.01636  0.30401  0.00110 -0.01222 -0.02854
2046 358970.000   34.220304009  117.143476970    34.3804   5  10   0.6726   0.9312   1.2025  -0.0282   0.0237  -0.0512   0.00    0.0    0.79261   -3.38680    0.08085   0.04387  0.04261  0.02229  0.00458 -0.00441  0.00221    0.03402    0.96627  284.25334   0.01670  0.01640  0.30415  0.00123 -0.01347 -0.02892
2046 358971.000   34.220311109  117.143440664    34.3810   5   9   0.6811   0.9300   1.2056  -0.0284   0.0243  -0.0510   0.00    0.0    0.74490   -3.40479    0.07974   0.04381  0.04278  0.02232  0.00448 -0.00407  0.00222    0.13274    0.93793  284.13233   0.01674  0.01644  0.30435  0.00134 -0.01453 -0.02921
2046 358972.000   34.220317742  117.143404339    34.4151   5   9   0.6894   0.9289   1.2087  -0.0286   0.0249  -0.0508   0.00    0.0    0.77731   -3.38770    0.08882   0.04375  0.04288  0.02235  0.00434 -0.00346  0.00208    0.25123    1.06763  284.17406   0.01678  0.01649  0.30463  0.00144 -0.01541 -0.02940
2046 358973.000   34.220325450  117.143367858    34.4991   5  10   0.6875   0.9274   1.2073  -0.0281   0.0250  -0.0506   0.00    0.0    0.83804   -3.51102    0.07718   0.04375  0.04276  0.02235  0.00431 -0.00316  0.00186    0.24162    1.09951  284.77301   0.01682  0.01652  0.30492  0.00152 -0.01616 -0.02959
2046 358974.000   34.220333693  117.143330149    34.6065   5  10   0.6858   0.9260   1.2059  -0.0277   0.0251  -0.0505   0.00    0.0    0.86572   -3.55545    0.04993   0.04372  0.04266  0.02234  0.00421 -0.00281  0.00171    0.06003    1.33045  285.14076   0.01687  0.01656  0.30525  0.00159 -0.01679 -0.02973
2046 358975.000   34.220341931  117.143291931    34.6583   5  10   0.6843   0.9247   1.2046  -0.0273   0.0252  -0.0503   0.00    0.0    0.96887   -3.57031    0.09427   0.04369  0.04257  0.02234  0.00409 -0.00227  0.00132   -0.03633    1.51491  286.35408   0.01691  0.01660  0.30562  0.00163 -0.01724 -0.02981
2046 358976.000   34.220351217  117.143252905    34.5902   5   9   0.6925   0.9239   1.2077  -0.0270   0.0257  -0.0502   0.00    0.0    0.87939   -3.61263    0.08954   0.04367  0.04272  0.02237  0.00401 -0.00228  0.00149   -0.03653    1.75407  284.93562   0.01695  0.01665  0.30601  0.00167 -0.01766 -0.02984
2046 358977.000   34.220358681  117.143214032    34.6605   5   9   0.7003   0.9230   1.2108  -0.0268   0.0262  -0.0500   0.00    0.0    0.66322   -3.55801    0.06371   0.04364  0.04286  0.02240  0.00386 -0.00216  0.00192    0.19848    1.61162  282.13376   0.01698  0.01670  0.30639  0.00172 -0.01821 -0.02976
2046 358978.000   34.220363768  117.143177008    34.6412   5   9   0.7079   0.9223   1.2138  -0.0267   0.0266  -0.0499   0.00    0.0    0.47949   -3.28921    0.07078   0.04364  0.04299  0.02242  0.00346  0.00060  0.00223    0.29532    1.31220  279.58647   0.01701  0.01675  0.30675  0.00176 -0.01883 -0.02944
2046 358979.000   34.220366851  117.143142559    34.7327   5   9   0.7152   0.9216   1.2167  -0.0264   0.0269  -0.0497   0.00    0.0    0.43757   -3.13728    0.07162   0.04367  0.04305  0.02245  0.00315  0.00182  0.00222    0.06633    1.02749  279.66926   0.01704  0.01680  0.30709  0.00178 -0.01939 -0.02899
2046 358980.000   34.220370803  117.143109152    34.8006   5   9   0.7222   0.9209   1.2197  -0.0256   0.0270  -0.0495   0.00    0.0    0.52689   -3.25247    0.08323   0.04365  0.04306  0.02247  0.00316  0.00104  0.00193    0.19202    0.64595  280.98664   0.01707  0.01685  0.30747  0.00180 -0.01983 -0.02859
2046 358981.000   34.220375870  117.143074470    34.7422   5   9   0.7289   0.9202   1.2226  -0.0251   0.0272  -0.0494   0.00    0.0    0.57689   -3.11157    0.09392   0.04370  0.04308  0.02249  0.00284  0.00127  0.00176    0.14914    0.81790  281.98790   0.01709  0.01690  0.30784  0.00180 -0.02017 -0.02806
2046 358982.000   34.220381514  117.143041523    34.7981   5   9   0.7352   0.9196   1.2254  -0.0245   0.0273  -0.0492   0.00    0.0    0.58882   -3.03135    0.04763   0.04371  0.04309  0.02252  0.00260  0.00124  0.00166    0.10426    0.83133  282.75936   0.01712  0.01695  0.30819  0.00178 -0.02045 -0.02745
2046 358983.000   34.220387453  117.143008576    34.8046   5   9   0.7413   0.9190   1.2282  -0.0237   0.0273  -0.0491   0.00    0.0    0.60898   -3.06679    0.09175   0.04370  0.04311  0.02254  0.00253  0.00071  0.00153    0.09610    0.53794  283.31353   0.01715  0.01700  0.30855  0.00176 -0.02068 -0.02684
2046 358984.000   34.220393431  117.142977208    34.9235   5   9   0.7471   0.9185   1.2310  -0.0229   0.0274  -0.0490   0.00    0.0    0.61659   -2.90650    0.07998   0.04375  0.04310  0.02256  0.00214  0.00057  0.00146    0.02611    0.68460  283.64520   0.01718  0.01705  0.30887  0.00173 -0.02087 -0.02610
2046 358985.000   34.220399179  117.142946345    35.0138   5   9   0.7526   0.9179   1.2337  -0.0220   0.0273  -0.0489   0.00    0.0    0.57581   -2.88861    0.08497   0.04375  0.04310  0.02257  0.00200  0.00070  0.00150    0.09858    0.75832  282.89921   0.01720  0.01710  0.30919  0.00169 -0.02105 -0.02533
2046 358986.000   34.220404160  117.142914282    34.9334   5   9   0.7578   0.9174   1.2364  -0.0210   0.0273  -0.0488   0.00    0.0    0.55807   -2.90622    0.09635   0.04373  0.04310  0.02259  0.00191 -0.00014  0.00146    0.07838    0.67863  282.42658   0.01723  0.01714  0.30951  0.00165 -0.02121 -0.02454
2046 358987.000   34.220409381  117.142882857    34.9543   5   9   0.7628   0.9170   1.2390  -0.0200   0.0272  -0.0487   0.00    0.0    0.57973   -2.95069    0.06220   0.04369  0.04308  0.02261  0.00190 -0.00110  0.00131    0.09783    0.61293  282.90332   0.01726  0.01719  0.30985  0.00160 -0.02133 -0.02376
2046 358988.000   34.220415355  117.142851016    35.0015   5   9   0.7675   0.9165   1.2416  -0.0189   0.0270  -0.0487   0.00    0.0    0.68635   -3.10284    0.06857   0.04361  0.04308  0.02262  0.00212 -0.00181  0.00077    0.08974    0.60591  284.19983   0.01729  0.01724  0.31023  0.00156 -0.02134 -0.02310
2046 358989.000   34.220421899  117.142817461    34.9629   5   9   0.7720   0.9161   1.2442  -0.0182   0.0270  -0.0486   0.00    0.0    0.72083   -3.03378    0.07249   0.04362  0.04307  0.02264  0.00189 -0.00208  0.00043    0.23209    0.59614  284.98449   0.01732  0.01728  0.31059  0.00151 -0.02131 -0.02236
2046 358990.000   34.220428183  117.142785082    34.9640   5   9   0.7762   0.9157   1.2467  -0.0174   0.0269  -0.0486   0.00    0.0    0.72184   -2.96681    0.08313   0.04363  0.04306  0.02265  0.00165 -0.00221  0.00024    0.04150    0.71977  285.18974   0.01736  0.01733  0.31093  0.00145 -0.02126 -0.02153
2046 358991.000   34.220435010  117.142751528    34.9149   5   9   0.7803   0.9153   1.2492  -0.0163   0.0267  -0.0485   0.00    0.0    0.74477   -3.16639    0.05942   0.04355  0.04304  0.02267  0.00202 -0.00208 -0.00055    0.16087    0.60367  285.23254   0.01739  0.01737  0.31132  0.00140 -0.02119 -0.02086
2046 358992.000   34.220442550  117.142716677    34.8658   5   9   0.7841   0.9149   1.2516  -0.0155   0.0266  -0.0485   0.00    0.0    0.84848   -3.20502    0.08280   0.04353  0.04306  0.02268  0.00203 -0.00231 -0.00111    0.14182    0.84910  286.04365   0.01742  0.01741  0.31171  0.00134 -0.02102 -0.02021
2046 358993.000   34.220450952  117.142682347    34.9752   5   9   0.7877   0.9146   1.2540  -0.0147   0.0264  -0.0485   0.00    0.0    0.86203   -3.22515    0.05303   0.04351  0.04304  0.02269  0.00203 -0.00226 -0.00114    0.14024    0.86612  286.87939   0.01745  0.01745  0.31210  0.00129 -0.02084 -0.01955
2046 358994.000   34.220459078  117.142647531    35.0359   5   9   0.7911   0.9143   1.2564  -0.0138   0.0263  -0.0485   0.00    0.0    0.81038   -3.23079    0.08745   0.04350  0.04303  0.02270  0.00200 -0.00211 -0.00092    0.12162    1.07387  285.53096   0.01749  0.01749  0.31250  0.00124 -0.02069 -0.01887
2046 358995.000   34.220466026  117.142612203    35.0567   5   9   0.7943   0.9139   1.2587  -0.0131   0.0261  -0.0485   0.00    0.0    0.75947   -3.24002    0.07224   0.04349  0.04301  0.02272  0.00197 -0.00196 -0.00066    0.04150    1.11491  284.65166   0.01752  0.01753  0.31290  0.00119 -0.02057 -0.01816
2046 358996.000   34.220472545  117.142576996    35.0601   5   9   0.7973   0.9136   1.2610  -0.0124   0.0260  -0.0485   0.00    0.0    0.76849   -3.25462    0.07246   0.04348  0.04301  0.02273  0.00196 -0.00196 -0.00075    0.07602    0.92703  284.89781   0.01755  0.01756  0.31331  0.00113 -0.02042 -0.01745
2046 358997.000   34.220480256  117.142541832    35.0572   5   9   0.8002   0.9134   1.2633  -0.0118   0.0258  -0.0485   0.00    0.0    0.80218   -3.20995    0.07997   0.04348  0.04301  0.02274  0.00183 -0.00209 -0.00087   -0.03095    1.18964  285.20692   0.01757  0.01759  0.31370  0.00108 -0.02025 -0.01667
2046 358998.000   34.220485753  117.142506191    35.6572   5   9   0.8029   0.9131   1.2655  -0.0110   0.0256  -0.0485   0.00    0.0    0.72806   -3.24115    0.08782   0.04347  0.04300  0.02274  0.00185 -0.00187 -0.00051    0.03486    1.06461  284.85830   0.01760  0.01763  0.31411  0.00102 -0.02012 -0.01589
2046 358999.000   34.220492622  117.142470367    35.5875   5   9   0.8055   0.9128   1.2677  -0.0099   0.0254  -0.0485   0.00    0.0    0.71341   -3.38772    0.08314   0.04344  0.04300  0.02275  0.00213 -0.00156 -0.00032    0.06092    1.15298  283.63046   0.01763  0.01766  0.31454  0.00098 -0.01999 -0.01525
2046 359000.000   34.220499868  117.142433336    35.5605   5   9   0.8079   0.9126   1.2698  -0.0097   0.0252  -0.0486   0.00    0.0    0.76301   -3.35510    0.09525   0.04345  0.04302  0.02276  0.00204 -0.00169 -0.00067    0.22520    1.05599  284.70312   0.01765  0.01768  0.31496  0.00093 -0.01982 -0.01453
2046 359001.000   34.220507142  117.142398976    35.5804   5   9   0.8102   0.9123   1.2719  -0.0096   0.0251  -0.0486   0.00    0.0    0.80523   -3.09439    0.08700   0.04350  0.04303  0.02277  0.00137 -0.00225 -0.00084    0.09463    1.40797  285.79697   0.01768  0.01771  0.31534  0.00086 -0.01959 -0.01342
2046 359002.000   34.220514635  117.142364860    35.5933   5  10   0.7970   0.9117   1.2688  -0.0083   0.0242  -0.0486   0.00    0.0    0.80613   -3.24798    0.06175   0.04345  0.04278  0.02274  0.00176 -0.00189 -0.00080   -0.03162    1.55991  285.69115   0.01770  0.01773  0.31575  0.00080 -0.01938 -0.01249
2046 359003.000   34.220521995  117.142329887    35.5719   5  10   0.7851   0.9112   1.2658  -0.0079   0.0235  -0.0486   0.00    0.0    0.82254   -3.18414    0.06570   0.04346  0.04260  0.02272  0.00157 -0.00202 -0.00083   -0.05884    1.64509  285.87428   0.01772  0.01775  0.31615  0.00073 -0.01912 -0.01141
2046 359004.000   34.220529350  117.142296384    35.5735   5  10   0.7744   0.9106   1.2629  -0.0074   0.0228  -0.0486   0.00    0.0    0.78598   -3.09100    0.09393   0.04348  0.04246  0.02269  0.00129 -0.00204 -0.00050   -0.09184    1.73178  285.58165   0.01774  0.01777  0.31655  0.00066 -0.01890 -0.01007
2046 359005.000   34.220536943  117.142263452    35.5663   5  10   0.7646   0.9101   1.2601  -0.0069   0.0221  -0.0486   0.00    0.0    0.76536   -3.07386    0.08911   0.04347  0.04236  0.02267  0.00123 -0.00193  0.00023    0.16884    1.55530  285.99161   0.01776  0.01779  0.31696  0.00057 -0.01871 -0.00855
2046 359006.000   34.220544390  117.142230851    35.5616   5  10   0.7558   0.9096   1.2573  -0.0063   0.0214  -0.0486   0.00    0.0    0.86490   -3.11677    0.07234   0.04345  0.04231  0.02265  0.00139 -0.00198 -0.00085   -0.00755    1.36450  286.70226   0.01778  0.01780  0.31736  0.00049 -0.01843 -0.00693
2046 359007.000   34.220553052  117.142195001    35.5714   5  10   0.7477   0.9091   1.2546  -0.0057   0.0208  -0.0487   0.00    0.0    0.92138   -3.40022    0.06705   0.04342  0.04228  0.02263  0.00208 -0.00101 -0.00103    0.02327    1.12859  287.03246   0.01779  0.01782  0.31778  0.00045 -0.01811 -0.00594
2046 359008.000   34.220562024  117.142158444    35.5714   5  10   0.7404   0.9087   1.2520  -0.0057   0.0202  -0.0487   0.00    0.0    0.92675   -3.38826    0.08008   0.04343  0.04226  0.02261  0.00205 -0.00101 -0.00099    0.04844    0.78069  286.57834   0.01781  0.01783  0.31820  0.00041 -0.01782 -0.00474
2046 359009.000   34.220570278  117.142121553    35.5539   5  11   0.7261   0.9074   1.2387  -0.0057   0.0194  -0.0488   0.00    0.0    0.74148   -3.36082    0.08675   0.04342  0.04210  0.02253  0.00196 -0.00102  0.00086    0.17316    0.59989  284.35735   0.01782  0.01784  0.31865  0.00036 -0.01776 -0.00294
2046 359010.000   34.220577338  117.142086898    35.7112   5  10   0.7206   0.9070   1.2365  -0.0060   0.0190  -0.0488   0.00    0.0    0.56530   -3.15044   -0.02331   0.04342  0.04210  0.02252  0.00142 -0.00088  0.00153    0.09312    0.95397  282.39595   0.01783  0.01785  0.31909  0.00026 -0.01787  0.00364
2046 359011.000   34.220583018  117.142050880    35.7451   5  10   0.7156   0.9066   1.2344  -0.0060   0.0185  -0.0488   0.00    0.0    0.55492   -3.39327    0.06480   0.04343  0.04215  0.02251  0.00203 -0.00088  0.00157    0.16446    1.12810  280.66124   0.01784  0.01786  0.31954  0.00018 -0.01795  0.00497
2046 359012.000   34.220588059  117.142013527    35.7152   5  10   0.7110   0.9063   1.2324  -0.0062   0.0181  -0.0488   0.00    0.0    0.53788   -3.49321    0.09849   0.04345  0.04219  0.02250  0.00223 -0.00086  0.00162    0.08301    1.45238  279.34261   0.01785  0.01787  0.31999  0.00011 -0.01799  0.00567
2046 359013.000   34.220592952  117.141975276    35.7141   5  10   0.7068   0.9060   1.2304  -0.0066   0.0177  -0.0488   0.00    0.0    0.57522   -3.48343    0.11103   0.04345  0.04222  0.02249  0.00220 -0.00073  0.00153    0.10235    1.53558  280.28082   0.01786  0.01787  0.32044 -0.00011 -0.01795  0.00634
2046 359014.000   34.220597975  117.141937974    35.7121   5  10   0.7030   0.9057   1.2284  -0.0071   0.0174  -0.0489   0.00    0.0    0.61238   -3.32554    0.03063   0.04343  0.04223  0.02248  0.00183 -0.00087  0.00141   -0.19577    1.73048  280.91227   0.01787  0.01787  0.32090 -0.00024 -0.01786  0.00739
2046 359015.000   34.220602835  117.141902054    35.7028   5  10   0.6996   0.9054   1.2265  -0.0071   0.0170  -0.0489   0.00    0.0    0.57310   -3.39863    0.08857   0.04345  0.04227  0.02247  0.00199 -0.00072  0.00152    0.02795    1.40443  280.51827   0.01787  0.01787  0.32135 -0.00030 -0.01780  0.00807
2046 359016.000   34.220608137  117.141864667    35.7322   5  10   0.6965   0.9051   1.2247  -0.0073   0.0167  -0.0489   0.00    0.0    0.68385   -3.48195    0.08642   0.04346  0.04230  0.02247  0.00216  0.00039  0.00115    0.01895    1.25677  281.70348   0.01788  0.01786  0.32180 -0.00033 -0.01762  0.00848
2046 359017.000   34.220614551  117.141826276    35.7649   5  10   0.6936   0.9048   1.2229  -0.0075   0.0165  -0.0489   0.00    0.0    0.72262   -3.49657    0.08542   0.04346  0.04232  0.02246  0.00217  0.00064  0.00099   -0.03744    0.96680  282.43340   0.01788  0.01786  0.32224 -0.00036 -0.01742  0.00883
2046 359018.000   34.220620878  117.141788013    35.7262   5  10   0.6910   0.9045   1.2212  -0.0075   0.0162  -0.0489   0.00    0.0    0.57460   -3.49243    0.05111   0.04346  0.04231  0.02246  0.00213 -0.00045  0.00152   -0.44575    0.94231  280.98330   0.01788  0.01785  0.32269 -0.00038 -0.01739  0.00917
2046 359019.000   34.220625683  117.141749787    35.6753   5  10   0.6887   0.9043   1.2195  -0.0076   0.0160  -0.0489   0.00    0.0    0.50598   -3.50815    0.05995   0.04346  0.04232  0.02245  0.00213 -0.00063  0.00169   -0.31892    0.85023  278.93304   0.01788  0.01785  0.32314 -0.00041 -0.01743  0.00944
2046 359020.000   34.220629660  117.141711295    35.6713   5  10   0.6866   0.9041   1.2178  -0.0077   0.0158  -0.0490   0.00    0.0    0.23489   -3.52386    0.04484   0.04346  0.04234  0.02245  0.00213 -0.00126  0.00228   -0.24353    0.94250  274.75105   0.01788  0.01784  0.32358 -0.00044 -0.01775  0.00970
2046 359021.000   34.220630106  117.141672806    35.6329   5  10   0.6846   0.9038   1.2162  -0.0078   0.0156  -0.0489   0.00    0.0   -0.05182   -3.53049    0.07333   0.04346  0.04240  0.02245  0.00211 -0.00166  0.00274   -0.01526    0.48503  270.11677   0.01788  0.01784  0.32398 -0.00048 -0.01833  0.00994
2046 359022.000   34.220627577  117.141634010    35.6392   5  10   0.6829   0.9036   1.2147  -0.0080   0.0154  -0.0489   0.00    0.0   -0.36651   -3.46627    0.09167   0.04346  0.04250  0.02244  0.00195 -0.00154  0.00315    0.30174    0.21713  264.40604   0.01788  0.01783  0.32431 -0.00054 -0.01917  0.01036
2046 359023.000   34.220621858  117.141595796    35.5963   5  10   0.6814   0.9034   1.2131  -0.0083   0.0153  -0.0489   0.00    0.0   -0.85699   -3.37071    0.06903   0.04345  0.04274  0.02244  0.00169 -0.00045  0.00372    0.36125    0.41311  256.89151   0.01787  0.01783  0.32448 -0.00062 -0.02033  0.01098
2046 359024.000   34.220611614  117.141559891    35.6748   5  10   0.6800   0.9032   1.2117  -0.0087   0.0151  -0.0488   0.00    0.0   -1.29941   -3.19873    0.10165   0.04346  0.04300  0.02244  0.00121  0.00254  0.00414    0.38864    0.24426  248.90350   0.01785  0.01782  0.32446 -0.00074 -0.02168  0.01188
2046 359025.000   34.220596981  117.141525286    35.7200   5  11   0.6727   0.9021   1.2005  -0.0092   0.0147  -0.0486   0.00    0.0   -1.68149   -2.92540    0.08962   0.04351  0.04310  0.02238 -0.00089  0.00442  0.00444    0.21782    0.38599  241.27441   0.01784  0.01780  0.32425 -0.00088 -0.02308  0.01311
2046 359026.000   34.220578396  117.141494778    35.7643   5  11   0.6662   0.9011   1.1898  -0.0097   0.0141  -0.0485   0.00    0.0   -2.19261   -2.61125    0.08054   0.04360  0.04339  0.02232 -0.00177  0.00616  0.00484    0.56480   -0.51868  232.07027   0.01781  0.01779  0.32373 -0.00107 -0.02459  0.01463
2046 359027.000   34.220558504  117.141468274    35.7796   5  11   0.6603   0.9002   1.1796  -0.0103   0.0134  -0.0482   0.00    0.0   -2.24368   -2.35643    0.09562   0.04371  0.04314  0.02227 -0.00220  0.00662  0.00480    0.28776    0.21823  227.34600   0.01778  0.01777  0.32327 -0.00126 -0.02584  0.01622
2046 359028.000   34.220537477  117.141442726    35.7912   5  10   0.6606   0.9001   1.1790  -0.0105   0.0127  -0.0480   0.00    0.0   -2.51728   -2.35925    0.09896   0.04370  0.04329  0.02228 -0.00209  0.00637  0.00496    0.30185    0.44786  224.55541   0.01775  0.01776  0.32279 -0.00144 -0.02704  0.01754
2046 359029.000   34.220513868  117.141418050    35.8276   5  10   0.6609   0.9001   1.1784  -0.0107   0.0120  -0.0478   0.00    0.0   -2.68977   -2.34244    0.14826   0.04372  0.04332  0.02229 -0.00199  0.00596  0.00501    0.17488    0.78091  221.56049   0.01771  0.01774  0.32238 -0.00160 -0.02815  0.01867
2046 359030.000   34.220488873  117.141393463    35.8023   5  10   0.6613   0.9000   1.1778  -0.0108   0.0112  -0.0475   0.00    0.0   -2.84252   -2.23208    0.11245   0.04377  0.04330  0.02230 -0.00210  0.00594  0.00504    0.23331    0.66570  219.39460   0.01768  0.01772  0.32201 -0.00176 -0.02915  0.01975
2046 359031.000   34.220463400  117.141370053    35.7955   5  10   0.6616   0.8999   1.1772  -0.0110   0.0103  -0.0473   0.00    0.0   -2.85516   -2.12370    0.09897   0.04382  0.04313  0.02231 -0.00220  0.00564  0.00495    0.35307    0.65466  217.71752   0.01764  0.01770  0.32178 -0.00191 -0.02997  0.02079
2046 359032.000   34.220437558  117.141348000    35.8374   5  10   0.6620   0.8999   1.1766  -0.0109   0.0093  -0.0470   0.00    0.0   -2.85801   -2.08251    0.09709   0.04385  0.04299  0.02231 -0.00216  0.00503  0.00484    0.34739    0.16772  217.01957   0.01761  0.01767  0.32171 -0.00205 -0.03064  0.02174
2046 359033.000   34.220411857  117.141326018    35.9429   5  10   0.6623   0.8998   1.1761  -0.0106   0.0080  -0.0468   0.00    0.0   -2.90728   -2.08108    0.05585   0.04384  0.04291  0.02232 -0.00204  0.00438  0.00475    0.28501    0.23580  217.11622   0.01757  0.01765  0.32174 -0.00217 -0.03122  0.02258
2046 359034.000   34.220385613  117.141303450    35.9941   5  10   0.6627   0.8998   1.1756  -0.0104   0.0067  -0.0466   0.00    0.0   -2.91954   -2.12648    0.08342   0.04384  0.04282  0.02233 -0.00182  0.00350  0.00463    0.41049    0.17862  217.12614   0.01754  0.01762  0.32189 -0.00227 -0.03169  0.02326
2046 359035.000   34.220359209  117.141280424    36.0662   5  11   0.6575   0.8989   1.1661  -0.0102   0.0051  -0.0464   0.00    0.0   -2.92166   -2.08945    0.10763   0.04386  0.04263  0.02227 -0.00180  0.00298  0.00449    0.29709    0.12364  217.35119   0.01751  0.01759  0.32212 -0.00235 -0.03205  0.02390
2046 359036.000   34.220332936  117.141257702    36.1685   5  11   0.6527   0.8980   1.1571  -0.0100   0.0028  -0.0462   0.00    0.0   -2.86763   -2.11825    0.07242   0.04385  0.04243  0.02223 -0.00163  0.00206  0.00429    0.25044    0.25589  217.66178   0.01749  0.01755  0.32244 -0.00241 -0.03228  0.02441
2046 359037.000   34.220306247  117.141234517    36.2682   5  10   0.6538   0.8980   1.1571  -0.0101  -0.0030  -0.0460   0.00    0.0   -2.86980   -2.09911    0.06828   0.04386  0.04242  0.02224 -0.00158  0.00146  0.00414    0.22727   -0.23332  217.76313   0.01746  0.01753  0.32281 -0.00247 -0.03241  0.02487
2046 359038.000   34.220280697  117.141211049    36.3250   5  10   0.6548   0.8981   1.1570  -0.0102  -0.0050  -0.0459   0.00    0.0   -2.94312   -2.13365    0.07185   0.04386  0.04244  0.02225 -0.00136  0.00063  0.00407    0.39274    0.11577  218.12814   0.01744  0.01751  0.32320 -0.00251 -0.03251  0.02524
2046 359039.000   34.220255810  117.141187294    36.3196   5  10   0.6558   0.8981   1.1570  -0.0105  -0.0062  -0.0457   0.00    0.0   -2.72973   -2.15659    0.11585   0.04386  0.04241  0.02226 -0.00124 -0.00127  0.00369    0.42173    0.34462  219.41869   0.01742  0.01748  0.32365 -0.00252 -0.03241  0.02552
2046 359040.000   34.220230843  117.141164182    36.4020   5  10   0.6567   0.8981   1.1570  -0.0104  -0.0073  -0.0456   0.00    0.0   -2.83203   -2.19314    0.08463   0.04385  0.04241  0.02228 -0.00093 -0.00140  0.00366    0.35533    0.00819  219.44534   0.01741  0.01746  0.32409 -0.00253 -0.03230  0.02572
2046 359041.000   34.220205082  117.141139174    36.5065   5  10   0.6576   0.8981   1.1570  -0.0107  -0.0079  -0.0455   0.00    0.0   -2.81347   -2.26162    0.07603   0.04384  0.04240  0.02229 -0.00033 -0.00142  0.00348    0.53469    0.38777  220.22818   0.01739  0.01743  0.32454 -0.00252 -0.03214  0.02583
2046 359042.000   34.220179421  117.141114554    36.6538   5   9   0.6732   0.9102   1.1656  -0.0113  -0.0087  -0.0459   0.00    0.0   -2.79864   -2.24168    0.10371   0.04396  0.04272  0.02235 -0.00031 -0.00128  0.00332    0.46543    0.36512  219.88401   0.01739  0.01743  0.32499 -0.00251 -0.03187  0.02591
2046 359043.000   34.220154330  117.141090627    36.6206   5   9   0.6886   0.9221   1.1742  -0.0119  -0.0093  -0.0464   0.00    0.0   -2.83466   -2.21152    0.11634   0.04407  0.04300  0.02242 -0.00033 -0.00119  0.00324    0.30612    0.37737  219.74951   0.01738  0.01742  0.32544 -0.00249 -0.03157  0.02597
2046 359044.000   34.220129445  117.141066979    36.6313   5  10   0.6871   0.9210   1.1739  -0.0121  -0.0094  -0.0463   0.00    0.0   -2.67364   -2.13378    0.09916   0.04399  0.04288  0.02242 -0.00085 -0.00103  0.00287    0.31138    0.53188  219.62861   0.01738  0.01739  0.32585 -0.00245 -0.03114  0.02604
2046 359045.000   34.220105846  117.141044440    36.6252   5  10   0.6857   0.9199   1.1735  -0.0120  -0.0096  -0.0462   0.00    0.0   -2.69214   -2.14276    0.09854   0.04393  0.04275  0.02242 -0.00063 -0.00065  0.00277    0.30666    0.46274  219.93224   0.01738  0.01737  0.32627 -0.00240 -0.03068  0.02607
2046 359046.000   34.220081118  117.141020452    36.7401   5  10   0.6844   0.9188   1.1731  -0.0118  -0.0098  -0.0462   0.00    0.0   -2.68172   -2.28013    0.09865   0.04389  0.04265  0.02243  0.00096  0.00142  0.00259    0.19158    0.69067  221.28992   0.01738  0.01735  0.32665 -0.00234 -0.03019  0.02595
2046 359047.000   34.220056865  117.140996090    36.8323   5  10   0.6832   0.9178   1.1728  -0.0121  -0.0098  -0.0461   0.00    0.0   -2.57907   -2.21961    0.08667   0.04381  0.04258  0.02243  0.00067  0.00161  0.00228    0.08700    0.55348  221.97672   0.01738  0.01734  0.32701 -0.00227 -0.02959  0.02585
2046 359048.000   34.220033940  117.140971793    36.8883   5  10   0.6821   0.9169   1.1725  -0.0120  -0.0100  -0.0461   0.00    0.0   -2.63289   -2.29732    0.07171   0.04377  0.04247  0.02243  0.00112  0.00198  0.00225    0.43106    0.56957  222.46669   0.01739  0.01733  0.32736 -0.00220 -0.02900  0.02568
2046 359049.000   34.220010013  117.140945559    36.8962   5  10   0.6810   0.9159   1.1722  -0.0121  -0.0100  -0.0461   0.00    0.0   -2.57400   -2.41162    0.06866   0.04375  0.04241  0.02243  0.00149  0.00266  0.00198    0.32970    0.60504  224.12366   0.01740  0.01733  0.32767 -0.00212 -0.02834  0.02540
2046 359050.000   34.219987202  117.140920103    36.9509   5  10   0.6800   0.9151   1.1719  -0.0127  -0.0098  -0.0461   0.00    0.0   -2.47456   -2.10778    0.05270   0.04363  0.04238  0.02243 -0.00064  0.00143  0.00167    0.29827    0.88255  222.20931   0.01741  0.01732  0.32798 -0.00205 -0.02756  0.02536
2046 359051.000   34.219964993  117.140898557    37.0569   5  10   0.6791   0.9142   1.1716  -0.0130  -0.0098  -0.0461   0.00    0.0   -2.45626   -1.92202    0.09342   0.04359  0.04233  0.02244 -0.00135 -0.00111  0.00153    0.22479    0.68270  219.51445   0.01743  0.01732  0.32830 -0.00198 -0.02672  0.02543
2046 359052.000   34.219943398  117.140878482    37.1116   5  10   0.6782   0.9134   1.1713  -0.0130  -0.0100  -0.0461   0.00    0.0   -2.42017   -1.85772    0.06417   0.04355  0.04229  0.02244 -0.00148 -0.00130  0.00132    0.28131    0.66828  218.56054   0.01745  0.01732  0.32861 -0.00191 -0.02582  0.02551
2046 359053.000   34.219921270  117.140858229    37.0994   5  10   0.6774   0.9126   1.1711  -0.0131  -0.0102  -0.0461   0.00    0.0   -2.40324   -1.80661    0.08261   0.04352  0.04226  0.02244 -0.00157 -0.00139  0.00112    0.31579    0.78888  217.78161   0.01747  0.01733  0.32892 -0.00183 -0.02486  0.02559
2046 359054.000   34.219898612  117.140838368    37.2362   5  10   0.6767   0.9119   1.1708  -0.0132  -0.0103  -0.0462   0.00    0.0   -2.48419   -1.68704    0.05888   0.04350  0.04217  0.02244 -0.00181 -0.00191  0.00129    0.30575    0.71813  215.79953   0.01749  0.01733  0.32926 -0.00176 -0.02394  0.02575
2046 359055.000   34.219876514  117.140820500    37.2811   5   9   0.6920   0.9238   1.1795  -0.0137  -0.0108  -0.0468   0.00    0.0   -2.54305   -1.69769    0.07249   0.04362  0.04246  0.02250 -0.00169 -0.00147  0.00138    0.33177    0.53524  215.14522   0.01752  0.01735  0.32963 -0.00170 -0.02303  0.02585
2046 359056.000   34.219853118  117.140800993    37.2682   5  10   0.6904   0.9229   1.1739  -0.0135  -0.0109  -0.0469   0.00    0.0   -2.60386   -1.88406    0.06961   0.04360  0.04234  0.02246 -0.00103  0.00126  0.00143    0.25386    0.48552  216.44116   0.01753  0.01736  0.33000 -0.00162 -0.02218  0.02577
2046 359057.000   34.219829028  117.140780669    37.4036   5  11   0.6823   0.9207   1.1647  -0.0134  -0.0106  -0.0469   0.00    0.0   -2.67713   -1.95840    0.05329   0.04356  0.04209  0.02240 -0.00047  0.00156  0.00154    0.46308    0.51608  217.21370   0.01755  0.01736  0.33038 -0.00153 -0.02138  0.02562
2046 359058.000   34.219803890  117.140758908    37.4992   5  11   0.6751   0.9187   1.1559  -0.0133  -0.0104  -0.0470   0.00    0.0   -2.76579   -2.09744    0.12096   0.04357  0.04191  0.02235  0.00105  0.00183  0.00168    0.39808    0.45539  217.88531   0.01757  0.01737  0.33076 -0.00145 -0.02065  0.02535
2046 359059.000   34.219777812  117.140735600    37.6362   5  10   0.6745   0.9176   1.1560  -0.0134  -0.0102  -0.0470   0.00    0.0   -2.90652   -2.10363    0.07361   0.04353  0.04186  0.02235  0.00111  0.00122  0.00194    0.33745    0.50857  217.31548   0.01758  0.01739  0.33115 -0.00138 -0.02004  0.02507
2046 359060.000   34.219751550  117.140712519    37.6990   5  10   0.6739   0.9166   1.1561  -0.0135  -0.0101  -0.0470   0.00    0.0   -2.92261   -2.21927    0.09584   0.04356  0.04186  0.02236  0.00151  0.00147  0.00192    0.23650    0.53703  217.79927   0.01760  0.01741  0.33151 -0.00130 -0.01942  0.02469
2046 359061.000   34.219725900  117.140688588    37.7358   5  10   0.6734   0.9156   1.1563  -0.0136  -0.0099  -0.0470   0.00    0.0   -2.84425   -2.30397    0.09580   0.04357  0.04187  0.02237  0.00174  0.00207  0.00169    0.32522    0.48556  220.02556   0.01761  0.01743  0.33184 -0.00121 -0.01869  0.02423
2046 359062.000   34.219700908  117.140662958    37.7444   5  10   0.6729   0.9147   1.1564  -0.0137  -0.0096  -0.0470   0.00    0.0   -2.76501   -2.35798    0.07879   0.04356  0.04188  0.02237  0.00185  0.00246  0.00143    0.36406    0.67556  221.55502   0.01763  0.01745  0.33214 -0.00112 -0.01786  0.02373
2046 359063.000   34.219676077  117.140637042    37.7669   5  10   0.6724   0.9138   1.1565  -0.0138  -0.0092  -0.0471   0.00    0.0   -2.71148   -2.40634    0.06073   0.04355  0.04189  0.02238  0.00194  0.00269  0.00122    0.30251    0.70454  222.23538   0.01765  0.01747  0.33243 -0.00102 -0.01694  0.02320
2046 359064.000   34.219651070  117.140611331    37.8768   5  10   0.6720   0.9129   1.1567  -0.0138  -0.0088  -0.0471   0.00    0.0   -2.77374   -2.36976    0.09210   0.04352  0.04188  0.02238  0.00186  0.00222  0.00139    0.39015    0.64411  221.46420   0.01766  0.01748  0.33276 -0.00092 -0.01605  0.02271
2046 359065.000   34.219625753  117.140585833    37.9406   5  10   0.6716   0.9121   1.1568  -0.0138  -0.0085  -0.0471   0.00    0.0   -2.82713   -2.36562    0.11151   0.04350  0.04187  0.02239  0.00183  0.00184  0.00153    0.35991    0.69457  220.88284   0.01768  0.01750  0.33310 -0.00084 -0.01520  0.02223
2046 359066.000   34.219599542  117.140560084    38.0324   5  11   0.6654   0.9104   1.1484  -0.0137  -0.0079  -0.0472   0.00    0.0   -2.86469   -2.39704    0.08728   0.04348  0.04174  0.02233  0.00188  0.00159  0.00160    0.14265    0.77932  220.79023   0.01769  0.01751  0.33345 -0.00074 -0.01435  0.02173
2046 359067.000   34.219573531  117.140535320    38.2605   5  11   0.6598   0.9089   1.1404  -0.0136  -0.0074  -0.0472   0.00    0.0   -2.74523   -2.30692    0.11957   0.04343  0.04168  0.02228  0.00165  0.00190  0.00118    0.19689    0.65451  220.98718   0.01771  0.01753  0.33382 -0.00064 -0.01327  0.02132
2046 359068.000   34.219547940  117.140509996    38.2452   5  11   0.6548   0.9073   1.1327  -0.0135  -0.0069  -0.0473   0.00    0.0   -2.87388   -2.26672    0.12326   0.04340  0.04158  0.02223  0.00151  0.00094  0.00156    0.20313    0.58077  219.53336   0.01773  0.01754  0.33421 -0.00056 -0.01234  0.02097
2046 359069.000   34.219521473  117.140485167    38.2660   5  10   0.6556   0.9068   1.1334  -0.0136  -0.0065  -0.0473   0.00    0.0   -2.95200   -2.24897    0.08242   0.04339  0.04163  0.02225  0.00144 -0.00067  0.00174    0.40239    0.59357  218.56447   0.01774  0.01756  0.33463 -0.00050 -0.01149  0.02064
2046 359070.000   34.219494707  117.140460723    38.3656   5  10   0.6565   0.9063   1.1340  -0.0137  -0.0061  -0.0473   0.00    0.0   -2.94621   -2.24709    0.12115   0.04340  0.04170  0.02226  0.00142 -0.00067  0.00170    0.33721    0.67223  218.29383   0.01775  0.01758  0.33504 -0.00043 -0.01055  0.02033
2046 359071.000   34.219467429  117.140436318    38.4916   5  10   0.6572   0.9057   1.1347  -0.0138  -0.0057  -0.0474   0.00    0.0   -2.96582   -2.21341    0.10743   0.04339  0.04175  0.02227  0.00129 -0.00091  0.00172    0.28202    0.80768  217.64394   0.01777  0.01759  0.33547 -0.00037 -0.00956  0.02005
2046 359072.000   34.219440735  117.140412366    38.5477   5  10   0.6580   0.9053   1.1354  -0.0138  -0.0053  -0.0474   0.00    0.0   -3.00500   -2.22605    0.09234   0.04339  0.04178  0.02228  0.00131 -0.00116  0.00181    0.20959    1.01412  217.78990   0.01778  0.01760  0.33590 -0.00032 -0.00856  0.01975
2046 359073.000   34.219414136  117.140387644    38.5141   5  11   0.6532   0.9039   1.1280  -0.0137  -0.0048  -0.0474   0.00    0.0   -2.96705   -2.25560    0.09225   0.04339  0.04170  0.02224  0.00136 -0.00100  0.00170    0.19796    1.23275  218.03998   0.01779  0.01761  0.33632 -0.00023 -0.00733  0.01941
2046 359074.000   34.219386816  117.140363431    38.5737   5  10   0.6542   0.9035   1.1288  -0.0137  -0.0044  -0.0475   0.00    0.0   -3.01212   -2.21823    0.11424   0.04339  0.04176  0.02225  0.00119 -0.00125  0.00179    0.17958    1.25550  217.04687   0.01780  0.01762  0.33676 -0.00018 -0.00603  0.01911
2046 359075.000   34.219359835  117.140339251    38.5779   5  10   0.6552   0.9031   1.1296  -0.0138  -0.0040  -0.0475   0.00    0.0   -3.01090   -2.23217    0.09592   0.04340  0.04180  0.02226  0.00121 -0.00127  0.00178    0.20482    1.11657  217.33590   0.01781  0.01763  0.33719 -0.00012 -0.00441  0.01881
2046 359076.000   34.219333101  117.140314891    38.6001   5  11   0.6507   0.9019   1.1224  -0.0136  -0.0035  -0.0475   0.00    0.0   -3.02363   -2.26619    0.08010   0.04340  0.04171  0.02222  0.00129 -0.00136  0.00180    0.03123    0.98470  217.96297   0.01782  0.01763  0.33762  0.00007 -0.00201  0.01848
2046 359077.000   34.219306068  117.140290389    38.5974   5  10   0.6520   0.9016   1.1234  -0.0136  -0.0029  -0.0475   0.00    0.0   -2.99436   -2.27494    0.07587   0.04340  0.04176  0.02223  0.00129 -0.00125  0.00170    0.07081    1.00107  217.84806   0.01783  0.01764  0.33806  0.00010  0.00347  0.01815
2046 359078.000   34.219278825  117.140265960    38.6603   5  10   0.6532   0.9013   1.1244  -0.0137  -0.0023  -0.0476   0.00    0.0   -2.99440   -2.27874    0.10934   0.04341  0.04181  0.02225  0.00129 -0.00125  0.00168    0.17058    1.05134  217.84127   0.01783  0.01765  0.33849  0.00011  0.00528  0.01782
2046 359079.000   34.219251553  117.140241590    38.7100   5  10   0.6543   0.9010   1.1253  -0.0137  -0.0016  -0.0476   0.00    0.0   -2.97033   -2.27188    0.10410   0.04341  0.04184  0.02226  0.00125 -0.00116  0.00159    0.36319    0.81406  217.99391   0.01784  0.01766  0.33893  0.00011  0.00668  0.01753
2046 359080.000   34.219224358  117.140217281    38.7750   5  10   0.6553   0.9008   1.1263  -0.0136   0.0007  -0.0476   0.00    0.0   -2.98862   -2.24237    0.08799   0.04341  0.04187  0.02227  0.00113 -0.00123  0.00161    0.31773    0.68125  217.76479   0.01784  0.01766  0.33938  0.00009  0.00776  0.01729
2046 359081.000   34.219197686  117.140192611    38.7570   5  10   0.6565   0.9009   1.1227  -0.0136   0.0020  -0.0477   0.00    0.0   -2.99721   -2.26062    0.05889   0.04341  0.04189  0.02225  0.00117 -0.00128  0.00162   -0.00965    0.81776  217.98012   0.01785  0.01767  0.33982 -0.00004  0.00860  0.01704
2046 359082.000   34.219169974  117.140167914    38.7836   5  10   0.6576   0.9010   1.1192  -0.0135   0.0025  -0.0478   0.00    0.0   -3.03013   -2.31360    0.12044   0.04344  0.04193  0.02223  0.00134 -0.00143  0.00167    0.20494    0.64176  217.56694   0.01785  0.01767  0.34026 -0.00014  0.00928  0.01674
2046 359083.000   34.219141924  117.140143058    38.9162   5  10   0.6587   0.9012   1.1159  -0.0135   0.0031  -0.0479   0.00    0.0   -3.06377   -2.29775    0.10828   0.04344  0.04194  0.02221  0.00127 -0.00149  0.00172    0.47314    0.37235  217.44672   0.01786  0.01768  0.34070 -0.00020  0.00982  0.01649
2046 359084.000   34.219115058  117.140119303    38.8343   5  10   0.6597   0.9013   1.1127  -0.0134   0.0036  -0.0479   0.00    0.0   -3.03321   -2.32452    0.10387   0.04345  0.04195  0.02220  0.00140 -0.00145  0.00165    0.44888    0.18345  218.31543   0.01786  0.01768  0.34114 -0.00025  0.01036  0.01621
2046 359085.000   34.219087518  117.140093675    38.8779   5  10   0.6606   0.9014   1.1096  -0.0134   0.0043  -0.0480   0.00    0.0   -3.04159   -2.31250    0.07921   0.04344  0.04195  0.02218  0.00135 -0.00142  0.00164    0.23374   -0.06684  218.71166   0.01786  0.01768  0.34158 -0.00029  0.01082  0.01599
2046 359086.000   34.219060621  117.140068757    38.8334   5  10   0.6614   0.9015   1.1066  -0.0133   0.0049  -0.0481   0.00    0.0   -3.01301   -2.35339    0.06820   0.04345  0.04196  0.02217  0.00150 -0.00140  0.00155    0.12930    0.20853  219.01155   0.01787  0.01768  0.34202 -0.00033  0.01127  0.01572
2046 359087.000   34.219033060  117.140042829    38.8968   5  10   0.6622   0.9016   1.1037  -0.0132   0.0053  -0.0481   0.00    0.0   -2.96249   -2.44998    0.09713   0.04348  0.04196  0.02215  0.00176 -0.00129  0.00137    0.06443    0.32240  219.69954   0.01787  0.01769  0.34245 -0.00037  0.01179  0.01531
2046 359088.000   34.219005833  117.140016808    38.9072   5  11   0.6571   0.9005   1.0977  -0.0130   0.0058  -0.0481   0.00    0.0   -2.97684   -2.42123    0.09094   0.04346  0.04183  0.02212  0.00167 -0.00133  0.00139    0.17921    0.43302  219.49634   0.01787  0.01768  0.34289 -0.00040  0.01223  0.01496
2046 359089.000   34.218978472  117.139991448    39.0442   5  10   0.6579   0.9002   1.0993  -0.0129   0.0062  -0.0482   0.00    0.0   -3.00310   -2.42500    0.11265   0.04346  0.04186  0.02214  0.00168 -0.00143  0.00145    0.21680    0.10947  219.50382   0.01787  0.01769  0.34333 -0.00044  0.01261  0.01464
2046 359090.000   34.218951426  117.139965439    39.0658   5  10   0.6588   0.9000   1.1008  -0.0128   0.0066  -0.0482   0.00    0.0   -2.97942   -2.40369    0.09919   0.04345  0.04187  0.02216  0.00162 -0.00130  0.00136    0.21004    0.21124  219.70155   0.01787  0.01769  0.34377 -0.00047  0.01298  0.01437
2046 359091.000   34.218924528  117.139939190    39.0481   5  10   0.6595   0.8997   1.1024  -0.0127   0.0071  -0.0482   0.00    0.0   -2.98576   -2.37271    0.06348   0.04344  0.04188  0.02217  0.00152 -0.00125  0.00136    0.26926    0.00326  219.50961   0.01787  0.01769  0.34422 -0.00050  0.01330  0.01418
2046 359092.000   34.218897804  117.139912890    39.0399   5  10   0.6602   0.8995   1.1039  -0.0127   0.0074  -0.0483   0.00    0.0   -2.93899   -2.40550    0.09314   0.04345  0.04190  0.02219  0.00161 -0.00115  0.00120    0.26588    0.49570  219.47121   0.01787  0.01769  0.34468 -0.00052  0.01367  0.01396
2046 359093.000   34.218870459  117.139887395    39.0856   5  10   0.6609   0.8993   1.1053  -0.0126   0.0077  -0.0483   0.00    0.0   -2.96453   -2.38512    0.10460   0.04344  0.04191  0.02221  0.00154 -0.00118  0.00127    0.12209    0.34492  218.92996   0.01787  0.01769  0.34513 -0.00054  0.01398  0.01377
2046 359094.000   34.218842732  117.139862405    39.1913   5  10   0.6615   0.8991   1.1068  -0.0125   0.0080  -0.0483   0.00    0.0   -3.00473   -2.36530    0.08946   0.04343  0.04192  0.02222  0.00149 -0.00121  0.00137    0.29479    0.31600  218.42561   0.01787  0.01769  0.34558 -0.00057  0.01421  0.01363
2046 359095.000   34.218814709  117.139837141    39.3284   5  10   0.6621   0.8989   1.1083  -0.0124   0.0082  -0.0483   0.00    0.0   -2.94908   -2.33871    0.12032   0.04343  0.04192  0.02224  0.00141 -0.00096  0.00113    0.33376    0.20020  218.95704   0.01787  0.01769  0.34604 -0.00058  0.01452  0.01356
2046 359096.000   34.218788088  117.139811473    39.4828   5  11   0.6569   0.8979   1.1021  -0.0122   0.0083  -0.0484   0.00    0.0   -2.90230   -2.36208    0.06561   0.04342  0.04178  0.02219  0.00148 -0.00088  0.00093    0.54120    0.28870  220.05910   0.01787  0.01769  0.34650 -0.00060  0.01487  0.01349
2046 359097.000   34.218762952  117.139786656    39.4467   5  10   0.6578   0.8978   1.1037  -0.0122   0.0085  -0.0484   0.00    0.0   -2.72261   -2.29602    0.13308   0.04343  0.04182  0.02221  0.00131 -0.00022 -0.00083    0.31369    0.15262  220.51646   0.01787  0.01769  0.34697 -0.00059  0.01546  0.01357
2046 359098.000   34.218737324  117.139761265    39.4393   5  10   0.6586   0.8976   1.1052  -0.0120   0.0085  -0.0485   0.00    0.0   -2.78155   -2.38234    0.11444   0.04343  0.04184  0.02222  0.00156 -0.00057 -0.00037    0.34155    0.19770  220.57737   0.01787  0.01769  0.34744 -0.00060  0.01590  0.01350
2046 359099.000   34.218711307  117.139735684    39.5477   5  10   0.6594   0.8975   1.1067  -0.0118   0.0087  -0.0485   0.00    0.0   -2.84251   -2.41193    0.09716   0.04343  0.04186  0.02224  0.00163 -0.00089  0.00066    0.19614    0.45876  220.53808   0.01786  0.01769  0.34790 -0.00061  0.01621  0.01337
2046 359100.000   34.218685931  117.139709872    39.4912   5  10   0.6601   0.8974   1.1082  -0.0117   0.0089  -0.0485   0.00    0.0   -2.81119   -2.42094    0.09846   0.04343  0.04187  0.02225  0.00165 -0.00085  0.00050    0.22032    0.67081  220.86144   0.01786  0.01769  0.34836 -0.00062  0.01653  0.01321
2046 359101.000   34.218659889  117.139683709    39.4539   5  10   0.6608   0.8973   1.1096  -0.0116   0.0091  -0.0486   0.00    0.0   -2.81559   -2.43270    0.09619   0.04344  0.04189  0.02226  0.00166 -0.00090  0.00056    0.18877    0.61294  220.90717   0.01786  0.01769  0.34882 -0.00064  0.01681  0.01304
2046 359102.000   34.218633800  117.139657553    39.5024   5  10   0.6614   0.8971   1.1111  -0.0115   0.0094  -0.0486   0.00    0.0   -2.86651   -2.37568    0.07648   0.04342  0.04190  0.02227  0.00147 -0.00084  0.00088    0.11514    0.84113  220.15062   0.01786  0.01769  0.34928 -0.00065  0.01700  0.01298
2046 359103.000   34.218607510  117.139631569    39.5345   5  10   0.6620   0.8970   1.1125  -0.0114   0.0097  -0.0487   0.00    0.0   -2.80051   -2.28435    0.04643   0.04341  0.04189  0.02228  0.00115  0.00013  0.00040    0.18356    0.52476  219.77284   0.01786  0.01769  0.34975 -0.00065  0.01725  0.01313
2046 359104.000   34.218581969  117.139608239    39.6277   5  10   0.6625   0.8969   1.1139  -0.0113   0.0097  -0.0487   0.00    0.0   -2.72827   -2.22807    0.08218   0.04342  0.04190  0.02229  0.00096  0.00046 -0.00071    0.10410    0.17980  219.09302   0.01786  0.01769  0.35022 -0.00064  0.01757  0.01336
2046 359105.000   34.218555404  117.139584028    39.6966   5  10   0.6630   0.8968   1.1152  -0.0112   0.0097  -0.0487   0.00    0.0   -2.89412   -2.26519    0.08578   0.04342  0.04193  0.02230  0.00111  0.00019  0.00099    0.16834    0.07755  218.39201   0.01785  0.01769  0.35067 -0.00064  0.01762  0.01351
2046 359106.000   34.218528579  117.139559140    39.6350   5  10   0.6634   0.8967   1.1165  -0.0110   0.0098  -0.0488   0.00    0.0   -3.05066   -2.33954    0.14909   0.04343  0.04199  0.02231  0.00135 -0.00105  0.00156    0.31536    0.46570  218.22087   0.01785  0.01768  0.35109 -0.00066  0.01745  0.01348
2046 359107.000   34.218501000  117.139533973    39.7592   5  10   0.6638   0.8966   1.1179  -0.0109   0.0098  -0.0488   0.00    0.0   -3.03283   -2.38398    0.00045   0.04340  0.04195  0.02232  0.00149 -0.00127  0.00151    0.43436    0.38091  218.44072   0.01785  0.01768  0.35151 -0.00068  0.01732  0.01339
2046 359108.000   34.218473762  117.139508650    39.7626   5  10   0.6642   0.8965   1.1191  -0.0108   0.0100  -0.0488   0.00    0.0   -2.99944   -2.32662    0.09628   0.04341  0.04196  0.02233  0.00132 -0.00081  0.00139   -0.05826    0.31597  218.61798   0.01784  0.01768  0.35194 -0.00069  0.01722  0.01342
2046 359109.000   34.218446774  117.139483759    39.7881   5  10   0.6646   0.8964   1.1204  -0.0108   0.0100  -0.0488   0.00    0.0   -2.92584   -2.30213    0.06662   0.04340  0.04193  0.02233  0.00125 -0.00044  0.00112    0.27544    0.32871  218.06686   0.01784  0.01768  0.35239 -0.00069  0.01722  0.01350
2046 359110.000   34.218420064  117.139459566    39.8180   5  11   0.6592   0.8955   1.1138  -0.0105   0.0098  -0.0488   0.00    0.0   -2.88707   -2.35263    0.06358   0.04339  0.04179  0.02228  0.00144 -0.00081  0.00098    0.40671    0.20413  218.48558   0.01784  0.01767  0.35284 -0.00070  0.01727  0.01350
2046 359111.000   34.218393781  117.139435057    39.8772   5  11   0.6543   0.8946   1.1075  -0.0104   0.0097  -0.0488   0.00    0.0   -2.91349   -2.21520   -0.02183   0.04336  0.04168  0.02223  0.00096  0.00085  0.00107    0.59943   -1.07799  218.16645   0.01784  0.01766  0.35329 -0.00069  0.01723  0.01379
2046 359112.000   34.218365659  117.139411029    39.9970   5  11   0.6499   0.8938   1.1015  -0.0103   0.0096  -0.0488   0.00    0.0   -2.86992   -2.22405    0.04250   0.04336  0.04160  0.02218  0.00110  0.00070  0.00078    0.04816   -1.47317  218.14041   0.01784  0.01766  0.35375 -0.00068  0.01722  0.01411
2046 359113.000   34.218340232  117.139387514    39.9840   5  10   0.6514   0.8942   1.0989  -0.0103   0.0095  -0.0488   0.00    0.0   -2.73067   -2.20832    0.08155   0.04338  0.04165  0.02217  0.00115  0.00065 -0.00077    0.36078   -0.61449  219.09423   0.01784  0.01766  0.35422 -0.00066  0.01739  0.01443
2046 359114.000   34.218315495  117.139364482    39.9832   5  10   0.6528   0.8946   1.0964  -0.0101   0.0095  -0.0489   0.00    0.0   -2.81375   -2.20225    0.06171   0.04338  0.04172  0.02215  0.00119  0.00069  0.00047    1.17359   -0.77329  218.85203   0.01783  0.01766  0.35468 -0.00064  0.01744  0.01473
2046 359115.000   34.218289342  117.139340673    40.0809   5   9   0.6685   0.9067   1.1055  -0.0103   0.0098  -0.0496   0.00    0.0   -2.84015   -2.31531    0.09293   0.04353  0.04210  0.02222  0.00160 -0.00079  0.00070    0.00162   -0.44716  218.27735   0.01784  0.01768  0.35513 -0.00063  0.01746  0.01480
2046 359116.000   34.218263619  117.139316434    40.1478   5   9   0.6840   0.9187   1.1145  -0.0104   0.0101  -0.0502   0.00    0.0   -2.81828   -2.27646    0.16341   0.04366  0.04244  0.02229  0.00153 -0.00049  0.00055    0.30826   -0.41074  219.28871   0.01783  0.01769  0.35559 -0.00061  0.01747  0.01488
2046 359117.000   34.218237381  117.139291558    40.2000   5   9   0.6994   0.9305   1.1236  -0.0107   0.0107  -0.0509   0.00    0.0   -2.80745   -2.18134    0.06380   0.04375  0.04270  0.02236  0.00124  0.00078  0.00042    0.45703   -0.20493  218.66850   0.01783  0.01769  0.35605 -0.00059  0.01752  0.01515
2046 359118.000   34.218212155  117.139268008    40.2692   5   9   0.7146   0.9423   1.1326  -0.0107   0.0110  -0.0516   0.00    0.0   -2.83734   -2.27037    0.10964   0.04385  0.04297  0.02242  0.00155 -0.00061  0.00075    0.56784    0.06806  218.90002   0.01783  0.01770  0.35650 -0.00058  0.01751  0.01524
2046 359119.000   34.218185895  117.139243849    40.3551   5   9   0.7296   0.9540   1.1417  -0.0107   0.0114  -0.0523   0.00    0.0   -2.84641   -2.29935    0.10013   0.04392  0.04318  0.02249  0.00166 -0.00087  0.00084    0.60507   -0.20617  219.21801   0.01783  0.01770  0.35695 -0.00058  0.01750  0.01528
2046 359120.000   34.218160202  117.139218751    40.3935   5   9   0.7445   0.9655   1.1507  -0.0107   0.0118  -0.0530   0.00    0.0   -2.87532   -2.32870    0.07726   0.04398  0.04337  0.02255  0.00174 -0.00111  0.00104    0.40573   -0.07801  219.87900   0.01783  0.01770  0.35739 -0.00058  0.01742  0.01526
2046 359121.000   34.218134390  117.139194196    40.4323   5   9   0.7590   0.9769   1.1597  -0.0109   0.0124  -0.0536   0.00    0.0   -2.77647   -2.26366    0.11036   0.04404  0.04352  0.02260  0.00160 -0.00056  0.00051    0.39699   -0.14463  219.69677   0.01783  0.01770  0.35785 -0.00057  0.01748  0.01536
2046 359122.000   34.218107558  117.139168473    40.5216   5  10   0.7512   0.9725   1.1601  -0.0103   0.0123  -0.0534   0.00    0.0   -2.98314   -2.40296    0.06555   0.04390  0.04319  0.02259  0.00190 -0.00168  0.00146    0.42021    0.13857  219.12195   0.01782  0.01767  0.35825 -0.00061  0.01721  0.01519
2046 359123.000   34.218080211  117.139143171    40.5001   5   9   0.7657   0.9839   1.1691  -0.0102   0.0127  -0.0541   0.00    0.0   -3.04444   -2.51315    0.09730   0.04399  0.04340  0.02265  0.00214 -0.00225  0.00165    0.05057   -0.02800  219.20554   0.01782  0.01768  0.35863 -0.00064  0.01685  0.01484
2046 359124.000   34.218053964  117.139117753    40.4526   5   9   0.7799   0.9951   1.1781  -0.0102   0.0132  -0.0547   0.00    0.0   -2.94756   -2.41474    0.06387   0.04401  0.04350  0.02270  0.00193 -0.00159  0.00138    0.29656    0.50071  219.89651   0.01782  0.01768  0.35905 -0.00065  0.01666  0.01464
2046 359125.000   34.218026437  117.139090391    40.5903   5  10   0.7700   0.9897   1.1780  -0.0098   0.0133  -0.0545   0.00    0.0   -2.96523   -2.37386   -0.01848   0.04384  0.04310  0.02268  0.00176 -0.00129  0.00142    0.17166    0.46363  219.99795   0.01782  0.01766  0.35947 -0.00067  0.01645  0.01452
2046 359126.000   34.217998514  117.139063586    40.6768   5  10   0.7611   0.9845   1.1779  -0.0093   0.0132  -0.0543   0.00    0.0   -3.05952   -2.45581    0.08137   0.04376  0.04284  0.02267  0.00190 -0.00180  0.00167    0.38590    0.26222  219.32983   0.01782  0.01766  0.35987 -0.00069  0.01611  0.01430
2046 359127.000   34.217970846  117.139037390    40.6282   5  10   0.7530   0.9797   1.1779  -0.0089   0.0131  -0.0540   0.00    0.0   -2.98046   -2.55020    0.08872   0.04368  0.04257  0.02265  0.00209 -0.00194  0.00146    0.31152    0.11886  220.19085   0.01782  0.01765  0.36027 -0.00070  0.01591  0.01395
2046 359128.000   34.217943541  117.139010450    40.6489   5  10   0.7456   0.9752   1.1778  -0.0086   0.0130  -0.0538   0.00    0.0   -2.98694   -2.55609    0.10508   0.04360  0.04238  0.02263  0.00207 -0.00191  0.00148    0.35445    0.79371  220.65224   0.01782  0.01765  0.36068 -0.00072  0.01573  0.01356
2046 359129.000   34.217915551  117.138983530    40.7222   5  10   0.7389   0.9709   1.1777  -0.0084   0.0129  -0.0536   0.00    0.0   -3.06305   -2.47835    0.07439   0.04352  0.04225  0.02262  0.00184 -0.00166  0.00167    0.25877    0.77716  219.21225   0.01783  0.01766  0.36109 -0.00073  0.01546  0.01331
2046 359130.000   34.217887695  117.138957346    40.6769   5  10   0.7328   0.9668   1.1777  -0.0082   0.0128  -0.0534   0.00    0.0   -3.11549   -2.42865    0.06156   0.04346  0.04216  0.02260  0.00167 -0.00140  0.00179    0.30014    0.80573  218.24556   0.01783  0.01766  0.36149 -0.00073  0.01510  0.01315
2046 359131.000   34.217859207  117.138931778    40.7300   5  10   0.7272   0.9629   1.1776  -0.0080   0.0127  -0.0532   0.00    0.0   -3.14761   -2.41428    0.06269   0.04342  0.04209  0.02258  0.00159 -0.00131  0.00185    0.29037    0.81916  217.86734   0.01783  0.01767  0.36188 -0.00073  0.01472  0.01302
2046 359132.000   34.217830854  117.138906250    40.6875   5   9   0.7417   0.9743   1.1865  -0.0082   0.0129  -0.0538   0.00    0.0   -3.09103   -2.41392    0.07662   0.04355  0.04238  0.02264  0.00158 -0.00120  0.00169    0.17166    0.81900  218.36305   0.01784  0.01768  0.36230 -0.00073  0.01446  0.01289
2046 359133.000   34.217803047  117.138880011    40.6519   5   9   0.7560   0.9855   1.1954  -0.0084   0.0132  -0.0544   0.00    0.0   -3.03503   -2.39682    0.08570   0.04366  0.04264  0.02269  0.00151 -0.00094  0.00152    0.17648    0.97411  218.82989   0.01784  0.01770  0.36274 -0.00072  0.01432  0.01281
2046 359134.000   34.217775441  117.138854447    40.7799   5   9   0.7702   0.9967   1.2043  -0.0086   0.0135  -0.0550   0.00    0.0   -2.90792   -2.35459    0.06068   0.04375  0.04285  0.02274  0.00138 -0.00039  0.00104    0.38056    0.88412  219.67709   0.01784  0.01771  0.36321 -0.00070  0.01442  0.01284
2046 359135.000   34.217748099  117.138828246    40.9066   5   9   0.7843   1.0078   1.2131  -0.0087   0.0138  -0.0556   0.00    0.0   -2.93884   -2.38083    0.05503   0.04383  0.04307  0.02279  0.00142 -0.00063  0.00113    0.14945    0.88491  219.65334   0.01784  0.01771  0.36367 -0.00069  0.01447  0.01284
2046 359136.000   34.217721325  117.138803788    40.9185   5  10   0.7738   1.0015   1.2121  -0.0083   0.0135  -0.0553   0.00    0.0   -2.84606   -2.31102    0.08526   0.04373  0.04279  0.02276  0.00117  0.00043  0.00059    0.11824    0.85147  219.14158   0.01784  0.01770  0.36414 -0.00068  0.01466  0.01297
2046 359137.000   34.217694624  117.138779680    40.9946   5  10   0.7644   0.9957   1.2112  -0.0080   0.0132  -0.0550   0.00    0.0   -2.92154   -2.23622    0.08888   0.04365  0.04259  0.02274  0.00078  0.00089  0.00096    0.12276    0.57486  218.15109   0.01784  0.01770  0.36461 -0.00066  0.01471  0.01323
2046 359138.000   34.217668268  117.138755662    41.1415   5  10   0.7558   0.9901   1.2102  -0.0079   0.0130  -0.0547   0.00    0.0   -2.84677   -2.11948    0.03809   0.04358  0.04240  0.02271 -0.00067  0.00112  0.00044   -0.01598    0.77052  217.97328   0.01784  0.01770  0.36507 -0.00063  0.01489  0.01370
2046 359139.000   34.217643684  117.138732865    41.2064   5  10   0.7481   0.9849   1.2093  -0.0075   0.0126  -0.0545   0.00    0.0   -2.78651   -2.12151    0.04507   0.04353  0.04227  0.02269 -0.00066  0.00093 -0.00055    0.24282    0.58931  217.79258   0.01785  0.01770  0.36554 -0.00060  0.01515  0.01414
2046 359140.000   34.217618143  117.138709858    41.2658   5  10   0.7410   0.9800   1.2084  -0.0072   0.0122  -0.0542   0.00    0.0   -2.78681   -2.10727    0.06488   0.04349  0.04219  0.02266 -0.00074  0.00095 -0.00058    0.35074    0.58597  217.80547   0.01785  0.01770  0.36601 -0.00056  0.01539  0.01456
2046 359141.000   34.217592390  117.138686873    41.3237   5  10   0.7345   0.9753   1.2075  -0.0070   0.0118  -0.0539   0.00    0.0   -2.76833   -2.14973    0.08177   0.04345  0.04212  0.02264 -0.00037  0.00076 -0.00069    0.21762    0.57210  218.25480   0.01785  0.01770  0.36649 -0.00052  0.01564  0.01486
2046 359142.000   34.217568042  117.138663766    41.3873   5  10   0.7285   0.9708   1.2066  -0.0068   0.0114  -0.0537   0.00    0.0   -2.64330   -2.14681    0.04303   0.04342  0.04207  0.02262 -0.00031  0.00042 -0.00123    0.25606    0.59315  219.76661   0.01785  0.01771  0.36697 -0.00047  0.01606  0.01515
2046 359143.000   34.217543078  117.138639849    41.4876   5  10   0.7231   0.9666   1.2058  -0.0065   0.0110  -0.0535   0.00    0.0   -2.75297   -2.21935    0.04475   0.04341  0.04205  0.02260  0.00072  0.00036 -0.00072    0.26808    0.68151  219.41868   0.01785  0.01771  0.36745 -0.00044  0.01626  0.01528
2046 359144.000   34.217518265  117.138615852    41.5164   5  10   0.7181   0.9626   1.2050  -0.0063   0.0106  -0.0532   0.00    0.0   -2.79866   -2.27655    0.05012   0.04340  0.04204  0.02258  0.00103 -0.00062  0.00007    0.30206    0.63840  219.74558   0.01785  0.01771  0.36792 -0.00041  0.01636  0.01528
2046 359145.000   34.217493684  117.138591727    41.5527   5  10   0.7136   0.9588   1.2042  -0.0064   0.0104  -0.0530   0.00    0.0   -2.65396   -2.08092    0.05186   0.04340  0.04202  0.02256 -0.00076  0.00068 -0.00112    0.45053    0.25343  219.25886   0.01785  0.01771  0.36840 -0.00035  0.01665  0.01567
2046 359146.000   34.217470440  117.138569636    41.5910   5  10   0.7094   0.9552   1.2034  -0.0063   0.0101  -0.0528   0.00    0.0   -2.51726   -2.01263    0.07535   0.04341  0.04203  0.02255 -0.00100 -0.00037 -0.00155    0.25747    0.45801  219.14818   0.01786  0.01772  0.36888 -0.00022  0.01711  0.01613
2046 359147.000   34.217447289  117.138547834    41.6071   5  10   0.7056   0.9518   1.2026  -0.0061   0.0097  -0.0526   0.00    0.0   -2.52300   -1.98018    0.06783   0.04341  0.04203  0.02253 -0.00110  0.00027 -0.00150    0.35058    0.35082  218.63151   0.01786  0.01772  0.36935  0.00015  0.01752  0.01658
2046 359148.000   34.217424316  117.138526645    41.6893   5  10   0.7021   0.9485   1.2018  -0.0059   0.0093  -0.0525   0.00    0.0   -2.58573   -1.96335    0.06094   0.04340  0.04204  0.02252 -0.00110  0.00081 -0.00126    0.43459    0.05203  218.28094   0.01786  0.01772  0.36983  0.00029  0.01778  0.01701
2046 359149.000   34.217400413  117.138505121    41.6668   5  10   0.6989   0.9455   1.2011  -0.0057   0.0089  -0.0523   0.00    0.0   -2.71589   -2.06849    0.04535   0.04339  0.04207  0.02250 -0.00040  0.00067 -0.00057    0.23434   -0.12692  217.90310   0.01786  0.01772  0.37030  0.00033  0.01780  0.01723
2046 359150.000   34.217375558  117.138482339    41.6199   5  10   0.6960   0.9425   1.2003  -0.0055   0.0085  -0.0521   0.00    0.0   -2.75729   -2.09845    0.06294   0.04340  0.04209  0.02249  0.00047  0.00024  0.00030    0.22206   -0.27618  218.25819   0.01786  0.01771  0.37076  0.00036  0.01771  0.01739
2046 359151.000   34.217350915  117.138459397    41.6695   5  10   0.6933   0.9398   1.1996  -0.0054   0.0083  -0.0520   0.00    0.0   -2.75908   -2.13427    0.02372   0.04339  0.04210  0.02248  0.00082 -0.00070  0.00043    0.29132   -0.08019  218.65819   0.01786  0.01771  0.37121  0.00037  0.01761  0.01747
2046 359152.000   34.217326154  117.138435785    41.7606   5  10   0.6909   0.9371   1.1989  -0.0054   0.0081  -0.0518   0.00    0.0   -2.68770   -2.19827    0.04124   0.04340  0.04209  0.02246  0.00116 -0.00101 -0.00061    0.48518   -0.17071  219.91607   0.01786  0.01771  0.37168  0.00037  0.01761  0.01745
2046 359153.000   34.217301524  117.138411982    41.8538   5  10   0.6886   0.9347   1.1982  -0.0054   0.0080  -0.0517   0.00    0.0   -2.68158   -2.17441    0.04967   0.04341  0.04210  0.02245  0.00112 -0.00092 -0.00062    0.25481   -0.15907  219.94700   0.01786  0.01771  0.37215  0.00038  0.01761  0.01746
2046 359154.000   34.217277755  117.138389030    41.8623   5  10   0.6866   0.9323   1.1976  -0.0053   0.0078  -0.0516   0.00    0.0   -2.61390   -2.11666    0.05222   0.04341  0.04210  0.02244  0.00094 -0.00056 -0.00096    0.15841   -0.02247  219.38747   0.01785  0.01771  0.37262  0.00041  0.01769  0.01755
2046 359155.000   34.217252210  117.138366019    41.9119   5  10   0.6848   0.9301   1.1969  -0.0052   0.0076  -0.0515   0.00    0.0   -2.75699   -2.17683    0.03236   0.04341  0.04213  0.02243  0.00121 -0.00118  0.00057    0.17680   -0.02064  218.89249   0.01785  0.01770  0.37307  0.00040  0.01754  0.01750
2046 359156.000   34.217227979  117.138342966    41.7108   5   9   0.6997   0.9416   1.2056  -0.0053   0.0078  -0.0521   0.00    0.0   -2.78498   -2.21951    0.05961   0.04356  0.04247  0.02249  0.00141 -0.00152  0.00085    0.13558    0.35001  218.96605   0.01785  0.01771  0.37351  0.00039  0.01735  0.01734
2046 359157.000   34.217202810  117.138319564    41.7332   5   9   0.7145   0.9531   1.2144  -0.0054   0.0080  -0.0527   0.00    0.0   -2.80773   -2.22471    0.10116   0.04368  0.04277  0.02255  0.00146 -0.00161  0.00100    0.30393    0.35401  218.99619   0.01785  0.01772  0.37394  0.00036  0.01713  0.01717
2046 359158.000   34.217177093  117.138295199    41.7726   5   9   0.7292   0.9645   1.2231  -0.0056   0.0083  -0.0534   0.00    0.0   -2.83633   -2.21158    0.03230   0.04377  0.04301  0.02261  0.00142 -0.00157  0.00113    0.33089    0.45739  218.80010   0.01785  0.01772  0.37436  0.00034  0.01686  0.01702
2046 359159.000   34.217150620  117.138271297    41.8681   5   9   0.7438   0.9759   1.2318  -0.0057   0.0086  -0.0540   0.00    0.0   -2.88011   -2.19763    0.04478   0.04385  0.04323  0.02266  0.00138 -0.00155  0.00128    0.49738    0.29480  217.89679   0.01785  0.01772  0.37478  0.00030  0.01654  0.01690
2046 359160.000   34.217124035  117.138247654    41.8661   5  10   0.7373   0.9714   1.2302  -0.0054   0.0086  -0.0538   0.00    0.0   -2.94266   -2.22916    0.07980   0.04377  0.04301  0.02264  0.00147 -0.00179  0.00148   -0.07449    0.42226  217.52923   0.01785  0.01771  0.37517  0.00022  0.01611  0.01672
2046 359161.000   34.217097432  117.138223441    41.8591   5  10   0.7314   0.9671   1.2287  -0.0052   0.0086  -0.0536   0.00    0.0   -3.02862   -2.27380    0.01097   0.04369  0.04283  0.02262  0.00156 -0.00212  0.00172    0.15567    0.79815  218.06606   0.01784  0.01769  0.37554 -0.00008  0.01554  0.01640
2046 359162.000   34.217070412  117.138197119    41.9030   5   9   0.7459   0.9784   1.2374  -0.0052   0.0089  -0.0542   0.00    0.0   -3.13994   -2.42655   -0.04185   0.04380  0.04310  0.02267  0.00191 -0.00293  0.00199   -0.03276    0.93752  219.13145   0.01785  0.01770  0.37584 -0.00026  0.01479  0.01582
2046 359163.000   34.217042102  117.138170815    41.8631   5   9   0.7603   0.9896   1.2460  -0.0052   0.0093  -0.0548   0.00    0.0   -3.10911   -2.53160    0.00241   0.04392  0.04327  0.02272  0.00214 -0.00313  0.00190   -0.01819    0.71344  219.18496   0.01785  0.01771  0.37615 -0.00035  0.01408  0.01510
2046 359164.000   34.217012788  117.138143364    42.0354   5   9   0.7745   1.0007   1.2546  -0.0055   0.0098  -0.0554   0.00    0.0   -3.10426   -2.47158    0.02239   0.04395  0.04343  0.02277  0.00199 -0.00269  0.00185    0.40530    0.77194  219.22722   0.01785  0.01771  0.37650 -0.00041  0.01346  0.01451
2046 359165.000   34.216984787  117.138117613    42.0590   5   9   0.7885   1.0117   1.2632  -0.0054   0.0101  -0.0560   0.00    0.0   -3.11633   -2.48349    0.09463   0.04402  0.04358  0.02282  0.00201 -0.00264  0.00187    0.65952    0.23713  219.04740   0.01785  0.01771  0.37685 -0.00045  0.01283  0.01395
2046 359166.000   34.216956474  117.138090664    42.1363   5   9   0.8023   1.0226   1.2718  -0.0052   0.0104  -0.0566   0.00    0.0   -3.11995   -2.56668    0.04262   0.04407  0.04369  0.02286  0.00219 -0.00281  0.00187    0.80704   -0.20539  219.83709   0.01785  0.01772  0.37720 -0.00049  0.01220  0.01330
2046 359167.000   34.216929040  117.138063508    41.9457   5   9   0.8159   1.0334   1.2803  -0.0049   0.0108  -0.0572   0.00    0.0   -3.15640   -2.65895    0.09632   0.04415  0.04381  0.02291  0.00237 -0.00310  0.00198    0.91310   -0.26647  220.38822   0.01785  0.01772  0.37751 -0.00053  0.01145  0.01251
2046 359168.000   34.216900019  117.138034639    42.0547   5   9   0.8293   1.0441   1.2888  -0.0048   0.0112  -0.0579   0.00    0.0   -3.21518   -2.67693    0.06529   0.04416  0.04391  0.02295  0.00238 -0.00311  0.00208    0.47408    0.20154  220.23857   0.01785  0.01772  0.37783 -0.00056  0.01057  0.01166
2046 359169.000   34.216870309  117.138005648    42.1271   5   9   0.8425   1.0547   1.2972  -0.0049   0.0118  -0.0585   0.00    0.0   -3.28278   -2.65667    0.01655   0.04416  0.04399  0.02299  0.00231 -0.00298  0.00218    0.36496    0.18740  219.90420   0.01785  0.01772  0.37814 -0.00058  0.00951  0.01082
2046 359170.000   34.216840869  117.137977641    41.9053   5   9   0.8555   1.0652   1.3057  -0.0048   0.0123  -0.0591   0.00    0.0   -3.44848   -2.71090    0.03152   0.04419  0.04413  0.02303  0.00239 -0.00342  0.00249    0.45871   -0.14704  219.38140   0.01785  0.01773  0.37839 -0.00061  0.00785  0.00983
2046 359171.000   34.216809380  117.137948539    41.9283   5   9   0.8683   1.0755   1.3141  -0.0047   0.0127  -0.0597   0.00    0.0   -3.50412   -2.80397    0.03471   0.04423  0.04418  0.02307  0.00253 -0.00366  0.00254    0.23367    0.38448  219.25897   0.01786  0.01773  0.37862 -0.00063  0.00565  0.00848
2046 359172.000   34.216777135  117.137918422    42.0992   5   8   0.8809   1.0858   1.3224  -0.0045   0.0132  -0.0603   0.00    0.0   -3.46974   -2.79902    0.04508   0.04423  0.04417  0.02311  0.00247 -0.00325  0.00243    0.45163    0.21012  219.40090   0.01786  0.01774  0.37890 -0.00063  0.00277  0.00705
2046 359173.000   34.216745457  117.137887779    42.3013   5   9   0.8933   1.0959   1.3307  -0.0045   0.0137  -0.0609   0.00    0.0   -3.48079   -2.78108    0.01722   0.04421  0.04417  0.02314  0.00239 -0.00291  0.00240    0.42587    0.34817  219.26189   0.01786  0.01774  0.37922 -0.00064 -0.00379  0.00562
2046 359174.000   34.216713821  117.137857225    42.3567   5   9   0.9055   1.1060   1.3390  -0.0044   0.0141  -0.0615   0.00    0.0   -3.50079   -2.82942    0.07955   0.04423  0.04420  0.02318  0.00243 -0.00289  0.00239    0.51631    0.46390  219.58750   0.01787  0.01775  0.37955 -0.00064 -0.00587  0.00354
2046 359175.000   34.216680730  117.137826198    42.4768   5   9   0.9176   1.1160   1.3473  -0.0041   0.0145  -0.0621   0.00    0.0   -3.56283   -2.94768    0.04619   0.04425  0.04421  0.02321  0.00258 -0.00320  0.00246    0.27258    0.70043  219.65750   0.01787  0.01776  0.37985 -0.00063 -0.00740 -0.00339
2046 359176.000   34.216648636  117.137793837    42.5454   5  10   0.8917   1.1026   1.3422  -0.0039   0.0143  -0.0614   0.00    0.0   -3.56879   -2.93504    0.07235   0.04403  0.04359  0.02315  0.00246 -0.00288  0.00242    0.27259    0.62138  220.85176   0.01788  0.01775  0.38019 -0.00062 -0.00857 -0.00577
2046 359177.000   34.216616772  117.137761558    42.6156   5  10   0.8692   1.0902   1.3373  -0.0038   0.0140  -0.0608   0.00    0.0   -3.57602   -2.89038    0.08880   0.04385  0.04313  0.02308  0.00230 -0.00246  0.00239    0.34594    0.38668  220.31783   0.01788  0.01775  0.38056 -0.00061 -0.00952 -0.00699
2046 359178.000   34.216585145  117.137729691    42.7096   5  10   0.8494   1.0786   1.3326  -0.0035   0.0136  -0.0601   0.00    0.0   -3.45635   -2.89759    0.01282   0.04370  0.04273  0.02303  0.00224 -0.00197  0.00211    0.39564    0.64076  220.13858   0.01789  0.01776  0.38098 -0.00060 -0.00994 -0.00788
2046 359179.000   34.216553456  117.137697491    42.8449   5  10   0.8318   1.0678   1.3280  -0.0034   0.0132  -0.0595   0.00    0.0   -3.50911   -2.95166    0.03412   0.04361  0.04250  0.02297  0.00226 -0.00209  0.00218    0.27625    0.93207  220.69444   0.01790  0.01777  0.38139 -0.00059 -0.01039 -0.00879
2046 359180.000   34.216521230  117.137665063    42.9031   5   9   0.8448   1.0781   1.3362  -0.0034   0.0133  -0.0601   0.00    0.0   -3.50410   -2.99546    0.03129   0.04371  0.04273  0.02301  0.00230 -0.00200  0.00212    0.28211    0.82390  220.84309   0.01790  0.01779  0.38181 -0.00057 -0.01071 -0.00966
2046 359181.000   34.216488729  117.137633126    42.9703   5   9   0.8576   1.0884   1.3444  -0.0032   0.0134  -0.0607   0.00    0.0   -3.48430   -3.14496    0.11378   0.04384  0.04295  0.02305  0.00254 -0.00217  0.00203    0.33215    0.75063  221.84063   0.01791  0.01781  0.38222 -0.00054 -0.01088 -0.01076
2046 359182.000   34.216456495  117.137599098    43.0115   5  10   0.8391   1.0769   1.3395  -0.0028   0.0129  -0.0600   0.00    0.0   -3.43535   -3.19343    0.09289   0.04374  0.04268  0.02300  0.00256 -0.00189  0.00188    0.36514    0.38980  223.57887   0.01792  0.01781  0.38263 -0.00053 -0.01089 -0.01173
2046 359183.000   34.216427214  117.137563366    43.0128   5  10   0.8226   1.0661   1.3346  -0.0015   0.0123  -0.0594   0.00    0.0   -3.06676   -3.49284    0.07559   0.04378  0.04249  0.02295  0.00298  0.00202  0.00054    0.31093    0.70105  228.85096   0.01792  0.01781  0.38296 -0.00053 -0.00987 -0.01314
2046 359184.000   34.216400226  117.137523889    42.9906   5  10   0.8078   1.0560   1.3299   0.0006   0.0117  -0.0588   0.00    0.0   -2.90862   -3.88488    0.04686   0.04396  0.04240  0.02290  0.00346  0.00337 -0.00096   -0.04098    0.86678  233.72571   0.01793  0.01782  0.38308 -0.00054 -0.00825 -0.01504
2046 359185.000   34.216375826  117.137482397    43.0437   5  11   0.7847   1.0452   1.3126  -0.0015   0.0111  -0.0582   0.00    0.0   -2.56228   -3.85440    0.04180   0.04381  0.04233  0.02277  0.00337  0.00447 -0.00196    0.15224    1.12603  236.75721   0.01794  0.01782  0.38318 -0.00061 -0.00460 -0.01649
2046 359186.000   34.216352704  117.137442345    43.2112   5  11   0.7646   1.0350   1.2963  -0.0028   0.0107  -0.0576   0.00    0.0   -2.46551   -3.52984   -0.00419   0.04355  0.04223  0.02265  0.00285  0.00328 -0.00217    0.07789    1.34692  235.89981   0.01794  0.01782  0.38345 -0.00069  0.00534 -0.01713
2046 359187.000   34.216330823  117.137403415    43.3260   5  11   0.7469   1.0254   1.2808  -0.0029   0.0101  -0.0570   0.00    0.0   -2.37368   -3.66204    0.03576   0.04358  0.04218  0.02254  0.00299  0.00361 -0.00230   -0.10057    1.27805  237.78081   0.01795  0.01782  0.38369 -0.00077  0.00893 -0.01785
2046 359188.000   34.216311073  117.137363406    43.4645   5  11   0.7313   1.0165   1.2663  -0.0029   0.0099  -0.0565   0.00    0.0   -2.21002   -3.52141   -0.07669   0.04348  0.04219  0.02245  0.00270  0.00290 -0.00255    0.15075    1.39917  240.33036   0.01795  0.01783  0.38394 -0.00086  0.01168 -0.01821
2046 359189.000   34.216292507  117.137325234    43.5719   5  11   0.7175   1.0081   1.2525  -0.0023   0.0097  -0.0560   0.00    0.0   -1.95184   -3.53154    0.07296   0.04352  0.04237  0.02236  0.00269  0.00300 -0.00292    0.14876    0.88154  241.85464   0.01795  0.01783  0.38409 -0.00096  0.01424 -0.01844
2046 359190.000   34.216275822  117.137287378    43.6125   5  11   0.7052   1.0001   1.2394  -0.0015   0.0095  -0.0555   0.00    0.0   -1.78461   -3.64508    0.05680   0.04355  0.04244  0.02229  0.00284  0.00353 -0.00310    0.08907    0.83597  244.53182   0.01795  0.01783  0.38418 -0.00105  0.01650 -0.01874
2046 359191.000   34.216260293  117.137248025    43.7034   5  11   0.6943   0.9927   1.2270   0.0008   0.0094  -0.0551   0.00    0.0   -1.59017   -3.79118    0.03536   0.04360  0.04255  0.02222  0.00304  0.00420 -0.00330    0.05446    0.60627  247.91372   0.01794  0.01783  0.38417 -0.00116  0.01860 -0.01917
2046 359192.000   34.216247276  117.137207050    43.7446   5  11   0.6846   0.9857   1.2152   0.0024   0.0096  -0.0547   0.00    0.0   -1.38006   -3.88608    0.02058   0.04365  0.04268  0.02216  0.00315  0.00453 -0.00350   -0.08583    0.75854  251.16094   0.01794  0.01783  0.38409 -0.00127  0.02060 -0.01962
2046 359193.000   34.216235674  117.137165185    43.7737   5  11   0.6759   0.9790   1.2040   0.0034   0.0100  -0.0544   0.00    0.0   -1.17760   -4.01731    0.01164   0.04372  0.04280  0.02211  0.00331  0.00500 -0.00367   -0.36072    0.81029  254.43610   0.01793  0.01784  0.38393 -0.00139  0.02250 -0.02015
2046 359194.000   34.216225805  117.137121282    43.8329   5  11   0.6682   0.9728   1.1934   0.0045   0.0105  -0.0540   0.00    0.0   -1.02324   -4.15100    0.01966   0.04379  0.04287  0.02206  0.00345  0.00529 -0.00377   -0.29032    0.98055  257.02344   0.01793  0.01784  0.38374 -0.00151  0.02426 -0.02075
2046 359195.000   34.216217734  117.137077242    43.7348   5  11   0.6614   0.9670   1.1832   0.0061   0.0112  -0.0538   0.00    0.0   -0.84041   -4.10851   -0.00336   0.04378  0.04294  0.02202  0.00337  0.00480 -0.00389   -0.27987    1.16149  258.89129   0.01792  0.01784  0.38357 -0.00163  0.02593 -0.02115
2046 359196.000   34.216210756  117.137034612    43.6958   5  11   0.6553   0.9615   1.1735   0.0068   0.0119  -0.0535   0.00    0.0   -0.67117   -4.11249    0.00088   0.04381  0.04300  0.02198  0.00335  0.00452 -0.00400   -0.22763    1.20299  261.14144   0.01790  0.01784  0.38341 -0.00173  0.02750 -0.02145
2046 359197.000   34.216205036  117.136988991    43.6953   5  11   0.6499   0.9563   1.1643   0.0076   0.0126  -0.0533   0.00    0.0   -0.51504   -4.27841    0.00447   0.04390  0.04303  0.02195  0.00351  0.00497 -0.00407   -0.11976    1.06007  263.58381   0.01789  0.01785  0.38323 -0.00185  0.02897 -0.02186
2046 359198.000   34.216202932  117.136941127    42.7808   5  11   0.6451   0.9514   1.1554   0.0088   0.0134  -0.0531   0.00    0.0   -0.37118   -4.18459   -0.08815   0.04386  0.04300  0.02192  0.00331  0.00378 -0.00413   -0.65045    1.10591  264.92964   0.01788  0.01785  0.38316 -0.00194  0.03030 -0.02200
2046 359199.000   34.216199621  117.136896697    42.6891   5  10   0.6461   0.9478   1.1555   0.0096   0.0143  -0.0531   0.00    0.0   -0.28921   -4.16931   -0.04278   0.04390  0.04304  0.02194  0.00324  0.00319 -0.00413   -0.59727    1.11567  265.93675   0.01786  0.01786  0.38319 -0.00201  0.03146 -0.02207
2046 359200.000   34.216195270  117.136851159    42.7770   5  10   0.6473   0.9444   1.1556   0.0102   0.0152  -0.0530   0.00    0.0   -0.39181   -4.19325   -0.01736   0.04394  0.04292  0.02197  0.00319  0.00255 -0.00394    0.01523    0.98169  264.70243   0.01784  0.01787  0.38340 -0.00207  0.03237 -0.02210
2046 359201.000   34.216191103  117.136808071    42.7753   5  10   0.6484   0.9413   1.1557   0.0112   0.0161  -0.0529   0.00    0.0   -0.38130   -3.90974   -0.00171   0.04396  0.04290  0.02199  0.00272 -0.00182 -0.00389   -0.04287    1.06364  264.25307   0.01782  0.01787  0.38370 -0.00208  0.03311 -0.02169
2046 359202.000   34.216186595  117.136765811    42.8694   5  10   0.6495   0.9383   1.1558   0.0111   0.0167  -0.0529   0.00    0.0   -0.46072   -3.94357   -0.06411   0.04397  0.04282  0.02201  0.00268 -0.00147 -0.00369   -0.29860    1.10864  263.39833   0.01780  0.01786  0.38410 -0.00209  0.03366 -0.02133
2046 359203.000   34.216181487  117.136723535    42.9746   5  11   0.6453   0.9345   1.1474   0.0107   0.0171  -0.0528   0.00    0.0   -0.52376   -4.05057   -0.02953   0.04397  0.04268  0.02198  0.00276 -0.00059 -0.00350   -0.15181    0.81928  263.00252   0.01778  0.01785  0.38454 -0.00210  0.03406 -0.02114
2046 359204.000   34.216176038  117.136679922    42.9641   5  11   0.6414   0.9309   1.1393   0.0103   0.0174  -0.0526   0.00    0.0   -0.56016   -4.19846   -0.02198   0.04398  0.04257  0.02196  0.00292  0.00066 -0.00334   -0.12934    0.78182  262.49884   0.01777  0.01784  0.38501 -0.00212  0.03432 -0.02113
2046 359205.000   34.216169836  117.136634789    43.0493   5  10   0.6432   0.9289   1.1351   0.0104   0.0180  -0.0526   0.00    0.0   -0.62223   -4.20192   -0.02961   0.04398  0.04259  0.02195  0.00284 -0.00039 -0.00316   -0.25483    0.70204  261.98370   0.01776  0.01783  0.38549 -0.00213  0.03443 -0.02111
2046 359206.000   34.216163351  117.136590093    43.1429   5  11   0.6396   0.9256   1.1276   0.0101   0.0183  -0.0525   0.00    0.0   -0.68211   -4.22471   -0.02672   0.04396  0.04251  0.02193  0.00280 -0.00063 -0.00297   -0.27884    0.67024  261.11305   0.01774  0.01781  0.38596 -0.00213  0.03443 -0.02110
2046 359207.000   34.216156265  117.136543946    43.1545   5  10   0.6416   0.9235   1.1284   0.0099   0.0189  -0.0525   0.00    0.0   -0.77342   -4.31900   -0.03695   0.04394  0.04256  0.02196  0.00287 -0.00121 -0.00271   -0.01705    0.30876  260.38338   0.01774  0.01780  0.38639 -0.00213  0.03426 -0.02117
2046 359208.000   34.216148325  117.136497061    43.1171   5  10   0.6436   0.9215   1.1291   0.0099   0.0195  -0.0525   0.00    0.0   -0.99596   -4.36865   -0.03465   0.04392  0.04268  0.02199  0.00285 -0.00169 -0.00218   -0.07815    0.43490  258.10760   0.01773  0.01778  0.38673 -0.00212  0.03383 -0.02129
2046 359209.000   34.216138101  117.136450142    43.1178   5  10   0.6454   0.9197   1.1299   0.0099   0.0200  -0.0524   0.00    0.0   -1.16235   -4.36303    0.00353   0.04389  0.04279  0.02202  0.00276 -0.00148 -0.00169   -0.02700    0.38663  255.79454   0.01772  0.01776  0.38696 -0.00210  0.03322 -0.02138
2046 359210.000   34.216126350  117.136402882    43.1476   5  11   0.6417   0.9170   1.1227   0.0099   0.0202  -0.0523   0.00    0.0   -1.27936   -4.29595   -0.04133   0.04383  0.04273  0.02199  0.00254  0.00128 -0.00124   -0.28334    0.78691  253.86942   0.01772  0.01773  0.38712 -0.00207  0.03249 -0.02134
2046 359211.000   34.216114453  117.136357462    43.1177   5  11   0.6384   0.9144   1.1157   0.0098   0.0203  -0.0522   0.00    0.0   -1.37142   -4.13499   -0.05508   0.04380  0.04268  0.02197  0.00214  0.00311 -0.00069   -0.12711    0.91847  252.02931   0.01771  0.01771  0.38718 -0.00201  0.03164 -0.02106
2046 359212.000   34.216101673  117.136313367    43.1463   5  11   0.6355   0.9121   1.1091   0.0093   0.0203  -0.0520   0.00    0.0   -1.40585   -4.09706   -0.05352   0.04375  0.04257  0.02195  0.00198  0.00346  0.00028   -0.20338    0.56184  251.75818   0.01771  0.01769  0.38721 -0.00195  0.03072 -0.02069
2046 359213.000   34.216088347  117.136269100    43.1771   5  11   0.6328   0.9098   1.1028   0.0089   0.0203  -0.0519   0.00    0.0   -1.44679   -4.08277   -0.02028   0.04371  0.04248  0.02193  0.00186  0.00365  0.00078   -0.30351    0.68597  251.26504   0.01771  0.01767  0.38722 -0.00188  0.02975 -0.02029
2046 359214.000   34.216074562  117.136224877    43.2074   5  11   0.6303   0.9077   1.0967   0.0086   0.0202  -0.0517   0.00    0.0   -1.59936   -4.06832   -0.05988   0.04366  0.04251  0.02192  0.00172  0.00399  0.00145   -0.50226    0.69564  249.45566   0.01771  0.01765  0.38711 -0.00181  0.02861 -0.01987
2046 359215.000   34.216059897  117.136180916    43.1478   5  10   0.6332   0.9066   1.0982   0.0084   0.0204  -0.0516   0.00    0.0   -1.75619   -4.05339   -0.06162   0.04363  0.04268  0.02195  0.00158  0.00430  0.00190   -0.46614    0.98556  247.23486   0.01771  0.01764  0.38688 -0.00173  0.02729 -0.01944
2046 359216.000   34.216042963  117.136136942    43.1337   5  10   0.6359   0.9055   1.0996   0.0081   0.0205  -0.0515   0.00    0.0   -1.96276   -4.09945   -0.06115   0.04357  0.04289  0.02199  0.00161  0.00421  0.00234   -0.35321    0.96419  244.95055   0.01771  0.01763  0.38650 -0.00165  0.02573 -0.01907
2046 359217.000   34.216024779  117.136093059    43.0727   5  10   0.6384   0.9046   1.1011   0.0079   0.0206  -0.0514   0.00    0.0   -2.10230   -4.02013   -0.00992   0.04356  0.04300  0.02202  0.00129  0.00485  0.00260    0.14923    1.12280  243.00517   0.01771  0.01762  0.38601 -0.00155  0.02399 -0.01854
2046 359218.000   34.216004723  117.136050200    43.1199   5  10   0.6407   0.9037   1.1025   0.0076   0.0206  -0.0513   0.00    0.0   -2.17193   -3.94338    0.00335   0.04355  0.04296  0.02205  0.00090  0.00524  0.00269    0.01815    1.28480  241.52032   0.01771  0.01761  0.38553 -0.00146  0.02216 -0.01786
2046 359219.000   34.215984441  117.136008323    43.0849   5  10   0.6430   0.9028   1.1040   0.0074   0.0205  -0.0511   0.00    0.0   -2.26723   -3.83295    0.01873   0.04355  0.04296  0.02208 -0.00054  0.00579  0.00283   -0.01170    1.19613  239.87854   0.01771  0.01760  0.38500 -0.00137  0.02015 -0.01699
2046 359220.000   34.215963756  117.135967437    43.0169   5   9   0.6589   0.9147   1.1127   0.0076   0.0209  -0.0517   0.00    0.0   -2.40873   -3.73915   -0.05940   0.04367  0.04333  0.02215 -0.00107  0.00623  0.00302   -0.11282    0.83490  238.09826   0.01772  0.01761  0.38439 -0.00125  0.01784 -0.01594
2046 359221.000   34.215941285  117.135927003    43.0342   5   9   0.6747   0.9266   1.1215   0.0078   0.0213  -0.0522   0.00    0.0   -2.54280   -3.69755   -0.03097   0.04377  0.04364  0.02223 -0.00121  0.00632  0.00318   -0.14691    0.30287  236.50487   0.01772  0.01762  0.38375 -0.00115  0.01509 -0.01475
2046 359222.000   34.215917162  117.135887271    43.0702   5  10   0.6745   0.9246   1.1226   0.0077   0.0209  -0.0520   0.00    0.0   -2.64183   -3.64735   -0.05688   0.04370  0.04346  0.02225 -0.00135  0.00634  0.00325   -0.50518   -0.11886  234.91646   0.01772  0.01760  0.38312 -0.00108  0.01168 -0.01343
2046 359223.000   34.215893096  117.135848075    43.1224   5  10   0.6743   0.9227   1.1237   0.0077   0.0205  -0.0518   0.00    0.0   -2.60939   -3.62530   -0.05272   0.04362  0.04313  0.02226 -0.00138  0.00597  0.00315   -0.18693   -0.45423  235.09885   0.01772  0.01760  0.38267 -0.00102  0.00735 -0.01196
2046 359224.000   34.215869773  117.135808819    43.1425   5  10   0.6740   0.9209   1.1248   0.0075   0.0201  -0.0515   0.00    0.0   -2.53824   -3.53551   -0.02826   0.04361  0.04280  0.02228 -0.00160  0.00584  0.00299   -0.04343   -0.11457  235.07080   0.01772  0.01760  0.38239 -0.00099 -0.00414 -0.01004
2046 359225.000   34.215847210  117.135771909    43.1695   5  10   0.6738   0.9192   1.1259   0.0074   0.0196  -0.0513   0.00    0.0   -2.53498   -3.33421   -0.02218   0.04366  0.04260  0.02230 -0.00202  0.00620  0.00294    0.10413   -0.09688  233.71287   0.01772  0.01760  0.38211 -0.00098 -0.00905 -0.00702
2046 359226.000   34.215824382  117.135737174    43.2297   5  10   0.6735   0.9176   1.1269   0.0071   0.0191  -0.0511   0.00    0.0   -2.56177   -3.07204   -0.04454   0.04377  0.04246  0.02231 -0.00247  0.00669  0.00293   -0.04184   -0.04514  231.15926   0.01772  0.01760  0.38176 -0.00099 -0.01190  0.00368
2046 359227.000   34.215799582  117.135704544    43.2176   5  10   0.6733   0.9160   1.1280   0.0073   0.0186  -0.0510   0.00    0.0   -2.87009   -2.89721   -0.07913   0.04382  0.04262  0.02233 -0.00270  0.00758  0.00330   -0.22103   -0.31564  226.41868   0.01772  0.01761  0.38117 -0.00104 -0.01456  0.00902
2046 359228.000   34.215771946  117.135674339    43.1908   5  10   0.6730   0.9146   1.1290   0.0076   0.0179  -0.0507   0.00    0.0   -3.08584   -2.75484   -0.05061   0.04385  0.04270  0.02234 -0.00284  0.00796  0.00350   -0.18371   -0.61915  222.44791   0.01773  0.01761  0.38046 -0.00111 -0.01692  0.01234
2046 359229.000   34.215743317  117.135645573    43.1610   5  10   0.6728   0.9132   1.1300   0.0082   0.0171  -0.0505   0.00    0.0   -3.22044   -2.70281   -0.06820   0.04378  0.04267  0.02235 -0.00285  0.00777  0.00360   -0.54319   -0.41673  220.64374   0.01773  0.01762  0.37979 -0.00121 -0.01897  0.01482
2046 359230.000   34.215714206  117.135617020    43.0438   5   9   0.6883   0.9251   1.1389   0.0089   0.0168  -0.0510   0.00    0.0   -3.33765   -2.63836   -0.09272   0.04387  0.04300  0.02242 -0.00288  0.00757  0.00369   -0.42654   -0.09419  219.48945   0.01773  0.01764  0.37917 -0.00130 -0.02072  0.01686
2046 359231.000   34.215683968  117.135588853    43.0123   5   9   0.7037   0.9368   1.1477   0.0093   0.0166  -0.0515   0.00    0.0   -3.43424   -2.54339   -0.07549   0.04399  0.04326  0.02248 -0.00295  0.00741  0.00374   -0.62573   -0.34743  217.91323   0.01774  0.01766  0.37861 -0.00141 -0.02228  0.01865
2046 359232.000   34.215652270  117.135561796    43.1289   5  10   0.7010   0.9343   1.1484   0.0092   0.0159  -0.0512   0.00    0.0   -3.46421   -2.43365   -0.01713   0.04396  0.04299  0.02249 -0.00304  0.00708  0.00370   -0.00363    0.09665  216.18912   0.01774  0.01766  0.37814 -0.00154 -0.02361  0.02029
2046 359233.000   34.215619868  117.135536159    43.1669   5  10   0.6985   0.9319   1.1490   0.0096   0.0150  -0.0510   0.00    0.0   -3.61674   -2.41296   -0.04130   0.04384  0.04289  0.02249 -0.00298  0.00676  0.00379   -0.34804    0.44968  214.28506   0.01774  0.01766  0.37774 -0.00167 -0.02486  0.02168
2046 359234.000   34.215586797  117.135511148    43.0485   5  10   0.6961   0.9296   1.1496   0.0092   0.0142  -0.0507   0.00    0.0   -3.63146   -2.18758    0.00068   0.04392  0.04269  0.02249 -0.00322  0.00678  0.00376   -0.66577    1.07635  211.73946   0.01774  0.01766  0.37737 -0.00179 -0.02587  0.02309
2046 359235.000   34.215553839  117.135488804    43.0521   5  10   0.6940   0.9274   1.1502   0.0095   0.0132  -0.0505   0.00    0.0   -3.69597   -2.02662    0.00500   0.04395  0.04257  0.02249 -0.00335  0.00667  0.00378    0.07151    0.89860  209.69148   0.01775  0.01766  0.37702 -0.00192 -0.02674  0.02445
2046 359236.000   34.215520066  117.135466807    43.1102   5  10   0.6920   0.9253   1.1508   0.0099   0.0120  -0.0502   0.00    0.0   -3.74790   -1.97958   -0.02931   0.04387  0.04245  0.02250 -0.00333  0.00617  0.00377   -0.11865    0.92864  208.74178   0.01775  0.01766  0.37679 -0.00203 -0.02748  0.02566
2046 359237.000   34.215486433  117.135446186    43.1630   5  10   0.6901   0.9234   1.1514   0.0106   0.0106  -0.0500   0.00    0.0   -3.77715   -1.96435   -0.03902   0.04378  0.04235  0.02250 -0.00326  0.00552  0.00373   -0.04841    0.73270  208.04039   0.01776  0.01766  0.37670 -0.00214 -0.02812  0.02671
2046 359238.000   34.215452024  117.135425751    43.1716   5  10   0.6884   0.9215   1.1520   0.0108   0.0092  -0.0498   0.00    0.0   -3.79362   -1.81735   -0.03683   0.04380  0.04226  0.02250 -0.00336  0.00524  0.00368   -0.19268    0.45566  206.61661   0.01776  0.01766  0.37666 -0.00223 -0.02863  0.02775
2046 359239.000   34.215417894  117.135407332    43.1503   5  10   0.6867   0.9197   1.1526   0.0109   0.0074  -0.0496   0.00    0.0   -3.71349   -1.57443   -0.05403   0.04391  0.04215  0.02250 -0.00359  0.00480  0.00353   -0.25733   -0.01348  203.76310   0.01777  0.01765  0.37663 -0.00233 -0.02895  0.02887
2046 359240.000   34.215384497  117.135391466    43.0674   5   9   0.7019   0.9315   1.1614   0.0119   0.0048  -0.0501   0.00    0.0   -3.83854   -1.52202   -0.01341   0.04401  0.04254  0.02256 -0.00355  0.00469  0.00360   -0.15786   -0.16306  202.50362   0.01778  0.01766  0.37666 -0.00241 -0.02925  0.02988
2046 359241.000   34.215350219  117.135375637    43.0136   5   9   0.7169   0.9432   1.1703   0.0128  -0.0024  -0.0506   0.00    0.0   -3.92519   -1.51300   -0.01428   0.04406  0.04286  0.02262 -0.00347  0.00431  0.00362   -0.19722   -0.39452  202.25312   0.01779  0.01766  0.37677 -0.00249 -0.02956  0.03075
2046 359242.000   34.215315489  117.135359119    43.1018   5  10   0.7130   0.9403   1.1704   0.0128  -0.0053  -0.0503   0.00    0.0   -3.66382   -1.47514   -0.05497   0.04396  0.04260  0.02261 -0.00346  0.00250  0.00318   -0.19223   -0.29843  202.61754   0.01779  0.01764  0.37703 -0.00254 -0.02957  0.03151
2046 359243.000   34.215281861  117.135343289    43.1050   5  10   0.7093   0.9375   1.1706   0.0126  -0.0070  -0.0501   0.00    0.0   -3.65599   -1.31959   -0.08418   0.04395  0.04249  0.02260 -0.00356  0.00196  0.00308   -0.08726   -0.39266  200.95013   0.01780  0.01762  0.37728 -0.00258 -0.02947  0.03228
2046 359244.000   34.215249595  117.135329518    43.1241   5  10   0.7059   0.9349   1.1708   0.0125  -0.0085  -0.0499   0.00    0.0   -3.45955   -1.22733   -0.05008   0.04391  0.04243  0.02259 -0.00361 -0.00197  0.00269   -0.32149   -0.13416  200.52601   0.01781  0.01760  0.37754 -0.00259 -0.02912  0.03298
2046 359245.000   34.215219450  117.135316731    43.2304   5  10   0.7028   0.9324   1.1709   0.0123  -0.0098  -0.0497   0.00    0.0   -3.23072   -1.09379   -0.06369   0.04389  0.04244  0.02259 -0.00371 -0.00341  0.00222   -0.17726    0.08752  200.11680   0.01782  0.01758  0.37776 -0.00257 -0.02849  0.03362
2046 359246.000   34.215191041  117.135305084    43.2324   5  10   0.6999   0.9300   1.1711   0.0120  -0.0109  -0.0496   0.00    0.0   -3.01941   -0.98529   -0.02683   0.04387  0.04251  0.02258 -0.00378 -0.00421  0.00166   -0.21276    0.20705  198.81670   0.01783  0.01755  0.37790 -0.00252 -0.02758  0.03419
2046 359247.000   34.215162296  117.135294981    43.3397   5  10   0.6972   0.9277   1.1712   0.0118  -0.0119  -0.0495   0.00    0.0   -3.25018   -0.95342   -0.00420   0.04381  0.04238  0.02257 -0.00366 -0.00320  0.00206   -0.24826    0.58192  196.90762   0.01784  0.01753  0.37817 -0.00248 -0.02687  0.03469
2046 359248.000   34.215131981  117.135285126    43.4499   5   9   0.7121   0.9394   1.1800   0.0119  -0.0133  -0.0501   0.00    0.0   -3.44184   -0.89889   -0.00785   0.04391  0.04267  0.02263 -0.00360 -0.00236  0.00236   -0.18435    0.60856  195.38214   0.01785  0.01753  0.37852 -0.00244 -0.02631  0.03512
2046 359249.000   34.215100099  117.135276602    43.4386   5   9   0.7270   0.9511   1.1889   0.0118  -0.0143  -0.0507   0.00    0.0   -3.56803   -0.70707   -0.05066   0.04407  0.04294  0.02269 -0.00371 -0.00201  0.00254   -0.29334    0.74062  192.22391   0.01786  0.01752  0.37885 -0.00242 -0.02582  0.03559
2046 359250.000   34.215066800  117.135269204    43.3489   5   9   0.7416   0.9626   1.1977   0.0117  -0.0151  -0.0513   0.00    0.0   -3.73710   -0.52551   -0.02234   0.04422  0.04320  0.02274 -0.00381 -0.00103  0.00278   -0.09382    0.59267  189.07178   0.01787  0.01752  0.37916 -0.00241 -0.02544  0.03611
2046 359251.000   34.215031858  117.135264604    43.3823   5   9   0.7561   0.9740   1.2065   0.0116  -0.0159  -0.0519   0.00    0.0   -3.92149   -0.41155   -0.01576   0.04430  0.04344  0.02279 -0.00381  0.00148  0.00298   -0.24766    0.37340  186.86690   0.01788  0.01751  0.37949 -0.00241 -0.02521  0.03661
2046 359252.000   34.214995794  117.135260106    43.4370   5  10   0.7485   0.9693   1.2057   0.0111  -0.0159  -0.0516   0.00    0.0   -4.00862   -0.34497   -0.00831   0.04418  0.04319  0.02277 -0.00376  0.00155  0.00303    0.17218    0.24395  186.28823   0.01789  0.01749  0.37983 -0.00240 -0.02504  0.03705
2046 359253.000   34.214959926  117.135256807    43.4629   5  10   0.7416   0.9649   1.2051   0.0108  -0.0160  -0.0514   0.00    0.0   -4.04662   -0.33775    0.00813   0.04405  0.04299  0.02275 -0.00364  0.00115  0.00300    0.08867   -0.08079  185.63528   0.01790  0.01747  0.38023 -0.00239 -0.02485  0.03741
2046 359254.000   34.214923569  117.135253532    43.5093   5  10   0.7353   0.9607   1.2044   0.0104  -0.0162  -0.0512   0.00    0.0   -4.08870   -0.29564   -0.00001   0.04396  0.04283  0.02273 -0.00357  0.00081  0.00297   -0.00276   -0.49765  185.42753   0.01790  0.01746  0.38064 -0.00238 -0.02465  0.03772
2046 359255.000   34.214887186  117.135250526    43.3567   5  10   0.7295   0.9567   1.2037   0.0099  -0.0164  -0.0510   0.00    0.0   -4.12675   -0.27161    0.01303   0.04389  0.04270  0.02271 -0.00348  0.00016  0.00294   -0.23637   -0.35965  184.93956   0.01791  0.01745  0.38108 -0.00237 -0.02445  0.03795
2046 359256.000   34.214849851  117.135248090    43.3617   5  10   0.7243   0.9530   1.2030   0.0095  -0.0167  -0.0508   0.00    0.0   -4.18376   -0.21570   -0.01350   0.04383  0.04260  0.02269 -0.00343 -0.00050  0.00294   -0.25308   -0.13709  183.76646   0.01792  0.01745  0.38153 -0.00235 -0.02428  0.03813
2046 359257.000   34.214812262  117.135246987    43.3538   5  10   0.7194   0.9494   1.2024   0.0091  -0.0169  -0.0506   0.00    0.0   -4.22128   -0.11906    0.01110   0.04379  0.04252  0.02267 -0.00343 -0.00071  0.00292   -0.18555    0.10586  182.62474   0.01792  0.01745  0.38198 -0.00233 -0.02407  0.03828
2046 359258.000   34.214773414  117.135246826    43.5202   5  11   0.7077   0.9450   1.1922   0.0087  -0.0169  -0.0504   0.00    0.0   -4.22561   -0.09352    0.00677   0.04374  0.04232  0.02259 -0.00334 -0.00107  0.00283   -0.27326    0.41722  182.10168   0.01793  0.01744  0.38244 -0.00230 -0.02382  0.03836
2046 359259.000   34.214735620  117.135246101    43.3867   5  11   0.6973   0.9409   1.1825   0.0082  -0.0170  -0.0502   0.00    0.0   -4.23794   -0.04904   -0.02148   0.04370  0.04217  0.02251 -0.00330 -0.00119  0.00278   -0.25363    0.39100  181.54086   0.01793  0.01744  0.38291 -0.00226 -0.02354  0.03839
2046 359260.000   34.214697026  117.135246279    43.3002   5  10   0.6946   0.9379   1.1824   0.0079  -0.0175  -0.0501   0.00    0.0   -4.20803   -0.01982    0.00277   0.04369  0.04219  0.02250 -0.00324 -0.00121  0.00264   -0.57184    0.47260  180.45133   0.01793  0.01745  0.38338 -0.00221 -0.02317  0.03837
2046 359261.000   34.214659066  117.135247039    43.3412   5  10   0.6921   0.9351   1.1822   0.0074  -0.0179  -0.0500   0.00    0.0   -4.19442    0.02974   -0.01008   0.04367  0.04221  0.02249 -0.00320 -0.00115  0.00253   -0.35419    0.20165  180.38568   0.01793  0.01745  0.38384 -0.00215 -0.02273  0.03831
2046 359262.000   34.214622106  117.135247883    43.3314   5  10   0.6899   0.9325   1.1821   0.0070  -0.0183  -0.0498   0.00    0.0   -4.10774    0.00897    0.00803   0.04367  0.04224  0.02249 -0.00309 -0.00044  0.00229   -0.34065    0.15554  180.51542   0.01793  0.01746  0.38428 -0.00208 -0.02216  0.03816
2046 359263.000   34.214585443  117.135248421    43.4556   5  11   0.6813   0.9290   1.1728   0.0062  -0.0183  -0.0497   0.00    0.0   -3.99595    0.04379   -0.02558   0.04364  0.04216  0.02242 -0.00304  0.00104  0.00196   -0.25148    0.15828  180.49774   0.01793  0.01746  0.38469 -0.00197 -0.02139  0.03798
2046 359264.000   34.214549188  117.135249359    43.5911   5  11   0.6737   0.9257   1.1640   0.0049  -0.0184  -0.0496   0.00    0.0   -4.01235    0.03828    0.01330   0.04364  0.04207  0.02235 -0.00292  0.00141  0.00190   -0.10979   -0.00612  180.61027   0.01793  0.01746  0.38509 -0.00186 -0.02060  0.03772
2046 359265.000   34.214513728  117.135248945    43.3452   5  11   0.6668   0.9225   1.1556   0.0034  -0.0185  -0.0495   0.00    0.0   -3.97290    0.00122   -0.00664   0.04365  0.04201  0.02229 -0.00277  0.00191  0.00171   -0.23200   -0.14414  181.15346   0.01793  0.01746  0.38545 -0.00174 -0.01974  0.03740
2046 359266.000   34.214477257  117.135248740    43.4602   5  11   0.6606   0.9196   1.1476  -0.0012  -0.0185  -0.0494   0.00    0.0   -4.00208   -0.04721   -0.00206   0.04366  0.04195  0.02224 -0.00257  0.00213  0.00166   -0.18881    0.06538  181.35015   0.01792  0.01747  0.38580 -0.00162 -0.01890  0.03700
2046 359267.000   34.214441203  117.135248933    43.5290   5  11   0.6550   0.9168   1.1399  -0.0038  -0.0186  -0.0493   0.00    0.0   -4.02311   -0.08355    0.02410   0.04368  0.04190  0.02219 -0.00239  0.00226  0.00162   -0.45766    0.18872  181.67343   0.01791  0.01747  0.38612 -0.00150 -0.01807  0.03652
2046 359268.000   34.214404339  117.135247880    43.4945   5  10   0.6556   0.9150   1.1407  -0.0052  -0.0189  -0.0493   0.00    0.0   -4.05345   -0.10986   -0.01396   0.04369  0.04196  0.02220 -0.00224  0.00227  0.00159   -0.61256    0.31389  182.15679   0.01791  0.01749  0.38642 -0.00138 -0.01726  0.03598
2046 359269.000   34.214367489  117.135246502    43.4553   5  10   0.6562   0.9134   1.1415  -0.0062  -0.0192  -0.0492   0.00    0.0   -4.05924   -0.16199    0.00160   0.04372  0.04201  0.02221 -0.00204  0.00242  0.00151   -0.89904    0.61418  182.73611   0.01790  0.01750  0.38669 -0.00125 -0.01644  0.03536
2046 359270.000   34.214330381  117.135245393    43.4177   5  10   0.6568   0.9119   1.1423  -0.0070  -0.0193  -0.0492   0.00    0.0   -4.05438   -0.09613   -0.02186   0.04367  0.04205  0.02222 -0.00209  0.00234  0.00142   -0.77902    0.19290  182.22365   0.01789  0.01751  0.38698 -0.00111 -0.01557  0.03477
2046 359271.000   34.214293647  117.135245168    43.4791   5  10   0.6574   0.9104   1.1430  -0.0077  -0.0194  -0.0491   0.00    0.0   -4.00549   -0.01599    0.00889   0.04363  0.04210  0.02223 -0.00215  0.00241  0.00119   -0.28433    0.46785  181.18705   0.01789  0.01752  0.38728 -0.00095 -0.01449  0.03422
2046 359272.000   34.214257475  117.135245541    43.5969   5  10   0.6580   0.9090   1.1438  -0.0082  -0.0195  -0.0491   0.00    0.0   -3.97323    0.07945   -0.05847   0.04357  0.04211  0.02224 -0.00225  0.00229  0.00101   -0.66600    0.69403  179.75293   0.01789  0.01753  0.38762 -0.00076 -0.01326  0.03371
2046 359273.000   34.214221581  117.135246812    43.6944   5  10   0.6586   0.9077   1.1446  -0.0085  -0.0196  -0.0491   0.00    0.0   -3.83243    0.09252   -0.01714   0.04357  0.04219  0.02225 -0.00221  0.00283 -0.00060   -0.75614    0.72569  179.62298   0.01789  0.01754  0.38790 -0.00047 -0.01162  0.03315
2046 359274.000   34.214187139  117.135246811    43.6022   5  10   0.6592   0.9064   1.1453  -0.0089  -0.0196  -0.0491   0.00    0.0   -3.71345    0.08433   -0.00920   0.04357  0.04224  0.02226 -0.00215  0.00322 -0.00123   -0.57431    0.59956  180.09703   0.01789  0.01755  0.38814  0.00039 -0.00937  0.03256
2046 359275.000   34.214154173  117.135247264    43.6156   5   9   0.6685   0.9056   1.1499  -0.0093  -0.0200  -0.0491   0.00    0.0   -3.48707   -0.07407    0.00359   0.04366  0.04255  0.02230 -0.00176  0.00445 -0.00193   -0.87758    0.68362  181.19944   0.01788  0.01757  0.38820  0.00074 -0.00557  0.03178
2046 359276.000   34.214123229  117.135248457    43.7426   5   9   0.6775   0.9047   1.1544  -0.0096  -0.0202  -0.0491   0.00    0.0   -3.34088    0.02268   -0.03777   0.04359  0.04275  0.02233 -0.00190  0.00441 -0.00222   -0.97712    0.34640  180.59476   0.01788  0.01759  0.38826  0.00098  0.00559  0.03106
2046 359277.000   34.214093336  117.135249003    43.6694   5   9   0.6863   0.9040   1.1589  -0.0098  -0.0204  -0.0492   0.00    0.0   -3.39669    0.02311    0.01854   0.04359  0.04279  0.02237 -0.00177  0.00406 -0.00210   -0.69578    0.38058  180.15109   0.01788  0.01761  0.38838  0.00113  0.00929  0.03033
2046 359278.000   34.214061421  117.135250082    43.7390   5   9   0.6947   0.9032   1.1633  -0.0099  -0.0205  -0.0493   0.00    0.0   -3.67411    0.07772    0.02150   0.04355  0.04272  0.02240 -0.00172  0.00271 -0.00138   -0.69804    0.04622  179.75239   0.01788  0.01763  0.38867  0.00121  0.01108  0.02969
2046 359279.000   34.214026241  117.135249944    43.6807   5   9   0.7028   0.9025   1.1677  -0.0098  -0.0205  -0.0493   0.00    0.0   -3.96802    0.09387   -0.00654   0.04353  0.04273  0.02243 -0.00163 -0.00002  0.00078   -0.69415    0.22423  180.01059   0.01788  0.01764  0.38903  0.00123  0.01185  0.02906
2046 359280.000   34.213988437  117.135249674    43.7049   5   9   0.7105   0.9019   1.1721  -0.0096  -0.0204  -0.0493   0.00    0.0   -4.11699   -0.06893   -0.02633   0.04360  0.04278  0.02246 -0.00097 -0.00195  0.00129   -0.78662    0.48833  181.73297   0.01788  0.01765  0.38931  0.00123  0.01218  0.02826
2046 359281.000   34.213949321  117.135248907    43.8242   5   9   0.7179   0.9012   1.1763  -0.0093  -0.0203  -0.0493   0.00    0.0   -4.39679   -0.10048    0.03769   0.04361  0.04290  0.02248 -0.00060 -0.00340  0.00198   -0.86175    0.54564  182.14342   0.01788  0.01767  0.38954  0.00119  0.01182  0.02740
2046 359282.000   34.213911304  117.135248653    43.3507   5   8   0.7328   0.9132   1.1851  -0.0091  -0.0204  -0.0500   0.00    0.0   -4.33434   -0.18393   -0.02458   0.04378  0.04307  0.02254  0.00079 -0.00323  0.00183   -0.96948    0.48561  183.45312   0.01788  0.01769  0.38974  0.00115  0.01159  0.02643
2046 359283.000   34.213872576  117.135246835    43.3570   5   9   0.7475   0.9251   1.1939  -0.0090  -0.0205  -0.0506   0.00    0.0   -4.35167   -0.19143   -0.01258   0.04388  0.04325  0.02260  0.00092 -0.00320  0.00185   -0.63307    0.53122  183.14318   0.01789  0.01770  0.38995  0.00111  0.01138  0.02546
2046 359284.000   34.213832518  117.135245363    43.4292   5   9   0.7533   0.9233   1.1979  -0.0085  -0.0201  -0.0505   0.00    0.0   -4.37406   -0.15767   -0.00674   0.04378  0.04321  0.02262  0.00086 -0.00307  0.00186   -0.51696    0.31526  182.98644   0.01789  0.01771  0.39019  0.00108  0.01120  0.02452
2046 359285.000   34.213792150  117.135243532    43.4527   5   9   0.7587   0.9216   1.2018  -0.0080  -0.0198  -0.0505   0.00    0.0   -4.42078   -0.13444   -0.00307   0.04369  0.04318  0.02264  0.00082 -0.00306  0.00192   -0.49204    0.70211  182.56136   0.01789  0.01772  0.39046  0.00105  0.01096  0.02361
2046 359286.000   34.213750910  117.135243642    43.8648   5   9   0.7639   0.9201   1.2057  -0.0076  -0.0194  -0.0504   0.00    0.0   -4.44086   -0.09908    0.01171   0.04362  0.04314  0.02266  0.00075 -0.00289  0.00190   -0.70716    0.73668  182.18803   0.01789  0.01773  0.39076  0.00102  0.01074  0.02269
2046 359287.000   34.213710283  117.135242083    43.8590   5   9   0.7688   0.9185   1.2095  -0.0071  -0.0191  -0.0503   0.00    0.0   -4.45765   -0.10791   -0.00964   0.04357  0.04310  0.02267  0.00082 -0.00282  0.00189   -0.73250    0.85718  181.94174   0.01789  0.01774  0.39106  0.00100  0.01052  0.02177
2046 359288.000   34.213669745  117.135241501    43.7923   5   9   0.7734   0.9171   1.2133  -0.0064  -0.0187  -0.0502   0.00    0.0   -4.42324    0.05669   -0.04169   0.04345  0.04304  0.02269 -0.00084 -0.00215  0.00176   -0.68785    0.68516  180.43442   0.01790  0.01775  0.39145  0.00098  0.01045  0.02107
2046 359289.000   34.213630558  117.135242514    43.7605   5   9   0.7778   0.9157   1.2170  -0.0059  -0.0183  -0.0501   0.00    0.0   -4.36196    0.07433    0.03048   0.04343  0.04301  0.02270 -0.00085 -0.00183  0.00157   -0.74366    0.87204  179.76010   0.01790  0.01777  0.39186  0.00096  0.01060  0.02039
2046 359290.000   34.213591323  117.135244006    43.6297   5   9   0.7820   0.9144   1.2206  -0.0052  -0.0180  -0.0501   0.00    0.0   -4.31687    0.19473    0.02000   0.04337  0.04298  0.02272 -0.00130 -0.00135  0.00139   -0.68436    0.74755  178.14199   0.01791  0.01778  0.39230  0.00095  0.01090  0.01986
2046 359291.000   34.213552368  117.135246102    43.5854   5   9   0.7859   0.9131   1.2242  -0.0046  -0.0177  -0.0500   0.00    0.0   -4.34035    0.19322    0.02147   0.04336  0.04296  0.02273 -0.00124 -0.00140  0.00141   -0.84102    0.42409  178.31828   0.01791  0.01779  0.39274  0.00094  0.01112  0.01933
2046 359292.000   34.213513226  117.135248108    43.6847   5   9   0.7897   0.9119   1.2278  -0.0041  -0.0174  -0.0500   0.00    0.0   -4.34368    0.08779    0.00911   0.04337  0.04293  0.02274 -0.00069 -0.00160  0.00135   -0.96220    0.41233  179.30445   0.01792  0.01780  0.39316  0.00092  0.01132  0.01864
2046 359293.000   34.213474839  117.135248429    43.5523   5   9   0.7932   0.9108   1.2313  -0.0032  -0.0171  -0.0499   0.00    0.0   -4.35333    0.03733   -0.05116   0.04336  0.04291  0.02275  0.00028 -0.00172  0.00135   -0.71014    0.29262  180.64136   0.01792  0.01781  0.39357  0.00090  0.01148  0.01788
2046 359294.000   34.213436237  117.135247808    43.3761   5   9   0.7966   0.9097   1.2347  -0.0023  -0.0168  -0.0499   0.00    0.0   -4.24177    0.00187   -0.02849   0.04336  0.04289  0.02276  0.00068 -0.00112  0.00084   -0.86353    0.09136  180.72439   0.01793  0.01782  0.39399  0.00089  0.01192  0.01708
2046 359295.000   34.213398475  117.135248072    43.2836   5   9   0.7997   0.9087   1.2381   0.0007  -0.0164  -0.0498   0.00    0.0   -4.14882    0.07122    0.01407   0.04333  0.04289  0.02277 -0.00002 -0.00018 -0.00043   -0.74573   -0.01741  180.04436   0.01793  0.01783  0.39443  0.00088  0.01258  0.01641
2046 359296.000   34.213362302  117.135249055    43.2443   5   9   0.8027   0.9077   1.2414   0.0026  -0.0161  -0.0498   0.00    0.0   -4.12026    0.09984   -0.02053   0.04331  0.04288  0.02278 -0.00026 -0.00006 -0.00063   -0.85828   -0.05690  179.96830   0.01793  0.01784  0.39488  0.00086  0.01322  0.01578
2046 359297.000   34.213325418  117.135249945    43.1431   5   9   0.8055   0.9067   1.2446   0.0036  -0.0157  -0.0498   0.00    0.0   -4.10796    0.11661   -0.01045   0.04331  0.04288  0.02279 -0.00023 -0.00017 -0.00075   -0.79855   -0.08245  179.52129   0.01794  0.01785  0.39533  0.00085  0.01382  0.01518
2046 359298.000   34.213288517  117.135250219    43.1985   5   9   0.8082   0.9058   1.2479   0.0040  -0.0155  -0.0498   0.00    0.0   -4.10802   -0.07285   -0.00098   0.04336  0.04288  0.02280  0.00132 -0.00021 -0.00080   -0.84462   -0.14509  181.52792   0.01794  0.01786  0.39574  0.00083  0.01435  0.01418
2046 359299.000   34.213251606  117.135249005    43.0051   5   9   0.8107   0.9050   1.2510   0.0044  -0.0151  -0.0498   0.00    0.0   -4.05519   -0.15482   -0.01335   0.04338  0.04288  0.02281  0.00160  0.00084 -0.00106   -0.54294   -0.01536  182.65071   0.01794  0.01787  0.39614  0.00080  0.01495  0.01298
2046 359300.000   34.213214525  117.135248267    43.1116   5   9   0.8131   0.9042   1.2541   0.0048  -0.0147  -0.0498   0.00    0.0   -4.04653   -0.11039   -0.00873   0.04335  0.04289  0.02282  0.00153  0.00070 -0.00110   -0.66542   -0.03012  182.66992   0.01794  0.01787  0.39655  0.00076  0.01553  0.01184
2046 359301.000   34.213177765  117.135247366    43.1905   5   9   0.8153   0.9034   1.2572   0.0053  -0.0143  -0.0498   0.00    0.0   -4.02107   -0.07968   -0.02439   0.04333  0.04289  0.02282  0.00147  0.00075 -0.00120   -0.46298    0.10028  182.17967   0.01794  0.01788  0.39698  0.00073  0.01612  0.01072
2046 359302.000   34.213140256  117.135247276    43.2645   5   9   0.8175   0.9027   1.2602   0.0058  -0.0139  -0.0498   0.00    0.0   -4.22551   -0.02617   -0.00717   0.04332  0.04292  0.02283  0.00133 -0.00133  0.00059   -0.68788    0.25380  181.14448   0.01794  0.01789  0.39742  0.00069  0.01627  0.00966
2046 359303.000   34.213101392  117.135247136    43.2587   5   9   0.8194   0.9020   1.2631   0.0061  -0.0136  -0.0498   0.00    0.0   -4.35645   -0.03039   -0.02029   0.04331  0.04295  0.02283  0.00136 -0.00169  0.00121   -0.64997    0.30363  181.14251   0.01795  0.01789  0.39784  0.00064  0.01615  0.00851
2046 359304.000   34.213061979  117.135246577    43.1504   5   9   0.8213   0.9013   1.2660   0.0061  -0.0132  -0.0497   0.00    0.0   -4.36077   -0.07900    0.03034   0.04333  0.04297  0.02284  0.00151 -0.00176  0.00120   -0.67606    0.39274  181.43429   0.01795  0.01789  0.39825  0.00059  0.01602  0.00707
2046 359305.000   34.213023024  117.135245997    43.1587   5   9   0.8231   0.9007   1.2689   0.0060  -0.0128  -0.0497   0.00    0.0   -4.22105   -0.01859    0.01026   0.04331  0.04295  0.02284  0.00132 -0.00101  0.00038   -0.66502    0.25050  180.84806   0.01795  0.01789  0.39871  0.00054  0.01620  0.00576
2046 359306.000   34.212984655  117.135246359    43.2306   5   9   0.8247   0.9001   1.2717   0.0060  -0.0125  -0.0497   0.00    0.0   -4.14251    0.00076   -0.02989   0.04330  0.04294  0.02285  0.00128 -0.00060 -0.00079   -0.89402    0.23373  180.65371   0.01795  0.01790  0.39917  0.00050  0.01651  0.00434
2046 359307.000   34.212947021  117.135246967    43.2228   5   8   0.8379   0.9121   1.2802   0.0060  -0.0124  -0.0504   0.00    0.0   -4.09859   -0.02938   -0.04502   0.04345  0.04313  0.02289  0.00142 -0.00041 -0.00102   -1.19683    0.18560  180.59861   0.01795  0.01790  0.39964  0.00044  0.01687  0.00192
2046 359308.000   34.212909888  117.135246837    43.2147   5   8   0.8509   0.9240   1.2887   0.0061  -0.0123  -0.0510   0.00    0.0   -4.11182   -0.07680   -0.03622   0.04358  0.04331  0.02294  0.00159 -0.00063 -0.00095   -0.69443    0.09995  181.85216   0.01795  0.01791  0.40010  0.00036  0.01716 -0.00365
2046 359309.000   34.212872169  117.135245637    43.1900   5   9   0.8511   0.9222   1.2911   0.0061  -0.0118  -0.0509   0.00    0.0   -4.12387   -0.07287   -0.00364   0.04353  0.04327  0.02293  0.00158 -0.00066 -0.00090   -0.54963    0.06861  181.39676   0.01795  0.01790  0.40056  0.00028  0.01744 -0.00535
2046 359310.000   34.212832237  117.135243471    44.3250   5   9   0.8512   0.9205   1.2936   0.0059  -0.0114  -0.0509   0.00    0.0   -4.02479   -0.09440   -0.00662   0.04348  0.04321  0.02293  0.00163  0.00054 -0.00138   -0.79929   -0.29789  181.73789   0.01794  0.01790  0.40103  0.00017  0.01792 -0.00646
2046 359311.000   34.212796867  117.135243119    44.4846   5   9   0.8514   0.9189   1.2959   0.0058  -0.0110  -0.0508   0.00    0.0   -3.89807   -0.09409    0.01798   0.04345  0.04319  0.02293  0.00166  0.00088 -0.00170   -0.61210   -0.25990  181.89327   0.01794  0.01790  0.40149 -0.00016  0.01856 -0.00735
2046 359312.000   34.212762579  117.135243062    44.4299   5  10   0.8336   0.9171   1.2927   0.0055  -0.0104  -0.0507   0.00    0.0   -3.76305   -0.11489    0.05355   0.04343  0.04293  0.02289  0.00173  0.00113 -0.00199   -1.00103    0.02992  181.67926   0.01794  0.01790  0.40194 -0.00028  0.01935 -0.00818
2046 359313.000   34.212726990  117.135241002    45.0367   5  10   0.8177   0.9153   1.2896   0.0052  -0.0098  -0.0506   0.00    0.0   -3.68341   -0.08467    0.03757   0.04339  0.04272  0.02286  0.00161  0.00088 -0.00217   -0.85214    0.23675  181.48650   0.01794  0.01790  0.40238 -0.00036  0.02018 -0.00876
2046 359314.000   34.212693508  117.135240009    45.2457   5  10   0.8035   0.9136   1.2866   0.0052  -0.0093  -0.0506   0.00    0.0   -3.77177   -0.03505    0.09075   0.04337  0.04255  0.02282  0.00145 -0.00022 -0.00194   -0.47890    0.14630  181.30412   0.01794  0.01790  0.40284 -0.00042  0.02080 -0.00910
2046 359315.000   34.212658520  117.135240356    45.4303   5  10   0.7907   0.9120   1.2836   0.0050  -0.0087  -0.0506   0.00    0.0   -3.93784   -0.00488    0.05320   0.04334  0.04241  0.02279  0.00135  0.00030 -0.00146   -0.55256    0.43947  180.50177   0.01793  0.01790  0.40331 -0.00046  0.02111 -0.00935
2046 359316.000   34.212622004  117.135240900    45.3681   5  10   0.7791   0.9105   1.2808   0.0043  -0.0082  -0.0505   0.00    0.0   -4.04975    0.00204    0.06472   0.04333  0.04236  0.02275  0.00132  0.00065 -0.00103   -0.80597    0.55622  179.67270   0.01793  0.01790  0.40377 -0.00049  0.02119 -0.00958
2046 359317.000   34.212585759  117.135242540    45.4657   5  10   0.7687   0.9091   1.2780   0.0035  -0.0079  -0.0505   0.00    0.0   -4.13979    0.02002    0.08137   0.04332  0.04233  0.02272  0.00127  0.00093 -0.00038   -0.58218    0.28214  179.80866   0.01793  0.01790  0.40421 -0.00052  0.02110 -0.00976
2046 359318.000   34.212547831  117.135243431    45.3686   5  10   0.7592   0.9077   1.2753   0.0019  -0.0074  -0.0504   0.00    0.0   -4.18183    0.03240    0.03940   0.04330  0.04231  0.02270  0.00122  0.00110  0.00052   -0.84716    0.20547  179.82873   0.01793  0.01789  0.40464 -0.00054  0.02094 -0.00986
2046 359319.000   34.212509940  117.135244166    45.4660   5  10   0.7505   0.9064   1.2727  -0.0024  -0.0071  -0.0503   0.00    0.0   -4.08828   -0.00439    0.01648   0.04329  0.04226  0.02267  0.00136  0.00072 -0.00072   -0.75570    0.05581  180.60071   0.01793  0.01789  0.40509 -0.00057  0.02092 -0.01002
2046 359320.000   34.212473806  117.135244129    45.3496   5  10   0.7427   0.9051   1.2701  -0.0035  -0.0069  -0.0503   0.00    0.0   -4.03637   -0.13106    0.04832   0.04329  0.04226  0.02265  0.00173 -0.00076 -0.00090   -0.55418   -0.08906  181.90911   0.01793  0.01789  0.40555 -0.00061  0.02097 -0.01053
2046 359321.000   34.212437900  117.135242946    45.2995   5  10   0.7356   0.9040   1.2676  -0.0042  -0.0065  -0.0502   0.00    0.0   -4.01253   -0.14326    0.04086   0.04329  0.04226  0.02263  0.00176 -0.00069 -0.00094   -0.65811    0.07540  182.17819   0.01793  0.01788  0.40601 -0.00065  0.02103 -0.01099
2046 359322.000   34.212401103  117.135241080    45.4367   5   9   0.7493   0.9159   1.2760  -0.0050  -0.0064  -0.0509   0.00    0.0   -4.06135   -0.14623    0.03866   0.04343  0.04258  0.02268  0.00176 -0.00062 -0.00063   -0.69010    0.20354  182.17354   0.01793  0.01788  0.40646 -0.00069  0.02100 -0.01139
2046 359323.000   34.212363834  117.135239571    45.2340   5   9   0.7630   0.9278   1.2844  -0.0056  -0.0061  -0.0516   0.00    0.0   -4.08552   -0.08611    0.02339   0.04356  0.04285  0.02273  0.00160  0.00074 -0.00042   -0.78107    0.11916  181.28549   0.01793  0.01788  0.40690 -0.00072  0.02091 -0.01158
2046 359324.000   34.212326416  117.135239660    45.3160   5  10   0.7543   0.9254   1.2815  -0.0058  -0.0057  -0.0514   0.00    0.0   -4.08926   -0.04456    0.09032   0.04352  0.04275  0.02270  0.00147  0.00108 -0.00038   -0.69699   -0.08626  180.44601   0.01792  0.01787  0.40734 -0.00073  0.02080 -0.01161
2046 359325.000   34.212289886  117.135239923    45.2549   5  10   0.7463   0.9232   1.2787  -0.0061  -0.0054  -0.0513   0.00    0.0   -3.99857   -0.07761    0.04392   0.04346  0.04262  0.02268  0.00156  0.00078 -0.00093   -0.62365    0.30554  180.78256   0.01792  0.01786  0.40780 -0.00075  0.02084 -0.01173
2046 359326.000   34.212254568  117.135240396    45.2296   5  10   0.7391   0.9211   1.2759  -0.0062  -0.0051  -0.0512   0.00    0.0   -3.96777   -0.09937    0.09314   0.04343  0.04255  0.02265  0.00164  0.00065 -0.00101   -0.71043    0.00016  181.25063   0.01792  0.01785  0.40827 -0.00077  0.02090 -0.01189
2046 359327.000   34.212219568  117.135241119    45.3038   5  10   0.7325   0.9191   1.2733  -0.0063  -0.0048  -0.0511   0.00    0.0   -3.95219   -0.07169    0.03825   0.04339  0.04248  0.02263  0.00158  0.00081 -0.00101   -0.73921   -0.10067  180.99182   0.01792  0.01784  0.40873 -0.00078  0.02096 -0.01196
2046 359328.000   34.212184377  117.135240967    45.0565   5  10   0.7265   0.9171   1.2707  -0.0064  -0.0045  -0.0510   0.00    0.0   -3.89110   -0.05924    0.05412   0.04337  0.04242  0.02261  0.00154  0.00080 -0.00121   -0.68462   -0.09929  181.17041   0.01791  0.01783  0.40920 -0.00080  0.02108 -0.01199
2046 359329.000   34.212150281  117.135241279    45.0461   5  10   0.7210   0.9153   1.2681  -0.0065  -0.0041  -0.0509   0.00    0.0   -3.77143    0.01947    0.01755   0.04335  0.04237  0.02259  0.00130  0.00061 -0.00154   -0.54185   -0.05204  180.15249   0.01791  0.01783  0.40966 -0.00081  0.02137 -0.01175
2046 359330.000   34.212116816  117.135241773    44.8506   5  10   0.7160   0.9136   1.2657  -0.0066  -0.0036  -0.0508   0.00    0.0   -3.68928    0.07731    0.00238   0.04334  0.04233  0.02257  0.00107 -0.00035 -0.00173   -0.76078    0.20454  179.14970   0.01791  0.01782  0.41011 -0.00081  0.02174 -0.01136
2046 359331.000   34.212084257  117.135244434    45.0216   5  10   0.7115   0.9119   1.2633  -0.0065  -0.0036  -0.0508   0.00    0.0   -3.68792    0.04985   -0.01686   0.04331  0.04229  0.02256  0.00123  0.00047 -0.00168   -0.47928   -0.11233  178.89246   0.01791  0.01782  0.41058 -0.00081  0.02206 -0.01107
2046 359332.000   34.212049328  117.135245676    45.1647   5  10   0.7073   0.9103   1.2609  -0.0064  -0.0032  -0.0507   0.00    0.0   -3.90383    0.06409    0.03406   0.04331  0.04231  0.02254  0.00116  0.00152 -0.00093   -1.01298   -0.04502  180.25082   0.01791  0.01782  0.41101 -0.00080  0.02200 -0.01080
2046 359333.000   34.212015332  117.135244926    45.1097   5   9   0.7217   0.9222   1.2693  -0.0067  -0.0028  -0.0514   0.00    0.0   -3.82057   -0.04633    0.12701   0.04346  0.04260  0.02260  0.00154  0.00095 -0.00120   -0.82038   -0.07331  181.74708   0.01791  0.01782  0.41147 -0.00081  0.02206 -0.01078
2046 359334.000   34.211982049  117.135243852    44.9985   5   9   0.7360   0.9340   1.2777  -0.0070  -0.0019  -0.0521   0.00    0.0   -3.64124   -0.07625    0.02950   0.04356  0.04281  0.02265  0.00165  0.00052 -0.00169   -0.69789   -0.62227  181.97586   0.01791  0.01783  0.41195 -0.00082  0.02235 -0.01076
2046 359335.000   34.211949749  117.135244050    44.9538   5  10   0.7300   0.9313   1.2749  -0.0071   0.0017  -0.0519   0.00    0.0   -3.49435    0.05287    0.05969   0.04352  0.04268  0.02263  0.00128 -0.00082 -0.00199   -0.73670   -0.22898  179.55671   0.01791  0.01782  0.41241 -0.00082  0.02281 -0.01033
2046 359336.000   34.211918572  117.135247715    44.9232   5  10   0.7245   0.9287   1.2723  -0.0074   0.0035  -0.0518   0.00    0.0   -3.22620    0.57808   -0.00408   0.04370  0.04260  0.02261 -0.00168 -0.00324 -0.00252   -1.06437   -0.33515  171.50288   0.01790  0.01782  0.41261 -0.00075  0.02358 -0.00801
2046 359337.000   34.211890059  117.135257814    44.9152   5  10   0.7194   0.9263   1.2697  -0.0075   0.0041  -0.0516   0.00    0.0   -2.97003    1.10495    0.02585   0.04409  0.04259  0.02260 -0.00267 -0.00529 -0.00294   -1.09845   -0.71891  161.00102   0.01789  0.01782  0.41235 -0.00057  0.02457  0.00303
2046 359338.000   34.211864136  117.135271834    44.9209   5  10   0.7148   0.9239   1.2672  -0.0072   0.0037  -0.0515   0.00    0.0   -2.75508    1.32459    0.01518   0.04419  0.04258  0.02258 -0.00295 -0.00622 -0.00322   -1.28707   -1.06182  155.41038   0.01789  0.01782  0.41188 -0.00008  0.02570  0.00945
2046 359339.000   34.211839206  117.135286095    44.3357   5  10   0.7106   0.9217   1.2647  -0.0069   0.0031  -0.0515   0.00    0.0   -2.51525    1.58638   -0.02549   0.04439  0.04262  0.02257 -0.00329 -0.00734 -0.00352   -1.39734   -0.84388  148.51103   0.01788  0.01782  0.41111  0.00065  0.02697  0.01336
2046 359340.000   34.211817462  117.135306360    44.2915   5   9   0.7176   0.9199   1.2675  -0.0067   0.0023  -0.0514   0.00    0.0   -2.22182    1.98503   -0.02534   0.04477  0.04294  0.02259 -0.00373 -0.00880 -0.00386   -1.71123   -0.87167  138.98985   0.01787  0.01783  0.40983  0.00100  0.02838  0.01678
2046 359341.000   34.211797642  117.135332611    44.2140   5  10   0.7132   0.9179   1.2650  -0.0063  -0.0005  -0.0514   0.00    0.0   -2.00111    2.58152   -0.05286   0.04553  0.04296  0.02258 -0.00431 -0.01025 -0.00410   -1.62957   -0.58293  129.02837   0.01786  0.01782  0.40776  0.00136  0.02980  0.02019
2046 359342.000   34.211781543  117.135363839    44.0841   5  11   0.7020   0.9150   1.2516  -0.0060  -0.0034  -0.0513   0.00    0.0   -1.56600    2.93998   -0.04650   0.04581  0.04316  0.02250 -0.00461 -0.01181 -0.00452   -1.90662   -0.18526  118.59857   0.01785  0.01781  0.40514  0.00170  0.03139  0.02314
2046 359343.000   34.211769954  117.135399041    44.1137   5  10   0.6989   0.9132   1.2496  -0.0059  -0.0052  -0.0512   0.00    0.0   -0.88206    3.29102   -0.06435   0.04605  0.04401  0.02250 -0.00490 -0.01401 -0.00511   -1.67550   -0.12240  107.11270   0.01783  0.01782  0.40165  0.00206  0.03331  0.02568
2046 359344.000   34.211765668  117.135437222    44.0023   5   8   0.7135   0.9250   1.2579  -0.0064  -0.0070  -0.0521   0.00    0.0   -0.27872    3.44817   -0.03794   0.04600  0.04507  0.02257 -0.00504 -0.01480 -0.00556   -1.78815    0.14927   95.65951   0.01780  0.01784  0.39782  0.00241  0.03537  0.02767
2046 359345.000   34.211767026  117.135477938    43.6290   5   8   0.7150   0.9243   1.2503  -0.0070  -0.0083  -0.0522   0.00    0.0    0.17630    3.59544   -0.07878   0.04579  0.04551  0.02253 -0.00513 -0.01478 -0.00586   -1.75567    0.67396   88.80102   0.01776  0.01785  0.39399  0.00274  0.03738  0.02926
2046 359346.000   34.211766702  117.135517643    43.6826   5   7   0.7165   0.9254   1.2436  -0.0080  -0.0094  -0.0525   0.00    0.0    0.31093    3.82059   -0.03342   0.04587  0.04534  0.02249 -0.00528 -0.01422 -0.00594   -1.56191    0.77239   86.30501   0.01772  0.01786  0.39053  0.00305  0.03916  0.03070
2046 359347.000   34.211770721  117.135559105    43.5580   5   9   0.7131   0.9273   1.2326  -0.0092  -0.0104  -0.0529   0.00    0.0    0.42150    3.89773   -0.03441   0.04568  0.04498  0.02243 -0.00529 -0.01299 -0.00596   -1.53444    0.63853   84.73710   0.01767  0.01786  0.38773  0.00333  0.04074  0.03190
2046 359348.000   34.211775087  117.135601227    43.4677   5   8   0.7225   0.9296   1.2363  -0.0106  -0.0116  -0.0533   0.00    0.0    0.49171    3.96827   -0.06744   0.04552  0.04486  0.02246 -0.00529 -0.01173 -0.00595   -1.67832    0.86461   84.21829   0.01762  0.01787  0.38555  0.00358  0.04211  0.03292
2046 359349.000   34.211778877  117.135644249    43.5363   5   9   0.7292   0.9273   1.2395  -0.0119  -0.0126  -0.0534   0.00    0.0    0.42434    4.03191   -0.09207   0.04534  0.04454  0.02248 -0.00526 -0.01011 -0.00582   -1.70692    0.34201   85.43042   0.01757  0.01788  0.38406  0.00380  0.04325  0.03381
2046 359350.000   34.211781046  117.135687811    43.3892   5   7   0.7437   0.9391   1.2479  -0.0132  -0.0137  -0.0544   0.00    0.0    0.18591    4.16999   -0.09331   0.04545  0.04430  0.02254 -0.00526 -0.00819 -0.00556   -1.86377   -0.20769   88.69853   0.01753  0.01787  0.38316  0.00399  0.04411  0.03468
2046 359351.000   34.211782884  117.135734353    43.0703   5   8   0.7582   0.9507   1.2563  -0.0144  -0.0147  -0.0553   0.00    0.0    0.06158    4.23064   -0.09652   0.04541  0.04429  0.02259 -0.00518 -0.00635 -0.00536   -1.79332   -0.17408   90.79407   0.01749  0.01786  0.38269  0.00415  0.04475  0.03545
2046 359352.000   34.211782292  117.135779148    43.0979   5   7   0.7724   0.9622   1.2647  -0.0151  -0.0156  -0.0562   0.00    0.0    0.02296    4.32487   -0.11173   0.04543  0.04440  0.02265 -0.00516 -0.00510 -0.00523   -2.09159    0.16899   91.17611   0.01746  0.01784  0.38243  0.00429  0.04525  0.03615
2046 359353.000   34.211779463  117.135825322    43.5144   5   7   0.7864   0.9737   1.2730  -0.0158  -0.0164  -0.0570   0.00    0.0    0.00658    4.29119   -0.11623   0.04531  0.04453  0.02270 -0.00503 -0.00380 -0.00513   -0.98541    0.76492   91.95452   0.01743  0.01782  0.38242  0.00439  0.04563  0.03667
2046 359354.000   34.211779340  117.135871778    43.3487   5   8   0.8003   0.9850   1.2814  -0.0165  -0.0172  -0.0577   0.00    0.0   -0.04980    4.25777   -0.06427   0.04523  0.04464  0.02275 -0.00487 -0.00200 -0.00497   -1.61253    0.41970   91.28702   0.01739  0.01780  0.38261  0.00446  0.04587  0.03703
2046 359355.000   34.211779576  117.135917845    43.4931   5   7   0.8139   0.9962   1.2897  -0.0170  -0.0178  -0.0584   0.00    0.0    0.05503    4.22454   -0.06259   0.04518  0.04476  0.02280 -0.00473 -0.00129 -0.00494   -1.84232    0.57219   89.82307   0.01736  0.01777  0.38291  0.00450  0.04608  0.03723
2046 359356.000   34.211781010  117.135963379    43.1700   5   7   0.8274   1.0073   1.2980  -0.0175  -0.0184  -0.0591   0.00    0.0    0.03231    4.24513   -0.03430   0.04517  0.04486  0.02284 -0.00462  0.00147 -0.00480   -1.85854    0.51550   90.44160   0.01733  0.01774  0.38327  0.00453  0.04618  0.03735
2046 359357.000   34.211780002  117.136008748    43.2603   5  10   0.8124   1.0002   1.2947  -0.0172  -0.0181  -0.0586   0.00    0.0   -0.09487    4.22941   -0.08752   0.04495  0.04443  0.02281 -0.00444  0.00220 -0.00456   -1.68197    0.71974   92.35918   0.01730  0.01770  0.38363  0.00453  0.04613  0.03738
2046 359358.000   34.211782561  117.136057199    42.9111   5  10   0.7990   0.9936   1.2915  -0.0169  -0.0178  -0.0582   0.00    0.0   -0.03930    4.20775   -0.10056   0.04476  0.04409  0.02279 -0.00426  0.00180 -0.00446   -1.69454    0.60068   91.87644   0.01727  0.01766  0.38401  0.00450  0.04601  0.03728
2046 359359.000   34.211782768  117.136103739    42.8661   5  10   0.7870   0.9873   1.2884  -0.0165  -0.0175  -0.0579   0.00    0.0   -0.00372    4.22540   -0.10647   0.04463  0.04382  0.02276 -0.00413  0.00132 -0.00437   -1.38397    0.41323   91.98411   0.01725  0.01763  0.38437  0.00446  0.04585  0.03710
2046 359360.000   34.211781295  117.136148289    42.6961   5  10   0.7762   0.9814   1.2853  -0.0162  -0.0172  -0.0576   0.00    0.0   -0.17411    4.20304   -0.07141   0.04451  0.04371  0.02274 -0.00396 -0.00100 -0.00408   -1.74697    0.23096   93.83553   0.01723  0.01761  0.38462  0.00440  0.04551  0.03684
2046 359361.000   34.211778995  117.136190865    42.1616   5  10   0.7664   0.9759   1.2824  -0.0157  -0.0169  -0.0574   0.00    0.0   -0.26420    4.14434   -0.10725   0.04441  0.04361  0.02271 -0.00378 -0.00236 -0.00387   -1.75718    0.23551   95.41870   0.01722  0.01758  0.38478  0.00432  0.04506  0.03650
2046 359362.000   34.211776901  117.136235455    41.8687   5  10   0.7575   0.9706   1.2795  -0.0152  -0.0166  -0.0572   0.00    0.0   -0.31333    4.11400   -0.06596   0.04433  0.04354  0.02269 -0.00360 -0.00322 -0.00369   -1.83004    0.13112   95.98264   0.01721  0.01755  0.38486  0.00422  0.04453  0.03609
2046 359363.000   34.211775296  117.136277656    40.7571   5   9   0.7714   0.9819   1.2878  -0.0151  -0.0169  -0.0580   0.00    0.0   -0.19156    4.07903   -0.08366   0.04442  0.04371  0.02275 -0.00347 -0.00351 -0.00371   -1.69977    0.46673   94.32588   0.01721  0.01754  0.38496  0.00411  0.04401  0.03559
2046 359364.000   34.211774333  117.136322948    40.7561   5   7   0.7852   0.9931   1.2961  -0.0151  -0.0172  -0.0588   0.00    0.0    0.00017    4.06572   -0.11296   0.04449  0.04379  0.02280 -0.00335 -0.00354 -0.00383   -1.79653    0.84623   92.00846   0.01721  0.01754  0.38514  0.00401  0.04357  0.03501
2046 359365.000   34.211772283  117.136367719    40.9045   5   7   0.7919   0.9931   1.2990  -0.0149  -0.0173  -0.0589   0.00    0.0    0.04478    4.02367   -0.09615   0.04447  0.04383  0.02281 -0.00317 -0.00385 -0.00380   -1.77204    0.80094   91.15456   0.01720  0.01754  0.38528  0.00389  0.04313  0.03433
2046 359366.000   34.211773865  117.136412531    40.9207   5   8   0.7983   0.9925   1.3019  -0.0149  -0.0173  -0.0589   0.00    0.0    0.02436    4.00347   -0.09549   0.04443  0.04391  0.02282 -0.00299 -0.00430 -0.00366   -1.72901    0.39893   91.57445   0.01720  0.01753  0.38536  0.00376  0.04262  0.03358
2046 359367.000   34.211773180  117.136456432    40.8617   5   9   0.8013   0.9866   1.3041  -0.0145  -0.0172  -0.0587   0.00    0.0   -0.09571    4.00341   -0.11083   0.04432  0.04399  0.02283 -0.00283 -0.00483 -0.00341   -1.88706    0.21270   93.43859   0.01721  0.01753  0.38533  0.00363  0.04201  0.03281
2046 359368.000   34.211771700  117.136501192    40.8988   5  10   0.7890   0.9807   1.3006  -0.0137  -0.0167  -0.0584   0.00    0.0   -0.10416    3.96279   -0.11451   0.04425  0.04372  0.02280 -0.00260 -0.00519 -0.00331   -1.80065    0.14640   93.43950   0.01721  0.01751  0.38524  0.00349  0.04137  0.03195
2046 359369.000   34.211770139  117.136545199    40.8773   5  10   0.7779   0.9751   1.2973  -0.0129  -0.0163  -0.0581   0.00    0.0   -0.11886    3.95825   -0.07479   0.04417  0.04352  0.02278 -0.00243 -0.00536 -0.00318   -1.69100    0.12799   93.76584   0.01722  0.01751  0.38512  0.00334  0.04071  0.03104
2046 359370.000   34.211769009  117.136588475    40.7361   5  10   0.7678   0.9698   1.2940  -0.0121  -0.0158  -0.0579   0.00    0.0   -0.09910    3.91453   -0.11120   0.04412  0.04332  0.02275 -0.00221 -0.00553 -0.00311   -1.69696    0.30157   93.57986   0.01724  0.01751  0.38497  0.00319  0.04004  0.03005
2046 359371.000   34.211767864  117.136631374    40.6776   5  10   0.7587   0.9648   1.2908  -0.0113  -0.0154  -0.0576   0.00    0.0   -0.11039    3.87537   -0.10864   0.04407  0.04319  0.02273 -0.00199 -0.00575 -0.00299   -1.60210    0.90942   93.59632   0.01725  0.01751  0.38479  0.00303  0.03932  0.02899
2046 359372.000   34.211767331  117.136674044    40.6772   5  11   0.7419   0.9590   1.2760  -0.0105  -0.0146  -0.0573   0.00    0.0   -0.12017    3.86024   -0.12151   0.04400  0.04296  0.02264 -0.00181 -0.00584 -0.00285   -1.69959    0.94055   93.65546   0.01727  0.01752  0.38459  0.00287  0.03856  0.02787
2046 359373.000   34.211764840  117.136716180    40.7623   5  11   0.7271   0.9535   1.2619  -0.0099  -0.0140  -0.0570   0.00    0.0   -0.20180    3.87051   -0.06275   0.04392  0.04284  0.02255 -0.00169 -0.00594 -0.00263   -1.84516    0.96799   94.59878   0.01729  0.01752  0.38435  0.00271  0.03774  0.02674
2046 359374.000   34.211763370  117.136758153    40.6105   5  10   0.7215   0.9493   1.2596  -0.0094  -0.0136  -0.0569   0.00    0.0   -0.14740    3.86189   -0.10330   0.04386  0.04275  0.02254 -0.00157 -0.00575 -0.00261   -1.94907    0.98615   94.12923   0.01732  0.01753  0.38416  0.00254  0.03695  0.02558
2046 359375.000   34.211761486  117.136800411    40.6979   5  10   0.7165   0.9454   1.2574  -0.0092  -0.0133  -0.0567   0.00    0.0   -0.22283    3.87313   -0.09873   0.04380  0.04279  0.02254 -0.00145 -0.00580 -0.00239   -2.08252    0.83723   94.70787   0.01734  0.01754  0.38394  0.00238  0.03610  0.02440
2046 359376.000   34.211759524  117.136842463    40.5784   5   9   0.7306   0.9568   1.2657  -0.0094  -0.0134  -0.0576   0.00    0.0   -0.16631    3.84517   -0.06271   0.04391  0.04302  0.02259 -0.00124 -0.00562 -0.00240   -2.07047    0.76245   94.31992   0.01737  0.01757  0.38378  0.00221  0.03529  0.02314
2046 359377.000   34.211759197  117.136884629    40.4073   5   9   0.7447   0.9681   1.2739  -0.0096  -0.0135  -0.0583   0.00    0.0    0.08595    3.81829   -0.10867   0.04400  0.04305  0.02265 -0.00104 -0.00489 -0.00273   -1.85846    0.74507   91.17460   0.01740  0.01759  0.38379  0.00205  0.03468  0.02178
2046 359378.000   34.211760844  117.136926170    40.4309   5   8   0.7588   0.9794   1.2822  -0.0100  -0.0135  -0.0591   0.00    0.0    0.26247    3.77571   -0.09519   0.04409  0.04318  0.02270 -0.00068 -0.00436 -0.00292   -1.78321    0.88824   87.98012   0.01743  0.01762  0.38387  0.00188  0.03419  0.02028
2046 359379.000   34.211762681  117.136967068    40.5069   5   7   0.7728   0.9906   1.2905  -0.0103  -0.0136  -0.0598   0.00    0.0    0.33065    3.67708   -0.08925   0.04421  0.04335  0.02276  0.00079 -0.00429 -0.00297   -1.69196    1.39817   86.60645   0.01745  0.01764  0.38395  0.00171  0.03372  0.01855
2046 359380.000   34.211766886  117.137008249    40.2889   5   8   0.7867   1.0016   1.2987  -0.0106  -0.0137  -0.0605   0.00    0.0    0.51027    3.60887   -0.05842   0.04430  0.04346  0.02281  0.00120 -0.00372 -0.00315   -1.40427    1.66987   84.67545   0.01748  0.01766  0.38405  0.00152  0.03336  0.01654
2046 359381.000   34.211770716  117.137047562    40.2600   5   9   0.8004   1.0126   1.3070  -0.0110  -0.0137  -0.0612   0.00    0.0    0.51305    3.56016   -0.13583   0.04433  0.04360  0.02285  0.00145 -0.00379 -0.00309   -2.03160    1.37692   84.11870   0.01751  0.01769  0.38416  0.00131  0.03297  0.01429
2046 359382.000   34.211774154  117.137087395    40.5023   5   8   0.8139   1.0235   1.3152  -0.0113  -0.0136  -0.0619   0.00    0.0    0.48588    3.57498   -0.07847   0.04434  0.04375  0.02290  0.00151 -0.00381 -0.00300   -1.81710    1.05414   84.26544   0.01754  0.01771  0.38428  0.00109  0.03256  0.01178
2046 359383.000   34.211777865  117.137126524    40.4101   5  10   0.8004   1.0153   1.3114  -0.0111  -0.0130  -0.0613   0.00    0.0    0.38091    3.58412   -0.05191   0.04415  0.04344  0.02287  0.00156 -0.00408 -0.00276   -1.79177    0.35172   85.79278   0.01756  0.01771  0.38441  0.00086  0.03205  0.00877
2046 359384.000   34.211780278  117.137166007    40.2081   5  10   0.7882   1.0076   1.3077  -0.0110  -0.0123  -0.0608   0.00    0.0    0.25272    3.70969   -0.08448   0.04391  0.04321  0.02284  0.00126 -0.00393 -0.00245   -1.94526    0.62231   87.98869   0.01759  0.01772  0.38456  0.00062  0.03145  0.00510
2046 359385.000   34.211781899  117.137207714    40.0841   5  10   0.7772   1.0003   1.3041  -0.0109  -0.0117  -0.0603   0.00    0.0    0.16539    3.87875   -0.07182   0.04372  0.04303  0.02281  0.00060 -0.00329 -0.00217   -1.90123    0.42329   89.15876   0.01762  0.01773  0.38474  0.00034  0.03078 -0.00361
2046 359386.000   34.211782945  117.137250592    40.1243   5  10   0.7672   0.9935   1.3007  -0.0108  -0.0111  -0.0598   0.00    0.0    0.14048    3.98133   -0.10962   0.04360  0.04284  0.02279 -0.00056 -0.00265 -0.00202   -2.14238    0.45536   89.60197   0.01765  0.01774  0.38494 -0.00029  0.03011 -0.00668
2046 359387.000   34.211783069  117.137294256    40.0706   5  10   0.7582   0.9870   1.2973  -0.0108  -0.0105  -0.0593   0.00    0.0    0.06394    4.02410   -0.10446   0.04352  0.04274  0.02276 -0.00067 -0.00234 -0.00177   -2.06356    0.30418   90.78194   0.01769  0.01775  0.38512 -0.00050  0.02938 -0.00850
2046 359388.000   34.211783547  117.137338449    39.9968   5  10   0.7500   0.9810   1.2940  -0.0107  -0.0100  -0.0589   0.00    0.0    0.01637    4.02219   -0.05689   0.04348  0.04266  0.02274 -0.00044 -0.00228 -0.00154   -1.82457    0.35297   90.95695   0.01772  0.01777  0.38529 -0.00063  0.02861 -0.01001
2046 359389.000   34.211783669  117.137382397    39.8771   5  10   0.7425   0.9752   1.2908  -0.0106  -0.0095  -0.0585   0.00    0.0    0.03645    3.98452   -0.03678   0.04344  0.04254  0.02272  0.00054 -0.00237 -0.00150   -1.58312    0.10341   91.01328   0.01774  0.01778  0.38548 -0.00074  0.02788 -0.01140
2046 359390.000   34.211783520  117.137425726    39.8802   5  10   0.7357   0.9698   1.2877  -0.0105  -0.0090  -0.0582   0.00    0.0    0.00326    3.91423   -0.04633   0.04341  0.04248  0.02270  0.00102 -0.00267 -0.00131   -1.28092    0.12947   91.86102   0.01777  0.01780  0.38567 -0.00084  0.02712 -0.01279
2046 359391.000   34.211782727  117.137467520    39.8115   5  10   0.7295   0.9647   1.2847  -0.0105  -0.0084  -0.0578   0.00    0.0   -0.03100    3.83093   -0.05859   0.04340  0.04244  0.02268  0.00135 -0.00294 -0.00110   -1.36535    0.61397   92.16425   0.01780  0.01781  0.38585 -0.00092  0.02633 -0.01415
2046 359392.000   34.211781960  117.137508784    39.8607   5  11   0.7162   0.9587   1.2702  -0.0104  -0.0076  -0.0573   0.00    0.0   -0.01053    3.78774   -0.07207   0.04337  0.04224  0.02260  0.00149 -0.00287 -0.00108   -1.58751    0.34645   92.46804   0.01783  0.01782  0.38606 -0.00099  0.02556 -0.01540
2046 359393.000   34.211781144  117.137549962    39.8800   5  10   0.7116   0.9542   1.2677  -0.0106  -0.0070  -0.0570   0.00    0.0   -0.07319    3.75306   -0.05003   0.04337  0.04228  0.02259  0.00162 -0.00290 -0.00065   -1.85455    0.56380   92.55170   0.01785  0.01783  0.38626 -0.00105  0.02474 -0.01655
2046 359394.000   34.211780686  117.137590649    39.7815   5  10   0.7074   0.9500   1.2652  -0.0108  -0.0062  -0.0567   0.00    0.0   -0.08459    3.74097   -0.06383   0.04336  0.04227  0.02258  0.00167 -0.00270 -0.00031   -2.01584    0.50287   92.68453   0.01787  0.01784  0.38647 -0.00109  0.02391 -0.01756
2046 359395.000   34.211780360  117.137631789    39.6718   5  10   0.7036   0.9459   1.2628  -0.0109  -0.0055  -0.0564   0.00    0.0    0.01985    3.72403   -0.06781   0.04335  0.04220  0.02257  0.00172 -0.00236 -0.00089   -1.78254    0.40332   91.59821   0.01789  0.01785  0.38676 -0.00112  0.02322 -0.01850
2046 359396.000   34.211780725  117.137672638    39.6823   5  10   0.7002   0.9421   1.2605  -0.0111  -0.0045  -0.0561   0.00    0.0    0.22418    3.71511   -0.07784   0.04335  0.04211  0.02256  0.00174 -0.00178 -0.00157   -1.72739    0.57652   88.77658   0.01791  0.01786  0.38713 -0.00117  0.02281 -0.01937
2046 359397.000   34.211782359  117.137713350    39.6895   5  11   0.6902   0.9374   1.2473  -0.0112  -0.0034  -0.0557   0.00    0.0    0.29581    3.73924   -0.05974   0.04334  0.04199  0.02249  0.00168 -0.00137 -0.00171   -1.89135    0.46047   87.24835   0.01793  0.01787  0.38753 -0.00120  0.02249 -0.02010
2046 359398.000   34.211785448  117.137754873    39.5734   5  11   0.6812   0.9331   1.2347  -0.0113  -0.0016  -0.0554   0.00    0.0    0.20379    3.83161   -0.07396   0.04333  0.04194  0.02242  0.00145 -0.00070 -0.00136   -1.70993   -0.03788   88.40171   0.01794  0.01787  0.38791 -0.00122  0.02205 -0.02064
2046 359399.000   34.211786269  117.137797202    39.6203   5  11   0.6732   0.9289   1.2228  -0.0115   0.0025  -0.0550   0.00    0.0    0.13049    3.96714   -0.08452   0.04334  0.04190  0.02236  0.00098  0.00148 -0.00103   -1.71236    0.01783   89.68952   0.01796  0.01787  0.38827 -0.00122  0.02155 -0.02094
2046 359400.000   34.211786154  117.137841104    39.6362   5  11   0.6660   0.9250   1.2115  -0.0115   0.0036  -0.0547   0.00    0.0    0.05619    4.09450   -0.06828   0.04338  0.04189  0.02231 -0.00027  0.00226 -0.00056   -1.79412    0.06211   90.78506   0.01796  0.01787  0.38858 -0.00120  0.02096 -0.02103
2046 359401.000   34.211786119  117.137885925    39.5145   5  10   0.6656   0.9224   1.2104  -0.0116   0.0044  -0.0545   0.00    0.0    0.00405    4.15698   -0.08440   0.04341  0.04198  0.02232 -0.00073  0.00260  0.00051   -1.80531    0.19635   91.52420   0.01797  0.01788  0.38887 -0.00119  0.02032 -0.02103
2046 359402.000   34.211785786  117.137931540    39.3870   5  10   0.6652   0.9198   1.2094  -0.0115   0.0048  -0.0543   0.00    0.0   -0.04631    4.17715   -0.08098   0.04343  0.04206  0.02233 -0.00077  0.00274  0.00090   -1.73311    0.35237   91.97941   0.01798  0.01788  0.38915 -0.00116  0.01960 -0.02099
2046 359403.000   34.211785577  117.137977543    39.3239   5  10   0.6649   0.9174   1.2085  -0.0114   0.0052  -0.0541   0.00    0.0    0.09286    4.23131   -0.08440   0.04345  0.04204  0.02234 -0.00098  0.00234 -0.00062   -1.71885    0.23297   90.31275   0.01798  0.01788  0.38947 -0.00115  0.01912 -0.02089
2046 359404.000   34.211786145  117.138023740    39.2956   5  10   0.6648   0.9151   1.2075  -0.0112   0.0055  -0.0539   0.00    0.0    0.06718    4.25842   -0.09311   0.04347  0.04208  0.02234 -0.00104  0.00242 -0.00029   -1.76948   -0.07879   90.61279   0.01798  0.01788  0.38978 -0.00113  0.01863 -0.02075
2046 359405.000   34.211786570  117.138069824    39.3162   5  10   0.6646   0.9130   1.2066  -0.0111   0.0057  -0.0537   0.00    0.0    0.02945    4.29549   -0.03635   0.04350  0.04213  0.02235 -0.00114  0.00257  0.00057   -1.77504    0.18822   90.54052   0.01799  0.01787  0.39007 -0.00111  0.01809 -0.02057
2046 359406.000   34.211786677  117.138116381    39.2349   5  10   0.6646   0.9110   1.2057  -0.0109   0.0059  -0.0535   0.00    0.0    0.03559    4.30406   -0.09182   0.04349  0.04213  0.02236 -0.00111  0.00245  0.00056   -1.74452    0.13004   91.01220   0.01799  0.01787  0.39038 -0.00110  0.01758 -0.02039
2046 359407.000   34.211786774  117.138163513    39.1608   5  11   0.6586   0.9082   1.1952  -0.0105   0.0059  -0.0532   0.00    0.0    0.06868    4.30410   -0.07779   0.04348  0.04201  0.02231 -0.00105  0.00218  0.00027   -1.56457    0.08560   90.66132   0.01799  0.01786  0.39070 -0.00108  0.01714 -0.02024
2046 359408.000   34.211787191  117.138210632    39.0326   5  11   0.6533   0.9055   1.1853  -0.0102   0.0059  -0.0530   0.00    0.0    0.04793    4.33472   -0.07382   0.04349  0.04193  0.02227 -0.00110  0.00224  0.00057   -1.69174    0.01002   90.74086   0.01798  0.01785  0.39101 -0.00107  0.01669 -0.02005
2046 359409.000   34.211787782  117.138257603    38.9676   5  11   0.6484   0.9029   1.1758  -0.0099   0.0059  -0.0528   0.00    0.0    0.05566    4.31659   -0.03608   0.04347  0.04186  0.02223 -0.00096  0.00206  0.00056   -1.42672    0.02952   90.43450   0.01798  0.01784  0.39135 -0.00106  0.01628 -0.01992
2046 359410.000   34.211788434  117.138304308    38.9421   5  11   0.6441   0.9006   1.1667  -0.0096   0.0059  -0.0525   0.00    0.0   -0.02659    4.28030   -0.05208   0.04345  0.04181  0.02219 -0.00072  0.00221  0.00107   -1.35121   -0.17441   91.29926   0.01798  0.01783  0.39168 -0.00105  0.01574 -0.01987
2046 359411.000   34.211788840  117.138350512    38.9027   5  11   0.6402   0.8983   1.1580  -0.0093   0.0059  -0.0523   0.00    0.0    0.01132    4.20315   -0.02936   0.04342  0.04175  0.02216  0.00046  0.00177  0.00095   -1.33872   -0.64853   91.37235   0.01798  0.01783  0.39205 -0.00104  0.01534 -0.01997
2046 359412.000   34.211788870  117.138395297    38.8988   5  10   0.6420   0.8971   1.1583  -0.0092   0.0062  -0.0522   0.00    0.0   -0.00185    4.12479   -0.01025   0.04341  0.04182  0.02218  0.00094  0.00154  0.00105   -1.27385   -0.99269   91.49424   0.01798  0.01783  0.39244 -0.00104  0.01498 -0.02018
2046 359413.000   34.211788768  117.138440446    38.9276   5  10   0.6438   0.8960   1.1585  -0.0088   0.0063  -0.0521   0.00    0.0    0.02448    3.93364   -0.09344   0.04337  0.04185  0.02220  0.00162  0.00062  0.00097   -1.53669   -0.57906   91.67215   0.01798  0.01782  0.39286 -0.00106  0.01473 -0.02071
2046 359414.000   34.211788921  117.138483122    38.8703   5  11   0.6400   0.8940   1.1502  -0.0088   0.0067  -0.0519   0.00    0.0    0.01391    3.97974   -0.00810   0.04338  0.04179  0.02217  0.00147  0.00099  0.00107   -1.53521   -0.96834   90.93992   0.01798  0.01781  0.39327 -0.00107  0.01447 -0.02108
2046 359415.000   34.211789061  117.138526372    38.7471   5  10   0.6420   0.8930   1.1507  -0.0089   0.0071  -0.0518   0.00    0.0    0.01269    4.04070   -0.02401   0.04339  0.04184  0.02219  0.00125  0.00123  0.00109   -1.46504   -0.38496   90.95119   0.01798  0.01781  0.39368 -0.00107  0.01424 -0.02134
2046 359416.000   34.211789720  117.138571711    38.7014   5  11   0.6385   0.8912   1.1428  -0.0091   0.0074  -0.0516   0.00    0.0    0.05599    4.28609    0.03480   0.04347  0.04176  0.02216 -0.00074  0.00153  0.00091   -1.16107   -0.89422   90.76160   0.01797  0.01780  0.39403 -0.00107  0.01404 -0.02123
2046 359417.000   34.211790419  117.138618443    38.6436   5  11   0.6353   0.8895   1.1352  -0.0090   0.0074  -0.0514   0.00    0.0    0.07434    4.39125   -0.01579   0.04350  0.04167  0.02213 -0.00120  0.00148  0.00079   -1.18140   -0.07296   90.58436   0.01796  0.01779  0.39434 -0.00107  0.01387 -0.02096
2046 359418.000   34.211790324  117.138666082    38.5987   5  11   0.6324   0.8880   1.1279  -0.0087   0.0072  -0.0512   0.00    0.0    0.02208    4.40450   -0.04792   0.04348  0.04161  0.02211 -0.00122  0.00175  0.00101   -1.18676   -0.09193   91.60229   0.01796  0.01778  0.39466 -0.00106  0.01362 -0.02070
2046 359419.000   34.211790031  117.138713231    38.5791   5  11   0.6298   0.8864   1.1210  -0.0085   0.0072  -0.0511   0.00    0.0   -0.00276    4.43149   -0.01172   0.04349  0.04157  0.02209 -0.00131  0.00184  0.00108   -1.16123   -0.02668   91.58058   0.01795  0.01778  0.39496 -0.00105  0.01333 -0.02042
2046 359420.000   34.211789572  117.138761751    38.5646   5  11   0.6274   0.8850   1.1143  -0.0083   0.0070  -0.0509   0.00    0.0   -0.02646    4.46227   -0.03756   0.04348  0.04153  0.02207 -0.00136  0.00190  0.00113   -1.26854    0.22549   91.60016   0.01795  0.01777  0.39526 -0.00104  0.01300 -0.02011
2046 359421.000   34.211789097  117.138809455    38.4507   5  11   0.6253   0.8837   1.1080  -0.0080   0.0068  -0.0508   0.00    0.0   -0.08885    4.46648    0.01485   0.04347  0.04151  0.02205 -0.00136  0.00215  0.00131   -1.18913    0.00716   92.50461   0.01794  0.01776  0.39556 -0.00103  0.01256 -0.01982
2046 359422.000   34.211787658  117.138857176    38.3908   5  11   0.6234   0.8824   1.1019  -0.0077   0.0066  -0.0506   0.00    0.0   -0.13184    4.34879   -0.05731   0.04339  0.04147  0.02203 -0.00085  0.00197  0.00142   -1.41417    0.27827   93.43642   0.01794  0.01776  0.39592 -0.00102  0.01207 -0.01973
2046 359423.000   34.211785484  117.138903929    38.3957   5  11   0.6217   0.8812   1.0960  -0.0073   0.0065  -0.0505   0.00    0.0   -0.23015    4.29439   -0.07939   0.04336  0.04146  0.02202 -0.00039  0.00211  0.00166   -1.36611    0.82843   94.72178   0.01793  0.01775  0.39627 -0.00100  0.01131 -0.01975
2046 359424.000   34.211784480  117.138950896    38.3212   5  10   0.6251   0.8810   1.0977  -0.0071   0.0067  -0.0503   0.00    0.0   -0.01719    4.30309   -0.02735   0.04337  0.04153  0.02205 -0.00016  0.00105  0.00086   -1.34355    1.05728   91.69204   0.01793  0.01775  0.39666 -0.00100  0.01111 -0.01975
2046 359425.000   34.211786397  117.138997981    38.2001   5  10   0.6283   0.8807   1.0993  -0.0069   0.0068  -0.0503   0.00    0.0    0.36959    4.36829   -0.04005   0.04339  0.04165  0.02209 -0.00059 -0.00229 -0.00168   -1.31245    1.08570   86.82080   0.01792  0.01775  0.39698 -0.00103  0.01190 -0.01963
2046 359426.000   34.211790944  117.139045684    38.1585   5   9   0.6391   0.8808   1.1044  -0.0069   0.0068  -0.0503   0.00    0.0    0.68507    4.37680   -0.04511   0.04338  0.04203  0.02214 -0.00034 -0.00316 -0.00240   -1.28500    1.13716   82.45139   0.01792  0.01776  0.39720 -0.00107  0.01333 -0.01950
2046 359427.000   34.211798086  117.139093280    37.9885   5   9   0.6495   0.8808   1.1094  -0.0071   0.0069  -0.0503   0.00    0.0    0.85909    4.38868   -0.02569   0.04338  0.04231  0.02219  0.00021 -0.00346 -0.00271   -1.31891    1.29699   80.49649   0.01791  0.01776  0.39735 -0.00111  0.01486 -0.01937
2046 359428.000   34.211805488  117.139141361    37.9646   5  10   0.6512   0.8806   1.1109  -0.0070   0.0069  -0.0503   0.00    0.0    0.97718    4.41149   -0.07962   0.04336  0.04231  0.02221  0.00029 -0.00364 -0.00291   -1.11977    1.14859   79.89796   0.01790  0.01775  0.39746 -0.00116  0.01635 -0.01922
2046 359429.000   34.211812952  117.139187944    37.9297   5  10   0.6527   0.8804   1.1124  -0.0072   0.0070  -0.0504   0.00    0.0    0.89066    4.35078   -0.00786   0.04334  0.04217  0.02224  0.00083 -0.00299 -0.00277   -1.11742    1.08589   80.22037   0.01789  0.01774  0.39768 -0.00120  0.01747 -0.01920
2046 359430.000   34.211820237  117.139233761    37.8699   5   9   0.6685   0.8926   1.1211  -0.0076   0.0073  -0.0512   0.00    0.0    0.79939    4.23221   -0.03655   0.04344  0.04240  0.02231  0.00135 -0.00209 -0.00260   -1.32647    0.98715   80.57468   0.01789  0.01775  0.39800 -0.00124  0.01832 -0.01938
2046 359431.000   34.211828095  117.139279707    37.6780   5   9   0.6843   0.9048   1.1299  -0.0080   0.0080  -0.0519   0.00    0.0    0.86603    4.34994   -0.05003   0.04360  0.04269  0.02237  0.00096 -0.00268 -0.00269   -1.13765    0.87939   80.40298   0.01789  0.01776  0.39828 -0.00126  0.01915 -0.01937
2046 359432.000   34.211836789  117.139329379    37.3068   5   9   0.6859   0.9036   1.1267  -0.0080   0.0081  -0.0519   0.00    0.0    0.90552    4.52365   -0.06095   0.04360  0.04257  0.02236 -0.00061 -0.00316 -0.00271   -1.26222    1.01454   80.47868   0.01788  0.01774  0.39851 -0.00128  0.01991 -0.01909
2046 359433.000   34.211845765  117.139378708    37.0898   5   8   0.7014   0.9157   1.1355  -0.0080   0.0084  -0.0526   0.00    0.0    1.08358    4.49682   -0.04607   0.04369  0.04289  0.02242  0.00028 -0.00335 -0.00296   -1.15255    0.98996   78.44009   0.01787  0.01775  0.39872 -0.00130  0.02082 -0.01890
2046 359434.000   34.211855225  117.139427125    37.0326   5   8   0.7040   0.9151   1.1325  -0.0079   0.0084  -0.0526   0.00    0.0    1.10123    4.36420   -0.07750   0.04357  0.04277  0.02241  0.00117 -0.00259 -0.00295   -1.20159    1.13692   77.49355   0.01786  0.01774  0.39899 -0.00133  0.02162 -0.01896
2046 359435.000   34.211865440  117.139474955    36.9047   5   8   0.7064   0.9146   1.1296  -0.0078   0.0086  -0.0526   0.00    0.0    1.24518    4.39843   -0.09257   0.04353  0.04274  0.02239  0.00109 -0.00292 -0.00312   -1.28984    1.02005   76.42569   0.01785  0.01774  0.39921 -0.00137  0.02250 -0.01896
2046 359436.000   34.211876832  117.139522831    36.8170   5   9   0.7066   0.9140   1.1265  -0.0078   0.0087  -0.0526   0.00    0.0    1.27931    4.43225   -0.06722   0.04350  0.04260  0.02237  0.00099 -0.00294 -0.00311   -1.13780    0.83395   75.49961   0.01785  0.01773  0.39945 -0.00139  0.02331 -0.01893
2046 359437.000   34.211888535  117.139570635    36.6816   5  11   0.6966   0.9111   1.1199  -0.0076   0.0087  -0.0525   0.00    0.0    1.36150    4.40071   -0.06461   0.04342  0.04226  0.02233  0.00114 -0.00278 -0.00317   -1.35252    0.62736   74.75410   0.01784  0.01772  0.39969 -0.00142  0.02411 -0.01898
2046 359438.000   34.211899429  117.139617439    36.6365   5  10   0.6944   0.9093   1.1213  -0.0078   0.0090  -0.0525   0.00    0.0    1.26022    4.41799   -0.07436   0.04338  0.04206  0.02235  0.00107 -0.00245 -0.00298   -1.28398    0.61768   75.80870   0.01784  0.01772  0.40000 -0.00144  0.02469 -0.01899
2046 359439.000   34.211908552  117.139665051    36.5739   5  10   0.6924   0.9076   1.1227  -0.0079   0.0092  -0.0525   0.00    0.0    1.02901    4.44740   -0.06553   0.04335  0.04189  0.02236  0.00098 -0.00151 -0.00256   -1.47626    0.70952   78.78262   0.01783  0.01772  0.40038 -0.00144  0.02492 -0.01895
2046 359440.000   34.211916728  117.139712859    36.5601   5  11   0.6838   0.9051   1.1163  -0.0078   0.0093  -0.0524   0.00    0.0    0.94407    4.43518   -0.07539   0.04331  0.04165  0.02232  0.00104 -0.00069 -0.00235   -1.29311    0.99533   79.36093   0.01783  0.01772  0.40077 -0.00144  0.02500 -0.01895
2046 359441.000   34.211927355  117.139761125    36.0605   5  10   0.6823   0.9039   1.1133  -0.0077   0.0095  -0.0523   0.00    0.0    1.05929    4.40247   -0.07581   0.04328  0.04164  0.02230  0.00120 -0.00110 -0.00248   -1.33399    1.44986   77.79196   0.01783  0.01772  0.40116 -0.00145  0.02513 -0.01901
2046 359442.000   34.211938222  117.139809266    35.8844   5   8   0.6976   0.9159   1.1221  -0.0078   0.0101  -0.0531   0.00    0.0    1.35607    4.39519   -0.11808   0.04341  0.04204  0.02237  0.00127 -0.00204 -0.00291   -1.28493    1.16766   75.18653   0.01783  0.01774  0.40151 -0.00146  0.02557 -0.01910
2046 359443.000   34.211949428  117.139856984    36.2703   5   9   0.6980   0.9141   1.1193  -0.0076   0.0103  -0.0530   0.00    0.0    1.64173    4.32601   -0.08184   0.04336  0.04215  0.02235  0.00150 -0.00225 -0.00329   -1.19239    0.96289   70.96265   0.01783  0.01775  0.40177 -0.00149  0.02629 -0.01932
2046 359444.000   34.211963376  117.139902270    36.4886   5   9   0.7131   0.9260   1.1282  -0.0079   0.0108  -0.0538   0.00    0.0    1.86134    4.26691   -0.05956   0.04348  0.04258  0.02242  0.00165 -0.00225 -0.00354   -1.34460    0.87578   67.75239   0.01783  0.01777  0.40195 -0.00154  0.02717 -0.01960
2046 359445.000   34.211980815  117.139948149    36.3909   5   9   0.7280   0.9379   1.1371  -0.0082   0.0113  -0.0546   0.00    0.0    2.07225    4.19547   -0.10649   0.04358  0.04295  0.02248  0.00184 -0.00186 -0.00374   -1.35838    0.80317   65.33804   0.01782  0.01779  0.40206 -0.00160  0.02815 -0.01999
2046 359446.000   34.211998430  117.139991828    36.5710   5   9   0.7428   0.9496   1.1459  -0.0086   0.0119  -0.0554   0.00    0.0    2.06838    4.18830   -0.06223   0.04369  0.04311  0.02255  0.00183 -0.00194 -0.00368   -1.23087    0.99523   64.91933   0.01782  0.01780  0.40223 -0.00165  0.02899 -0.02034
2046 359447.000   34.212017238  117.140038047    36.4015   5  10   0.7362   0.9459   1.1420  -0.0085   0.0118  -0.0552   0.00    0.0    1.99364    4.20672   -0.07985   0.04359  0.04273  0.02251  0.00179 -0.00184 -0.00350   -1.31569    0.84729   66.41631   0.01781  0.01779  0.40251 -0.00169  0.02962 -0.02064
2046 359448.000   34.212034933  117.140084025    36.3242   5  10   0.7302   0.9425   1.1383  -0.0085   0.0119  -0.0550   0.00    0.0    1.94157    4.23446   -0.06176   0.04352  0.04246  0.02248  0.00171 -0.00180 -0.00335   -1.22379    0.89896   66.77102   0.01781  0.01779  0.40285 -0.00172  0.03009 -0.02089
2046 359449.000   34.212052315  117.140128942    36.2679   5  11   0.7172   0.9379   1.1313  -0.0083   0.0118  -0.0548   0.00    0.0    2.01520    4.20358   -0.05406   0.04344  0.04215  0.02242  0.00174 -0.00171 -0.00337   -1.08311    0.98678   65.71668   0.01780  0.01778  0.40319 -0.00175  0.03053 -0.02116
2046 359450.000   34.212070077  117.140174184    36.2212   5  11   0.7057   0.9335   1.1246  -0.0082   0.0118  -0.0546   0.00    0.0    2.09709    4.04070   -0.06427   0.04336  0.04191  0.02238  0.00209  0.00028 -0.00341   -1.24965    1.20478   64.28111   0.01780  0.01778  0.40354 -0.00180  0.03097 -0.02166
2046 359451.000   34.212089858  117.140217812    36.0742   5  10   0.7023   0.9307   1.1214  -0.0083   0.0121  -0.0544   0.00    0.0    2.19716    3.93661   -0.07462   0.04333  0.04188  0.02235  0.00227  0.00129 -0.00345   -1.40786    1.11804   62.13707   0.01780  0.01779  0.40389 -0.00186  0.03139 -0.02227
2046 359452.000   34.212109054  117.140258496    36.2223   5   9   0.7021   0.9281   1.1187  -0.0084   0.0126  -0.0544   0.00    0.0    2.33915    3.82740   -0.05428   0.04331  0.04196  0.02233  0.00241  0.00181 -0.00357   -1.22310    0.98541   59.81535   0.01781  0.01780  0.40421 -0.00193  0.03186 -0.02295
2046 359453.000   34.212132052  117.140301212    35.8669   5   8   0.7170   0.9398   1.1276  -0.0088   0.0134  -0.0552   0.00    0.0    2.50868    3.79054   -0.10830   0.04345  0.04233  0.02240  0.00248  0.00199 -0.00368   -1.21829    1.05144   58.13965   0.01781  0.01782  0.40449 -0.00200  0.03239 -0.02364
2046 359454.000   34.212154618  117.140341536    35.7540   5  10   0.7125   0.9367   1.1243  -0.0088   0.0137  -0.0551   0.00    0.0    2.58938    3.79241   -0.05410   0.04341  0.04225  0.02237  0.00242  0.00161 -0.00369   -1.16491    0.52978   57.48631   0.01781  0.01783  0.40479 -0.00207  0.03289 -0.02426
2046 359455.000   34.212177160  117.140382780    35.7000   5  10   0.7085   0.9337   1.1212  -0.0088   0.0140  -0.0550   0.00    0.0    2.52083    3.81148   -0.06025   0.04337  0.04210  0.02235  0.00235  0.00092 -0.00352   -0.96957    0.27481   58.14674   0.01781  0.01783  0.40516 -0.00212  0.03325 -0.02479
2046 359456.000   34.212198486  117.140424693    35.6942   5  10   0.7047   0.9308   1.1181  -0.0088   0.0144  -0.0549   0.00    0.0    2.42555    3.91541   -0.08570   0.04334  0.04199  0.02233  0.00211 -0.00093 -0.00329   -1.00681   -0.00618   59.65333   0.01781  0.01783  0.40557 -0.00216  0.03347 -0.02515
2046 359457.000   34.212220219  117.140466570    35.7660   5   9   0.7195   0.9425   1.1271  -0.0090   0.0152  -0.0557   0.00    0.0    2.56183    3.92619   -0.02862   0.04349  0.04235  0.02239  0.00205 -0.00129 -0.00338   -1.06888   -0.02857   58.43918   0.01781  0.01784  0.40597 -0.00219  0.03374 -0.02546
2046 359458.000   34.212242620  117.140508556    35.9170   5   9   0.7342   0.9541   1.1360  -0.0093   0.0159  -0.0565   0.00    0.0    2.55643    3.93703   -0.03576   0.04362  0.04262  0.02245  0.00200 -0.00125 -0.00329   -0.87552    0.28166   57.92045   0.01781  0.01785  0.40638 -0.00221  0.03394 -0.02571
2046 359459.000   34.212263549  117.140552022    36.4394   5  10   0.7283   0.9502   1.1325  -0.0092   0.0159  -0.0563   0.00    0.0    2.53809    3.92082   -0.05074   0.04354  0.04244  0.02242  0.00201 -0.00101 -0.00319   -0.96026    0.32891   58.45692   0.01781  0.01784  0.40679 -0.00223  0.03406 -0.02595
2046 359460.000   34.212285782  117.140592042    36.5177   5   9   0.7428   0.9617   1.1414  -0.0095   0.0166  -0.0570   0.00    0.0    2.50192    3.91314   -0.01004   0.04366  0.04270  0.02248  0.00196 -0.00057 -0.00306   -1.04806    0.86627   58.41663   0.01782  0.01785  0.40721 -0.00224  0.03408 -0.02613
2046 359461.000   34.212310082  117.140634569    36.3803   5   9   0.7397   0.9573   1.1381  -0.0096   0.0165  -0.0568   0.00    0.0    2.62114    3.70723   -0.01896   0.04356  0.04259  0.02245  0.00234 -0.00033 -0.00312   -0.91971    0.76659   55.95308   0.01782  0.01784  0.40765 -0.00227  0.03412 -0.02655
2046 359462.000   34.212332997  117.140672889    36.4986   5  10   0.7332   0.9531   1.1345  -0.0096   0.0164  -0.0565   0.00    0.0    2.63563    3.46293   -0.02358   0.04352  0.04242  0.02242  0.00269  0.00034 -0.00308   -0.74293    0.97257   54.32332   0.01782  0.01783  0.40807 -0.00231  0.03409 -0.02721
2046 359463.000   34.212354724  117.140708352    36.6441   5  10   0.7272   0.9492   1.1311  -0.0097   0.0165  -0.0563   0.00    0.0    2.48203    3.28347    0.04812   0.04351  0.04232  0.02239  0.00291 -0.00157 -0.00280   -0.79899    0.90277   54.15250   0.01783  0.01782  0.40846 -0.00235  0.03386 -0.02797
2046 359464.000   34.212376056  117.140742886    36.6781   5   9   0.7418   0.9607   1.1400  -0.0100   0.0173  -0.0571   0.00    0.0    2.38955    3.08372    0.04276   0.04367  0.04263  0.02246  0.00317 -0.00244 -0.00259   -0.66402    0.88811   53.58601   0.01785  0.01782  0.40878 -0.00239  0.03347 -0.02886
2046 359465.000   34.212397935  117.140775637    36.4017   5  10   0.7350   0.9563   1.1364  -0.0099   0.0174  -0.0568   0.00    0.0    2.29827    2.91032   -0.01904   0.04365  0.04251  0.02242  0.00334 -0.00321 -0.00234   -0.72008    0.96636   53.27891   0.01786  0.01780  0.40901 -0.00243  0.03294 -0.02981
2046 359466.000   34.212420102  117.140808599    36.4120   5   9   0.7495   0.9677   1.1454  -0.0096   0.0184  -0.0575   0.00    0.0    2.55888    3.04110   -0.01297   0.04367  0.04270  0.02248  0.00310 -0.00173 -0.00267   -0.64244    1.15008   51.23886   0.01788  0.01780  0.40939 -0.00246  0.03264 -0.03052
2046 359467.000   34.212444840  117.140841859    36.4034   5  11   0.7340   0.9614   1.1382  -0.0091   0.0181  -0.0571   0.00    0.0    2.81439    3.03503   -0.00687   0.04357  0.04235  0.02242  0.00300 -0.00046 -0.00297   -0.77555    0.93840   48.25873   0.01789  0.01779  0.40980 -0.00249  0.03256 -0.03115
2046 359468.000   34.212470501  117.140875574    36.4116   5  10   0.7283   0.9567   1.1394  -0.0090   0.0183  -0.0568   0.00    0.0    2.85309    3.07651   -0.03061   0.04348  0.04224  0.02243  0.00288 -0.00062 -0.00293   -0.77258    0.74460   48.57475   0.01790  0.01779  0.41023 -0.00252  0.03247 -0.03166
2046 359469.000   34.212495260  117.140909567    36.3796   5   9   0.7427   0.9681   1.1483  -0.0092   0.0191  -0.0576   0.00    0.0    2.83154    3.11309   -0.01070   0.04360  0.04254  0.02249  0.00278 -0.00067 -0.00282   -0.53837    0.40933   49.34538   0.01791  0.01779  0.41067 -0.00254  0.03232 -0.03207
2046 359470.000   34.212520278  117.140943868    36.3573   5   8   0.7570   0.9794   1.1573  -0.0095   0.0198  -0.0583   0.00    0.0    2.82774    3.13355   -0.00766   0.04370  0.04280  0.02255  0.00271 -0.00036 -0.00274   -0.81834    0.78678   49.26682   0.01792  0.01780  0.41110 -0.00254  0.03212 -0.03240
2046 359471.000   34.212545744  117.140978331    36.3616   5   8   0.7712   0.9906   1.1662  -0.0098   0.0204  -0.0590   0.00    0.0    2.88260    3.05384   -0.01770   0.04378  0.04301  0.02260  0.00279 -0.00055 -0.00275   -0.83566    0.86974   48.21237   0.01793  0.01780  0.41154 -0.00255  0.03193 -0.03275
2046 359472.000   34.212573094  117.141011469    36.2231   5   8   0.7852   1.0017   1.1751  -0.0099   0.0209  -0.0597   0.00    0.0    2.95129    3.11446   -0.01049   0.04387  0.04320  0.02266  0.00264  0.00043 -0.00275   -0.80733    0.64417   47.59503   0.01794  0.01780  0.41197 -0.00255  0.03176 -0.03297
2046 359473.000   34.212599602  117.141045298    36.2163   5   9   0.7795   0.9962   1.1764  -0.0096   0.0208  -0.0593   0.00    0.0    2.89050    3.19497    0.03850   0.04379  0.04302  0.02265  0.00243  0.00135 -0.00255   -0.78276    0.52340   48.89196   0.01794  0.01779  0.41236 -0.00253  0.03149 -0.03306
2046 359474.000   34.212625469  117.141079416    36.1662   5   8   0.7933   1.0073   1.1853  -0.0098   0.0213  -0.0600   0.00    0.0    2.95964    3.18031    0.02565   0.04387  0.04319  0.02271  0.00239  0.00125 -0.00260   -0.85912    0.80756   48.22564   0.01795  0.01780  0.41276 -0.00251  0.03125 -0.03313
2046 359475.000   34.212653449  117.141113076    36.0057   5   8   0.8070   1.0183   1.1942  -0.0099   0.0217  -0.0606   0.00    0.0    3.12942    3.09016   -0.00741   0.04391  0.04333  0.02276  0.00249 -0.00025 -0.00279   -0.85570    0.88957   45.77981   0.01795  0.01780  0.41318 -0.00250  0.03114 -0.03325
2046 359476.000   34.212682053  117.141145866    35.9132   5   9   0.7994   1.0118   1.1950  -0.0097   0.0213  -0.0602   0.00    0.0    3.19943    2.91651   -0.02167   0.04377  0.04308  0.02275  0.00271 -0.00060 -0.00283   -0.73129    0.79697   43.81558   0.01796  0.01779  0.41362 -0.00251  0.03105 -0.03350
2046 359477.000   34.212711248  117.141177632    35.8931   5  10   0.7874   1.0039   1.1950  -0.0094   0.0209  -0.0597   0.00    0.0    3.32557    2.81580   -0.02798   0.04365  0.04279  0.02273  0.00279 -0.00073 -0.00294   -0.70063    0.83547   41.88786   0.01797  0.01779  0.41406 -0.00252  0.03103 -0.03381
2046 359478.000   34.212740566  117.141207412    35.9682   5   9   0.7814   0.9983   1.1958  -0.0093   0.0207  -0.0593   0.00    0.0    3.39793    2.74933    0.04048   0.04359  0.04267  0.02272  0.00281 -0.00077 -0.00299   -0.78411    1.02375   40.46488   0.01798  0.01779  0.41449 -0.00254  0.03103 -0.03411
2046 359479.000   34.212770926  117.141237106    35.9758   5  10   0.7711   0.9912   1.1958  -0.0091   0.0205  -0.0589   0.00    0.0    3.43193    2.73409    0.00475   0.04352  0.04247  0.02270  0.00275 -0.00089 -0.00297   -0.73764    0.97467   39.83477   0.01799  0.01779  0.41493 -0.00255  0.03100 -0.03437
2046 359480.000   34.212802019  117.141266957    35.9626   5  10   0.7617   0.9846   1.1957  -0.0089   0.0203  -0.0585   0.00    0.0    3.44050    2.71089    0.01774   0.04346  0.04233  0.02269  0.00272 -0.00087 -0.00290   -0.66950    1.03004   39.42856   0.01800  0.01779  0.41536 -0.00256  0.03092 -0.03459
2046 359481.000   34.212833046  117.141296617    35.9424   5  10   0.7533   0.9783   1.1956  -0.0088   0.0201  -0.0581   0.00    0.0    3.48567    2.66191    0.00220   0.04342  0.04222  0.02267  0.00273 -0.00089 -0.00290   -0.70962    1.01903   38.73029   0.01801  0.01780  0.41580 -0.00257  0.03084 -0.03481
2046 359482.000   34.212864220  117.141325074    36.0644   5   9   0.7499   0.9740   1.1964  -0.0089   0.0202  -0.0578   0.00    0.0    3.53079    2.58642    0.00947   0.04340  0.04222  0.02266  0.00278 -0.00088 -0.00290   -0.61814    1.15483   37.67764   0.01802  0.01780  0.41624 -0.00257  0.03075 -0.03505
2046 359483.000   34.212895045  117.141353164    35.9310   5   9   0.7467   0.9699   1.1972  -0.0088   0.0202  -0.0575   0.00    0.0    3.74724    2.46509    0.07456   0.04340  0.04226  0.02265  0.00289 -0.00087 -0.00316   -0.55616    0.31935   36.79839   0.01803  0.01781  0.41666 -0.00260  0.03084 -0.03536
2046 359484.000   34.212927696  117.141380706    35.9651   5   9   0.7438   0.9661   1.1980  -0.0088   0.0203  -0.0573   0.00    0.0    3.63292    2.56492    0.00880   0.04339  0.04223  0.02264  0.00268 -0.00099 -0.00290   -0.68255    0.53895   36.32149   0.01804  0.01782  0.41709 -0.00261  0.03078 -0.03554
2046 359485.000   34.212959731  117.141408115    35.9586   5   9   0.7411   0.9624   1.1987  -0.0088   0.0204  -0.0571   0.00    0.0    3.55760    2.50673    0.06027   0.04340  0.04225  0.02264  0.00271 -0.00034 -0.00271   -0.25911    0.95368   36.02524   0.01805  0.01782  0.41752 -0.00260  0.03056 -0.03570
2046 359486.000   34.212992185  117.141435270    35.9043   5   9   0.7386   0.9589   1.1995  -0.0088   0.0205  -0.0569   0.00    0.0    3.66423    2.40308   -0.00585   0.04338  0.04225  0.02263  0.00280 -0.00082 -0.00280   -1.01236   -0.36602   34.78566   0.01806  0.01782  0.41795 -0.00260  0.03043 -0.03594
2046 359487.000   34.213024942  117.141460823    35.8695   5   9   0.7363   0.9556   1.2002  -0.0088   0.0206  -0.0567   0.00    0.0    3.65268    2.36613    0.05870   0.04339  0.04228  0.02262  0.00279 -0.00060 -0.00269   -0.60443   -0.36373   34.57632   0.01807  0.01782  0.41839 -0.00260  0.03024 -0.03615
2046 359488.000   34.213057163  117.141486046    35.8671   5   9   0.7341   0.9525   1.2009  -0.0089   0.0207  -0.0565   0.00    0.0    3.58272    2.29118    0.04627   0.04339  0.04231  0.02261  0.00284  0.00021 -0.00249   -1.10547    0.48506   33.46490   0.01808  0.01782  0.41881 -0.00258  0.02993 -0.03636
2046 359489.000   34.213089227  117.141509110    36.0275   5  10   0.7281   0.9480   1.2007  -0.0088   0.0206  -0.0562   0.00    0.0    3.59712    1.99575    0.05489   0.04339  0.04226  0.02260  0.00319 -0.00139 -0.00246   -0.64431    0.53112   30.09879   0.01809  0.01781  0.41923 -0.00258  0.02957 -0.03678
2046 359490.000   34.213122990  117.141529664    35.8691   5   9   0.7423   0.9593   1.2094  -0.0091   0.0213  -0.0569   0.00    0.0    3.71636    1.75085    0.01547   0.04356  0.04254  0.02266  0.00346 -0.00150 -0.00260   -0.63207    0.89490   26.38508   0.01811  0.01782  0.41963 -0.00259  0.02926 -0.03733
2046 359491.000   34.213156948  117.141547892    35.9019   5   9   0.7564   0.9706   1.2182  -0.0094   0.0220  -0.0576   0.00    0.0    3.83702    1.65425   -0.00845   0.04368  0.04280  0.02271  0.00351 -0.00100 -0.00273   -0.56471    0.56381   25.18140   0.01813  0.01782  0.42003 -0.00261  0.02905 -0.03788
2046 359492.000   34.213191507  117.141566235    35.9630   5   9   0.7705   0.9818   1.2269  -0.0095   0.0227  -0.0583   0.00    0.0    3.96771    1.79039    0.00233   0.04375  0.04304  0.02276  0.00326 -0.00070 -0.00284   -0.71770   -0.30322   25.79940   0.01814  0.01782  0.42046 -0.00262  0.02898 -0.03823
2046 359493.000   34.213228768  117.141586191    35.8433   5   9   0.7844   0.9930   1.2356  -0.0098   0.0233  -0.0590   0.00    0.0    4.08743    1.88276    0.03254   0.04385  0.04325  0.02281  0.00306 -0.00117 -0.00292   -0.87809   -0.37694   26.05132   0.01814  0.01782  0.42089 -0.00264  0.02901 -0.03845
2046 359494.000   34.213265359  117.141607204    35.8697   5   9   0.7981   1.0040   1.2443  -0.0100   0.0237  -0.0597   0.00    0.0    4.04376    1.92592   -0.00396   0.04393  0.04340  0.02285  0.00293 -0.00105 -0.00276   -0.45995   -0.38047   27.13010   0.01815  0.01782  0.42131 -0.00264  0.02894 -0.03858
2046 359495.000   34.213301557  117.141628599    35.8868   5   9   0.8117   1.0150   1.2530  -0.0101   0.0241  -0.0603   0.00    0.0    4.04720    1.96313    0.06804   0.04403  0.04355  0.02290  0.00281 -0.00084 -0.00267   -0.58429   -0.35264   27.48217   0.01815  0.01782  0.42171 -0.00262  0.02882 -0.03861
2046 359496.000   34.213337553  117.141650446    35.8219   5  10   0.7983   1.0068   1.2514  -0.0097   0.0235  -0.0598   0.00    0.0    3.98974    2.07346    0.04681   0.04395  0.04320  0.02286  0.00253  0.00110 -0.00247   -0.70118    0.08900   28.69627   0.01814  0.01781  0.42205 -0.00259  0.02859 -0.03849
2046 359497.000   34.213373471  117.141673079    35.6415   5  10   0.7863   0.9992   1.2499  -0.0094   0.0230  -0.0592   0.00    0.0    4.04943    2.01997    0.01252   0.04382  0.04291  0.02283  0.00255  0.00066 -0.00249   -0.31302    0.17520   27.66216   0.01814  0.01780  0.42240 -0.00256  0.02841 -0.03838
2046 359498.000   34.213409382  117.141694115    35.6501   5  10   0.7755   0.9920   1.2484  -0.0092   0.0225  -0.0588   0.00    0.0    4.04765    1.88923    0.01995   0.04370  0.04269  0.02280  0.00268  0.00079 -0.00242   -0.83856    0.55196   26.69588   0.01814  0.01779  0.42279 -0.00253  0.02815 -0.03834
2046 359499.000   34.213444475  117.141714105    35.6830   5  10   0.7657   0.9852   1.2469  -0.0091   0.0221  -0.0583   0.00    0.0    3.84849    1.94763    0.06324   0.04367  0.04257  0.02277  0.00251  0.00239 -0.00194   -0.64963    0.00453   28.49843   0.01814  0.01779  0.42309 -0.00246  0.02761 -0.03818
2046 359500.000   34.213478057  117.141736884    35.7090   5  10   0.7568   0.9788   1.2455  -0.0090   0.0219  -0.0579   0.00    0.0    3.75456    2.13176    0.01871   0.04372  0.04246  0.02274  0.00212  0.00344 -0.00160   -0.99266    0.52672   30.97724   0.01814  0.01779  0.42324 -0.00238  0.02696 -0.03782
2046 359501.000   34.213512402  117.141761088    35.7010   5  10   0.7488   0.9728   1.2441  -0.0089   0.0216  -0.0574   0.00    0.0    3.89852    2.08701    0.04007   0.04365  0.04231  0.02272  0.00215  0.00263 -0.00191   -0.57473    0.65831   30.14178   0.01813  0.01779  0.42346 -0.00231  0.02645 -0.03749
2046 359502.000   34.213547819  117.141783589    35.7389   5  10   0.7414   0.9671   1.2427  -0.0089   0.0212  -0.0570   0.00    0.0    3.88656    1.86944    0.00887   0.04349  0.04223  0.02270  0.00251  0.00220 -0.00181   -0.63608    0.87275   27.32096   0.01814  0.01779  0.42378 -0.00225  0.02589 -0.03735
2046 359503.000   34.213583001  117.141803893    35.7195   5  10   0.7347   0.9617   1.2414  -0.0089   0.0210  -0.0566   0.00    0.0    3.95827    1.63312   -0.00084   0.04338  0.04216  0.02267  0.00285  0.00112 -0.00194   -0.84916    1.34021   24.33911   0.01814  0.01779  0.42418 -0.00220  0.02539 -0.03740
2046 359504.000   34.213618352  117.141821453    35.6511   5  10   0.7285   0.9566   1.2401  -0.0088   0.0209  -0.0563   0.00    0.0    4.06336    1.66356    0.03365   0.04339  0.04211  0.02265  0.00274  0.00088 -0.00212   -0.92773    1.26570   23.74896   0.01815  0.01779  0.42458 -0.00216  0.02501 -0.03736
2046 359505.000   34.213655610  117.141841308    35.4110   5   9   0.7427   0.9679   1.2487  -0.0093   0.0216  -0.0569   0.00    0.0    4.14837    1.86095    0.01600   0.04362  0.04240  0.02271  0.00239  0.00082 -0.00222   -0.92058    1.01914   25.35231   0.01815  0.01781  0.42489 -0.00213  0.02474 -0.03710
2046 359506.000   34.213691912  117.141862137    35.4209   5   9   0.7567   0.9791   1.2572  -0.0097   0.0221  -0.0576   0.00    0.0    4.04800    2.01856    0.00494   0.04385  0.04268  0.02275  0.00207  0.00224 -0.00197   -1.00066    1.43549   27.62996   0.01814  0.01782  0.42508 -0.00206  0.02430 -0.03664
2046 359507.000   34.213727052  117.141882112    35.5392   5   9   0.7707   0.9903   1.2658  -0.0100   0.0225  -0.0582   0.00    0.0    3.99895    1.84789   -0.01206   0.04384  0.04292  0.02280  0.00238  0.00224 -0.00183   -0.69137    1.37641   26.20106   0.01814  0.01783  0.42535 -0.00200  0.02378 -0.03633
2046 359508.000   34.213763761  117.141901960    35.2173   5   9   0.7846   1.0013   1.2743  -0.0103   0.0230  -0.0589   0.00    0.0    4.02408    1.89378    0.05051   0.04397  0.04313  0.02285  0.00226  0.00233 -0.00181   -0.61594   -0.05337   26.77535   0.01814  0.01783  0.42560 -0.00194  0.02327 -0.03599
2046 359509.000   34.213799044  117.141923739    35.0908   5   9   0.7983   1.0123   1.2828  -0.0106   0.0235  -0.0595   0.00    0.0    3.96425    2.12172    0.01744   0.04421  0.04331  0.02289  0.00173  0.00317 -0.00161   -0.47970    0.23405   29.60294   0.01813  0.01783  0.42566 -0.00185  0.02266 -0.03541
2046 359510.000   34.213833402  117.141948502    35.1084   5   9   0.8119   1.0232   1.2913  -0.0108   0.0238  -0.0601   0.00    0.0    3.84646    2.33592    0.07125   0.04447  0.04350  0.02294  0.00108  0.00421 -0.00120   -0.78105    0.51692   32.23265   0.01811  0.01784  0.42551 -0.00175  0.02186 -0.03460
2046 359511.000   34.213867986  117.141974486    35.0363   5   9   0.8253   1.0340   1.2997  -0.0110   0.0240  -0.0607   0.00    0.0    3.85645    2.34688   -0.00300   0.04447  0.04360  0.02298  0.00107  0.00401 -0.00120   -0.85037    0.61552   32.58908   0.01810  0.01784  0.42540 -0.00164  0.02108 -0.03379
2046 359512.000   34.213901424  117.141999283    35.0565   5   9   0.8385   1.0446   1.3081  -0.0111   0.0241  -0.0613   0.00    0.0    3.75214    2.25779    0.01154   0.04439  0.04374  0.02302  0.00140  0.00419 -0.00070   -0.62742    0.70746   32.66014   0.01809  0.01784  0.42537 -0.00153  0.02011 -0.03310
2046 359513.000   34.213932420  117.142021959    35.4397   5  10   0.8222   1.0345   1.3049  -0.0106   0.0232  -0.0606   0.00    0.0    3.67168    2.15468    0.04614   0.04413  0.04335  0.02297  0.00163  0.00405  0.00026   -0.68527    0.51024   32.35865   0.01809  0.01783  0.42542 -0.00141  0.01900 -0.03252
2046 359514.000   34.213965382  117.142046565    35.1220   5   8   0.8355   1.0451   1.3133  -0.0108   0.0234  -0.0612   0.00    0.0    3.62118    2.19215    0.04823   0.04420  0.04350  0.02301  0.00156  0.00421  0.00076   -0.85531    0.45635   32.71839   0.01808  0.01784  0.42544 -0.00129  0.01778 -0.03191
2046 359515.000   34.213996802  117.142069696    35.2752   5   9   0.8485   1.0557   1.3217  -0.0109   0.0236  -0.0618   0.00    0.0    3.54932    2.23789    0.01949   0.04427  0.04364  0.02305  0.00142  0.00444  0.00107   -1.04480    0.39898   33.63519   0.01808  0.01784  0.42542 -0.00116  0.01641 -0.03126
2046 359516.000   34.214028534  117.142093411    35.2439   5   8   0.8614   1.0662   1.3300  -0.0111   0.0237  -0.0623   0.00    0.0    3.40957    2.25720    0.06294   0.04432  0.04381  0.02308  0.00138  0.00487  0.00154   -0.94202    0.53457   34.81679   0.01808  0.01785  0.42535 -0.00100  0.01464 -0.03059
2046 359517.000   34.214056913  117.142116489    35.5546   5   9   0.8742   1.0765   1.3382  -0.0111   0.0238  -0.0629   0.00    0.0    3.31706    2.11399   -0.01408   0.04421  0.04390  0.02312  0.00178  0.00444  0.00172   -1.22971    0.42192   34.87244   0.01808  0.01786  0.42537 -0.00083  0.01258 -0.03009
2046 359518.000   34.214085670  117.142139821    35.5701   5   9   0.8867   1.0868   1.3465  -0.0112   0.0239  -0.0634   0.00    0.0    3.19661    2.06039    0.00568   0.04420  0.04403  0.02315  0.00193  0.00438  0.00198   -0.79457    0.39271   35.05655   0.01808  0.01786  0.42540 -0.00062  0.00989 -0.02968
2046 359519.000   34.214115004  117.142163297    35.6553   5  10   0.8648   1.0737   1.3421  -0.0105   0.0229  -0.0626   0.00    0.0    3.29848    2.15781    0.06272   0.04408  0.04345  0.02310  0.00164  0.00411  0.00169   -0.27131   -0.13485   34.80782   0.01808  0.01786  0.42548 -0.00034  0.00686 -0.02922
2046 359520.000   34.214145506  117.142187504    35.5522   5  10   0.8454   1.0615   1.3379  -0.0100   0.0220  -0.0618   0.00    0.0    3.41127    2.27229    0.02616   0.04401  0.04300  0.02304  0.00128  0.00368  0.00130   -0.81332    0.34921   35.18793   0.01808  0.01786  0.42556  0.00027  0.00291 -0.02861
2046 359521.000   34.214176345  117.142212870    35.5412   5  10   0.8282   1.0501   1.3338  -0.0097   0.0212  -0.0610   0.00    0.0    3.42963    2.37631    0.01847   0.04396  0.04271  0.02300  0.00085  0.00354  0.00118   -0.86386   -0.02780   36.42154   0.01808  0.01787  0.42561  0.00047 -0.00497 -0.02788
2046 359522.000   34.214206571  117.142239012    35.4708   5  10   0.8129   1.0395   1.3298  -0.0094   0.0205  -0.0603   0.00    0.0    3.45956    2.46860    0.01960   0.04393  0.04250  0.02295 -0.00029  0.00321  0.00095   -0.89746   -0.38535   37.60244   0.01808  0.01788  0.42563  0.00057 -0.00725 -0.02707
2046 359523.000   34.214236911  117.142266449    35.4302   5  10   0.7991   1.0296   1.3259  -0.0092   0.0198  -0.0597   0.00    0.0    3.28450    2.47229   -0.01063   0.04383  0.04241  0.02291 -0.00029  0.00393  0.00152   -1.07059   -0.09878   38.52721   0.01807  0.01789  0.42564  0.00067 -0.00948 -0.02630
2046 359524.000   34.214265569  117.142293474    35.4014   5  10   0.7867   1.0203   1.3222  -0.0090   0.0192  -0.0591   0.00    0.0    3.09600    2.41653   -0.02849   0.04370  0.04239  0.02287  0.00069  0.00431  0.00195   -1.09954    0.38985   39.65785   0.01808  0.01790  0.42567  0.00077 -0.01173 -0.02562
2046 359525.000   34.214292431  117.142319746    35.3429   5  10   0.7755   1.0115   1.3185  -0.0088   0.0186  -0.0585   0.00    0.0    2.94704    2.35842    0.03327   0.04362  0.04240  0.02283  0.00103  0.00434  0.00220   -1.28479    0.50715   40.37378   0.01808  0.01791  0.42570  0.00087 -0.01387 -0.02505
2046 359526.000   34.214318638  117.142345082    35.3081   5  10   0.7654   1.0033   1.3150  -0.0085   0.0181  -0.0580   0.00    0.0    2.89300    2.23408   -0.02831   0.04349  0.04235  0.02279  0.00149  0.00371  0.00226   -1.77698    0.27874   39.30780   0.01808  0.01792  0.42584  0.00094 -0.01565 -0.02469
2046 359527.000   34.214344866  117.142369165    35.2122   5  10   0.7562   0.9956   1.3116  -0.0082   0.0177  -0.0574   0.00    0.0    3.00242    2.29158   -0.00134   0.04352  0.04224  0.02276  0.00133  0.00322  0.00197   -1.46801   -0.34489   39.07329   0.01808  0.01793  0.42605  0.00099 -0.01686 -0.02427
2046 359528.000   34.214372368  117.142395572    35.1944   5  10   0.7478   0.9883   1.3082  -0.0080   0.0172  -0.0569   0.00    0.0    3.19933    2.47229   -0.02070   0.04362  0.04216  0.02273  0.00057  0.00222  0.00135   -1.33032    0.43895   39.17025   0.01807  0.01794  0.42624  0.00098 -0.01748 -0.02360
2046 359529.000   34.214400654  117.142422494    35.1761   5  10   0.7402   0.9814   1.3050  -0.0078   0.0168  -0.0565   0.00    0.0    3.23304    2.44875   -0.04610   0.04357  0.04216  0.02270  0.00082  0.00146  0.00113   -1.49615   -0.04868   39.06284   0.01807  0.01794  0.42647  0.00097 -0.01795 -0.02299
2046 359530.000   34.214428543  117.142450288    35.1291   5  10   0.7333   0.9750   1.3018  -0.0076   0.0163  -0.0560   0.00    0.0    3.20312    2.53266   -0.04524   0.04362  0.04218  0.02267  0.00026  0.00136  0.00111   -1.43921    0.24457   40.29615   0.01807  0.01794  0.42668  0.00095 -0.01837 -0.02228
2046 359531.000   34.214456055  117.142477974    35.0881   5  10   0.7270   0.9689   1.2987  -0.0074   0.0159  -0.0556   0.00    0.0    3.16787    2.58350   -0.03842   0.04364  0.04220  0.02265 -0.00055  0.00128  0.00112   -1.61379    0.07160   41.04309   0.01806  0.01794  0.42688  0.00092 -0.01876 -0.02151
2046 359532.000   34.214484352  117.142506513    35.0666   5  10   0.7212   0.9632   1.2957  -0.0071   0.0155  -0.0552   0.00    0.0    3.12320    2.61066   -0.05954   0.04364  0.04223  0.02263 -0.00068  0.00142  0.00121   -1.56095   -0.12791   41.71183   0.01806  0.01794  0.42709  0.00089 -0.01916 -0.02076
2046 359533.000   34.214511945  117.142535275    34.9458   5  10   0.7160   0.9578   1.2928  -0.0070   0.0151  -0.0548   0.00    0.0    3.04334    2.68250   -0.02711   0.04369  0.04227  0.02261 -0.00101  0.00190  0.00139   -1.48574    0.00806   42.86613   0.01805  0.01794  0.42727  0.00086 -0.01964 -0.01991
2046 359534.000   34.214539192  117.142565378    34.7733   5  10   0.7113   0.9527   1.2900  -0.0068   0.0147  -0.0545   0.00    0.0    2.96023    2.74074   -0.06583   0.04370  0.04230  0.02259 -0.00117  0.00228  0.00156   -1.47878    0.48059   44.25076   0.01804  0.01794  0.42744  0.00083 -0.02020 -0.01902
2046 359535.000   34.214567730  117.142596190    34.1991   5  10   0.7070   0.9479   1.2873  -0.0067   0.0143  -0.0542   0.00    0.0    2.93366    2.79322   -0.04586   0.04372  0.04233  0.02257 -0.00127  0.00232  0.00161   -1.48255    0.20631   44.77050   0.01804  0.01794  0.42761  0.00078 -0.02076 -0.01808
2046 359536.000   34.214597085  117.142628295    33.0705   5  10   0.7031   0.9434   1.2846  -0.0066   0.0139  -0.0538   0.00    0.0    2.96553    2.86731   -0.08557   0.04374  0.04235  0.02255 -0.00139  0.00198  0.00153   -1.82543    0.21061   45.43029   0.01803  0.01793  0.42779  0.00073 -0.02122 -0.01707
2046 359537.000   34.214635449  117.142667201    29.1209   5  10   0.6995   0.9391   1.2820  -0.0064   0.0136  -0.0535   0.00    0.0    3.08879    3.01760   -0.18974   0.04377  0.04236  0.02254 -0.00154  0.00177  0.00150   -2.04143    0.09063   46.14515   0.01802  0.01793  0.42796  0.00065 -0.02162 -0.01595
2046 359538.000   34.214660788  117.142697965    29.1694   5  10   0.6963   0.9351   1.2794  -0.0062   0.0132  -0.0533   0.00    0.0    3.10052    3.03773   -0.17476   0.04377  0.04237  0.02252 -0.00157  0.00065  0.00130   -2.05228    0.27039   46.19861   0.01802  0.01792  0.42815  0.00056 -0.02187 -0.01476
2046 359539.000   34.214686803  117.142729046    28.9486   5  10   0.6934   0.9313   1.2769  -0.0060   0.0128  -0.0530   0.00    0.0    3.14763    3.03257   -0.17010   0.04374  0.04239  0.02251 -0.00152 -0.00168  0.00095   -1.97910    0.11656   45.67903   0.01801  0.01792  0.42837  0.00044 -0.02195 -0.01358
2046 359540.000   34.214713538  117.142760161    29.0024   5   9   0.7079   0.9428   1.2852  -0.0063   0.0129  -0.0536   0.00    0.0    3.13309    3.00594   -0.19669   0.04384  0.04269  0.02257 -0.00141 -0.00187  0.00082   -1.80930    0.14715   45.64637   0.01801  0.01792  0.42862  0.00032 -0.02198 -0.01250
2046 359541.000   34.214739175  117.142790752    29.2312   5   8   0.7224   0.9542   1.2935  -0.0068   0.0130  -0.0542   0.00    0.0    3.06185    3.03022   -0.16902   0.04396  0.04296  0.02262 -0.00149 -0.00172  0.00092   -1.90683    0.25134   46.38193   0.01800  0.01792  0.42888  0.00006 -0.02203 -0.01133
2046 359542.000   34.214765373  117.142823326    29.1491   5   8   0.7369   0.9655   1.3018  -0.0072   0.0130  -0.0549   0.00    0.0    2.99927    3.04389   -0.17555   0.04405  0.04319  0.02268 -0.00148 -0.00149  0.00104   -1.49381    0.33190   47.58592   0.01800  0.01792  0.42916 -0.00030 -0.02213 -0.01013
2046 359543.000   34.214791019  117.142856134    29.0481   5   9   0.7513   0.9768   1.3100  -0.0075   0.0131  -0.0555   0.00    0.0    2.90336    3.09502   -0.12743   0.04416  0.04340  0.02273 -0.00158 -0.00082  0.00126   -1.58523    0.55064   48.64270   0.01799  0.01792  0.42944 -0.00043 -0.02234 -0.00873
2046 359544.000   34.214815250  117.142888819    29.0291   5   9   0.7655   0.9880   1.3182  -0.0073   0.0131  -0.0561   0.00    0.0    2.88040    3.05807   -0.16942   0.04418  0.04356  0.02278 -0.00139 -0.00111  0.00120   -1.83871    0.58813   49.38641   0.01799  0.01792  0.42976 -0.00052 -0.02251 -0.00743
2046 359545.000   34.214839885  117.142922295    28.7462   5   8   0.7796   0.9991   1.3264  -0.0074   0.0131  -0.0567   0.00    0.0    2.79989    3.08723   -0.17293   0.04424  0.04371  0.02282 -0.00141 -0.00050  0.00137   -2.00192    0.40969   49.71474   0.01798  0.01792  0.43009 -0.00059 -0.02272 -0.00596
2046 359546.000   34.214863388  117.142954768    28.5916   5   9   0.7935   1.0101   1.3346  -0.0074   0.0132  -0.0572   0.00    0.0    2.73358    3.11785   -0.15013   0.04429  0.04384  0.02287 -0.00146  0.00034  0.00146   -1.59937    0.86660   50.57267   0.01798  0.01791  0.43042 -0.00066 -0.02296 -0.00402
2046 359547.000   34.214886453  117.142986992    28.4759   5  10   0.7820   1.0020   1.3305  -0.0072   0.0127  -0.0567   0.00    0.0    2.66649    3.14597   -0.16463   0.04414  0.04346  0.02284 -0.00151  0.00077  0.00154   -1.37987    0.50510   51.49316   0.01797  0.01789  0.43076 -0.00073 -0.02325  0.00151
2046 359548.000   34.214911294  117.143023472    27.7947   5   8   0.7959   1.0129   1.3387  -0.0072   0.0128  -0.0573   0.00    0.0    2.64186    3.18559   -0.18210   0.04420  0.04361  0.02288 -0.00149  0.00068  0.00155   -1.40525    0.54918   52.53234   0.01797  0.01790  0.43110 -0.00077 -0.02353  0.00423
2046 359549.000   34.214935070  117.143058951    27.3276   5   8   0.8095   1.0238   1.3468  -0.0073   0.0129  -0.0579   0.00    0.0    2.57389    3.25826   -0.18061   0.04426  0.04374  0.02293 -0.00162  0.00110  0.00166   -1.64025    0.65394   53.51865   0.01797  0.01790  0.43144 -0.00082 -0.02386  0.00594
2046 359550.000   34.214956513  117.143092638    27.3233   5   8   0.8230   1.0346   1.3549  -0.0071   0.0129  -0.0584   0.00    0.0    2.55480    3.29787   -0.19844   0.04431  0.04384  0.02297 -0.00168  0.00062  0.00158   -1.85066    0.63449   54.52162   0.01797  0.01790  0.43177 -0.00086 -0.02412  0.00737
2046 359551.000   34.214978499  117.143128089    27.2061   5   9   0.8363   1.0452   1.3630  -0.0071   0.0130  -0.0590   0.00    0.0    2.53494    3.46662   -0.19338   0.04442  0.04394  0.02301 -0.00203 -0.00055  0.00151   -1.78782    0.83503   55.54924   0.01797  0.01791  0.43203 -0.00092 -0.02434  0.00913
2046 359552.000   34.215001348  117.143166833    26.8392   5   8   0.8494   1.0558   1.3710  -0.0065   0.0130  -0.0595   0.00    0.0    2.64197    3.49976   -0.18832   0.04444  0.04403  0.02305 -0.00200 -0.00206  0.00103   -1.75890    0.59144   55.20128   0.01797  0.01791  0.43231 -0.00098 -0.02433  0.01051
2046 359553.000   34.215025692  117.143205847    26.5126   5   9   0.8623   1.0662   1.3790  -0.0059   0.0129  -0.0600   0.00    0.0    2.75480    3.50153   -0.21003   0.04442  0.04412  0.02308 -0.00188 -0.00263 -0.00030   -1.60713    0.76186   53.62689   0.01797  0.01791  0.43259 -0.00101 -0.02410  0.01156
2046 359554.000   34.215047980  117.143240877    26.7280   5   9   0.8750   1.0766   1.3870  -0.0053   0.0128  -0.0606   0.00    0.0    2.79370    3.43268   -0.17633   0.04439  0.04420  0.02312 -0.00166 -0.00263 -0.00089   -1.72812    0.74360   52.71254   0.01797  0.01790  0.43288 -0.00104 -0.02375  0.01223
2046 359555.000   34.215071938  117.143276571    26.6813   5   9   0.8875   1.0868   1.3949  -0.0047   0.0128  -0.0611   0.00    0.0    2.78982    3.37598   -0.16621   0.04437  0.04424  0.02315 -0.00142 -0.00233 -0.00098   -1.52898    0.76596   52.26339   0.01797  0.01790  0.43321 -0.00105 -0.02337  0.01259
2046 359556.000   34.215096643  117.143312373    26.4017   5   9   0.8998   1.0970   1.4028  -0.0038   0.0127  -0.0616   0.00    0.0    2.76045    3.28334   -0.20083   0.04433  0.04425  0.02319 -0.00097 -0.00170 -0.00087   -1.63970    0.80172   52.14548   0.01797  0.01790  0.43357 -0.00104 -0.02301  0.01257
2046 359557.000   34.215119122  117.143346710    26.4708   5   9   0.9120   1.1071   1.4107  -0.0030   0.0125  -0.0621   0.00    0.0    2.66270    3.22006   -0.21195   0.04432  0.04424  0.02322 -0.00049 -0.00111 -0.00035   -1.52657    0.88413   52.48313   0.01797  0.01791  0.43397 -0.00103 -0.02276  0.01229
2046 359558.000   34.215142620  117.143380946    26.2152   5   9   0.9239   1.1170   1.4186  -0.0009   0.0126  -0.0626   0.00    0.0    2.69532    3.31011   -0.19036   0.04434  0.04427  0.02325 -0.00091 -0.00161 -0.00077   -1.63534    0.90131   53.01409   0.01797  0.01791  0.43435 -0.00102 -0.02245  0.01225
2046 359559.000   34.215165620  117.143416509    26.4357   5   8   0.9358   1.1269   1.4264   0.0031   0.0127  -0.0631   0.00    0.0    2.84375    3.52192   -0.22727   0.04438  0.04435  0.02328 -0.00157 -0.00292 -0.00149   -1.71480    0.54889   53.11869   0.01798  0.01791  0.43460 -0.00103 -0.02184  0.01284
2046 359560.000   34.215190459  117.143454986    26.5788   5   9   0.9474   1.1367   1.4342   0.0046   0.0126  -0.0636   0.00    0.0    3.01846    3.67810   -0.19072   0.04444  0.04447  0.02331 -0.00187 -0.00391 -0.00199   -1.52909    0.41087   52.63751   0.01798  0.01791  0.43470 -0.00104 -0.02091  0.01375
2046 359561.000   34.215218691  117.143497658    26.0789   5   9   0.9589   1.1464   1.4419   0.0054   0.0125  -0.0641   0.00    0.0    3.08134    3.80404   -0.18187   0.04446  0.04449  0.02333 -0.00203 -0.00421 -0.00211   -1.67172    0.50503   52.98843   0.01799  0.01791  0.43476 -0.00104 -0.01988  0.01473
2046 359562.000   34.215246251  117.143539059    25.9453   5   9   0.9703   1.1560   1.4496   0.0060   0.0124  -0.0645   0.00    0.0    3.10393    3.87447   -0.18531   0.04446  0.04448  0.02336 -0.00211 -0.00422 -0.00215   -1.60592    0.31482   53.08946   0.01799  0.01791  0.43481 -0.00104 -0.01880  0.01568
2046 359563.000   34.215274344  117.143581530    25.6250   5   9   0.9815   1.1655   1.4573   0.0070   0.0121  -0.0650   0.00    0.0    3.15260    3.80647   -0.22933   0.04438  0.04448  0.02338 -0.00185 -0.00368 -0.00223   -1.70816    0.32497   52.50675   0.01800  0.01792  0.43493 -0.00103 -0.01761  0.01626
2046 359564.000   34.215300902  117.143621033    25.4804   5   9   0.9926   1.1750   1.4649   0.0075   0.0119  -0.0655   0.00    0.0    3.05447    3.77370   -0.18095   0.04435  0.04440  0.02341 -0.00172 -0.00301 -0.00202   -1.59559    0.42429   52.78025   0.01800  0.01792  0.43515 -0.00101 -0.01660  0.01664
2046 359565.000   34.215325811  117.143659092    25.4497   5  10   0.9565   1.1549   1.4566   0.0078   0.0109  -0.0643   0.00    0.0    3.01377    3.64470   -0.14856   0.04407  0.04373  0.02333 -0.00129 -0.00198 -0.00193   -1.50321    0.49835   52.35816   0.01800  0.01792  0.43544 -0.00099 -0.01568  0.01663
2046 359566.000   34.215351930  117.143697435    25.5653   5  10   0.9255   1.1365   1.4485   0.0075   0.0103  -0.0632   0.00    0.0    3.10956    3.73300   -0.18260   0.04389  0.04331  0.02326 -0.00147 -0.00245 -0.00213   -1.49840    0.85679   51.96191   0.01801  0.01792  0.43568 -0.00096 -0.01455  0.01677
2046 359567.000   34.215378662  117.143736544    25.6392   5  10   0.8986   1.1195   1.4407   0.0074   0.0096  -0.0623   0.00    0.0    3.17817    3.73122   -0.20212   0.04374  0.04302  0.02320 -0.00135 -0.00231 -0.00225   -1.66340    1.53167   51.12572   0.01802  0.01793  0.43590 -0.00093 -0.01322  0.01687
2046 359568.000   34.215406134  117.143775473    25.8112   5  10   0.8750   1.1037   1.4332   0.0070   0.0091  -0.0614   0.00    0.0    3.26212    3.67166   -0.19059   0.04362  0.04283  0.02314 -0.00098 -0.00165 -0.00239   -1.58337    1.48650   50.07378   0.01802  0.01793  0.43609 -0.00088 -0.01156  0.01679
2046 359569.000   34.215434670  117.143813839    25.8204   5  10   0.8542   1.0891   1.4260   0.0066   0.0088  -0.0606   0.00    0.0    3.35673    3.63695   -0.18415   0.04353  0.04273  0.02308 -0.00059 -0.00094 -0.00253   -1.46302    1.33001   48.87202   0.01802  0.01794  0.43624 -0.00083 -0.00936  0.01659
2046 359570.000   34.215464120  117.143851850    25.8828   5  10   0.8357   1.0755   1.4190   0.0059   0.0085  -0.0599   0.00    0.0    3.46915    3.60957   -0.14535   0.04348  0.04271  0.02303  0.00038  0.00083 -0.00269   -1.27535    1.03239   47.82035   0.01803  0.01795  0.43634 -0.00078 -0.00595  0.01627
2046 359571.000   34.215496419  117.143891532    25.6110   5   9   0.8481   1.0856   1.4267   0.0054   0.0088  -0.0606   0.00    0.0    3.57536    3.55495   -0.12825   0.04360  0.04302  0.02306  0.00100  0.00198 -0.00281   -1.04162    0.98839   46.77406   0.01803  0.01796  0.43639 -0.00072  0.00455  0.01573
2046 359572.000   34.215526015  117.143927964    25.8017   5   9   0.8606   1.0957   1.4345   0.0046   0.0090  -0.0612   0.00    0.0    3.41539    3.35849   -0.08748   0.04374  0.04309  0.02310  0.00168  0.00303 -0.00253   -1.16769    1.08059   46.21915   0.01803  0.01796  0.43658 -0.00068  0.00789  0.01465
2046 359573.000   34.215555561  117.143964808    25.8388   5   9   0.8730   1.1057   1.4421   0.0042   0.0093  -0.0618   0.00    0.0    3.44439    3.35723   -0.13911   0.04381  0.04329  0.02313  0.00176  0.00298 -0.00255   -1.18402    1.15520   46.00577   0.01802  0.01797  0.43677 -0.00065  0.01015  0.01350
2046 359574.000   34.215587226  117.144000981    25.7967   5   9   0.8853   1.1157   1.4498   0.0038   0.0096  -0.0624   0.00    0.0    3.56621    3.44291   -0.11527   0.04386  0.04352  0.02317  0.00159  0.00250 -0.00272   -1.08794    1.05436   45.25311   0.01802  0.01797  0.43694 -0.00063  0.01219  0.01255
2046 359575.000   34.215618145  117.144036837    25.9245   5  10   0.8633   1.1002   1.4420   0.0034   0.0093  -0.0615   0.00    0.0    3.65381    3.43608   -0.09298   0.04375  0.04331  0.02311  0.00163  0.00255 -0.00282   -0.97834    0.95930   44.82418   0.01802  0.01796  0.43708 -0.00062  0.01405  0.01152
2046 359576.000   34.215649858  117.144073151    25.9937   5  10   0.8438   1.0857   1.4344   0.0020   0.0091  -0.0608   0.00    0.0    3.56091    3.33766   -0.11240   0.04368  0.04300  0.02305  0.00189  0.00281 -0.00262   -1.12748    1.11087   44.50488   0.01801  0.01795  0.43731 -0.00063  0.01531  0.01000
2046 359577.000   34.215682765  117.144109297    25.6153   5   9   0.8563   1.0958   1.4421  -0.0009   0.0095  -0.0614   0.00    0.0    3.51591    3.25576   -0.09013   0.04380  0.04316  0.02309  0.00211  0.00283 -0.00246   -1.49777    0.85966   44.55654   0.01801  0.01796  0.43757 -0.00066  0.01622  0.00783
2046 359578.000   34.215714317  117.144143562    25.6706   5   8   0.8687   1.1058   1.4498  -0.0009   0.0100  -0.0620   0.00    0.0    3.66063    3.28691   -0.05575   0.04386  0.04341  0.02313  0.00204  0.00282 -0.00267   -0.86318    1.02991   43.06926   0.01801  0.01796  0.43780 -0.00068  0.01732  0.00516
2046 359579.000   34.215747283  117.144178316    25.7580   5   9   0.8811   1.1158   1.4574  -0.0010   0.0103  -0.0626   0.00    0.0    3.87261    3.19316   -0.08179   0.04394  0.04369  0.02316  0.00225  0.00357 -0.00296   -1.04130    1.02841   41.05661   0.01801  0.01796  0.43790 -0.00072  0.01868 -0.00352
2046 359580.000   34.215782463  117.144213353    25.6455   5   9   0.8934   1.1256   1.4650  -0.0014   0.0105  -0.0632   0.00    0.0    4.03703    3.12758   -0.07096   0.04402  0.04391  0.02319  0.00240  0.00400 -0.00315   -0.87165    1.12107   39.54572   0.01800  0.01796  0.43790 -0.00078  0.02012 -0.00738
2046 359581.000   34.215819419  117.144247742    25.4857   5   9   0.9056   1.1355   1.4725  -0.0017   0.0106  -0.0638   0.00    0.0    4.12122    3.08962   -0.09195   0.04406  0.04401  0.02322  0.00248  0.00404 -0.00320   -0.91254    1.29410   38.35256   0.01800  0.01796  0.43790 -0.00085  0.02144 -0.00986
2046 359582.000   34.215857292  117.144281660    25.1663   5   9   0.9176   1.1452   1.4801  -0.0024   0.0109  -0.0644   0.00    0.0    4.07372    3.21226   -0.09099   0.04404  0.04399  0.02325  0.00225  0.00285 -0.00305   -0.94241    1.01471   39.69113   0.01800  0.01796  0.43807 -0.00090  0.02244 -0.01134
2046 359583.000   34.215895655  117.144318561    24.5855   5   9   0.9296   1.1549   1.4876  -0.0028   0.0109  -0.0650   0.00    0.0    4.03799    3.24377   -0.10569   0.04406  0.04398  0.02328  0.00221  0.00233 -0.00290   -0.93590    0.92581   40.43526   0.01800  0.01796  0.43834 -0.00095  0.02320 -0.01255
2046 359584.000   34.215929541  117.144352478    24.9386   5   9   0.9414   1.1645   1.4950  -0.0028   0.0109  -0.0655   0.00    0.0    4.04269    3.23785   -0.06859   0.04409  0.04403  0.02331  0.00219  0.00208 -0.00288   -0.82799    0.93757   40.40351   0.01800  0.01796  0.43863 -0.00100  0.02387 -0.01359
2046 359585.000   34.215964160  117.144386173    25.2793   5   9   0.9531   1.1740   1.5025  -0.0020   0.0109  -0.0660   0.00    0.0    4.09572    3.24081   -0.10525   0.04409  0.04408  0.02333  0.00215  0.00186 -0.00292   -0.99608    1.01879   39.78910   0.01800  0.01796  0.43892 -0.00105  0.02453 -0.01448
2046 359586.000   34.216002811  117.144421746    25.0411   5   9   0.9646   1.1835   1.5099  -0.0024   0.0107  -0.0666   0.00    0.0    4.08946    3.17573   -0.10662   0.04412  0.04408  0.02336  0.00228  0.00196 -0.00281   -0.89421    1.11462   39.19094   0.01800  0.01796  0.43925 -0.00110  0.02503 -0.01544
2046 359587.000   34.216038209  117.144454085    25.3274   5   9   0.9761   1.1928   1.5173  -0.0023   0.0106  -0.0671   0.00    0.0    4.08943    3.13413   -0.08767   0.04414  0.04409  0.02338  0.00232  0.00186 -0.00277   -0.80328    0.96696   38.93325   0.01800  0.01796  0.43960 -0.00115  0.02544 -0.01636
2046 359588.000   34.216075369  117.144488683    25.2043   5   9   0.9874   1.2022   1.5246  -0.0022   0.0104  -0.0676   0.00    0.0    4.10090    3.10344   -0.05869   0.04415  0.04411  0.02340  0.00237  0.00176 -0.00271   -0.76526    0.97355   38.78361   0.01800  0.01796  0.43997 -0.00120  0.02577 -0.01726
2046 359589.000   34.216113468  117.144523172    24.9685   5   9   0.9985   1.2114   1.5319  -0.0020   0.0100  -0.0681   0.00    0.0    4.11172    3.10582   -0.11362   0.04415  0.04410  0.02343  0.00235  0.00148 -0.00264   -0.82975    1.02832   38.84739   0.01800  0.01796  0.44036 -0.00124  0.02601 -0.01807
2046 359590.000   34.216150202  117.144556821    25.0192   5   9   1.0096   1.2206   1.5392  -0.0023   0.0097  -0.0687   0.00    0.0    4.00994    3.12699   -0.11263   0.04414  0.04409  0.02345  0.00229  0.00077 -0.00239   -0.91895    1.19648   39.25653   0.01801  0.01796  0.44078 -0.00127  0.02603 -0.01873
2046 359591.000   34.216186543  117.144590403    24.9570   5   9   1.0205   1.2297   1.5465  -0.0022   0.0093  -0.0692   0.00    0.0    4.01429    3.11562   -0.05759   0.04415  0.04411  0.02347  0.00228  0.00056 -0.00232   -0.89056    1.12553   39.32594   0.01801  0.01797  0.44121 -0.00130  0.02600 -0.01934
2046 359592.000   34.216222272  117.144624160    24.9677   5   9   1.0313   1.2387   1.5537  -0.0026   0.0088  -0.0697   0.00    0.0    3.98860    3.03920   -0.07741   0.04416  0.04411  0.02349  0.00241  0.00010 -0.00221   -0.89435    1.05271   38.97767   0.01801  0.01797  0.44164 -0.00132  0.02588 -0.02004
2046 359593.000   34.216256964  117.144656795    25.1797   5  10   0.9895   1.2132   1.5420  -0.0027   0.0077  -0.0682   0.00    0.0    3.94362    2.98773   -0.11204   0.04395  0.04353  0.02340  0.00245 -0.00079 -0.00206   -0.94038    1.13803   38.82922   0.01802  0.01796  0.44205 -0.00135  0.02565 -0.02075
2046 359594.000   34.216291683  117.144689325    25.2896   5  10   0.9538   1.1898   1.5307  -0.0024   0.0073  -0.0669   0.00    0.0    3.90142    3.03119   -0.07768   0.04378  0.04315  0.02332  0.00232 -0.00084 -0.00189   -0.86044    1.00838   39.35542   0.01802  0.01796  0.44248 -0.00136  0.02533 -0.02130
2046 359595.000   34.216326870  117.144723013    25.0942   5  10   0.9231   1.1684   1.5199  -0.0018   0.0073  -0.0657   0.00    0.0    3.94882    3.03524   -0.12222   0.04365  0.04285  0.02325  0.00228 -0.00067 -0.00191   -0.95625    1.05041   39.28905   0.01803  0.01796  0.44290 -0.00137  0.02504 -0.02181
2046 359596.000   34.216361493  117.144755641    25.2184   5  10   0.8962   1.1486   1.5096  -0.0017   0.0076  -0.0646   0.00    0.0    3.96734    3.01148   -0.07594   0.04357  0.04267  0.02319  0.00228 -0.00063 -0.00190   -0.92945    0.91114   38.60831   0.01804  0.01797  0.44333 -0.00138  0.02476 -0.02230
2046 359597.000   34.216395186  117.144786364    25.8117   5   9   0.9080   1.1581   1.5169  -0.0013   0.0085  -0.0652   0.00    0.0    3.97477    2.94460   -0.04414   0.04367  0.04289  0.02322  0.00236 -0.00070 -0.00191   -0.84468    0.78437   38.27078   0.01804  0.01797  0.44376 -0.00138  0.02448 -0.02283
2046 359598.000   34.216429884  117.144818712    25.8401   5   8   0.9198   1.1676   1.5242  -0.0015   0.0093  -0.0658   0.00    0.0    3.82829    2.93613   -0.10306   0.04373  0.04310  0.02325  0.00236 -0.00106 -0.00148   -1.03809    1.31609   38.95672   0.01805  0.01798  0.44416 -0.00137  0.02394 -0.02331
2046 359599.000   34.216464660  117.144851889    25.3622   5   8   0.9314   1.1771   1.5315  -0.0014   0.0099  -0.0663   0.00    0.0    3.68128    2.91817   -0.05216   0.04381  0.04334  0.02327  0.00241 -0.00137 -0.00079   -1.20937    0.81964   39.87477   0.01806  0.01798  0.44450 -0.00135  0.02312 -0.02376
2046 359600.000   34.216497177  117.144883087    25.3028   5   9   0.9430   1.1864   1.5388  -0.0011   0.0104  -0.0669   0.00    0.0    3.61368    2.80638   -0.06679   0.04388  0.04351  0.02330  0.00258 -0.00202  0.00027   -1.22554    0.80319   39.29794   0.01806  0.01798  0.44480 -0.00132  0.02218 -0.02435
2046 359601.000   34.216531490  117.144915496    24.8656   5   9   0.9546   1.1957   1.5460   0.0016   0.0108  -0.0674   0.00    0.0    3.68256    2.84424   -0.11333   0.04392  0.04359  0.02333  0.00251 -0.00150 -0.00050   -1.07567    0.79742   39.24275   0.01807  0.01797  0.44515 -0.00130  0.02132 -0.02484
2046 359602.000   34.216562180  117.144945378    25.4645   5   9   0.9660   1.2050   1.5532   0.0026   0.0111  -0.0680   0.00    0.0    3.79576    2.95210   -0.07649   0.04396  0.04364  0.02335  0.00224  0.00075 -0.00118   -1.00100    0.97637   39.28159   0.01807  0.01797  0.44555 -0.00127  0.02073 -0.02507
2046 359603.000   34.216596392  117.144978033    25.3220   5   9   0.9774   1.2142   1.5604   0.0029   0.0113  -0.0685   0.00    0.0    3.86048    2.96403   -0.06889   0.04400  0.04372  0.02337  0.00220  0.00079 -0.00136   -1.15417    1.04194   39.01672   0.01807  0.01797  0.44597 -0.00124  0.02025 -0.02524
2046 359604.000   34.216630596  117.145010272    25.3370   5  10   0.9434   1.1907   1.5484   0.0029   0.0108  -0.0672   0.00    0.0    3.87797    2.99974   -0.07405   0.04385  0.04333  0.02330  0.00207  0.00100 -0.00137   -1.22685    0.88213   39.11415   0.01808  0.01796  0.44639 -0.00122  0.01980 -0.02532
2046 359605.000   34.216667359  117.145044219    24.7630   5   9   0.9549   1.2000   1.5556   0.0029   0.0111  -0.0677   0.00    0.0    3.82955    3.01774   -0.08084   0.04391  0.04348  0.02332  0.00205  0.00133 -0.00106   -1.22518    0.78740   39.68546   0.01808  0.01797  0.44679 -0.00118  0.01919 -0.02537
2046 359606.000   34.216700833  117.145076763    24.9079   5   9   0.9664   1.2092   1.5628   0.0029   0.0113  -0.0682   0.00    0.0    3.78919    2.96136   -0.11829   0.04394  0.04359  0.02335  0.00214  0.00120 -0.00087   -1.22801    0.75758   39.75082   0.01808  0.01797  0.44718 -0.00114  0.01851 -0.02549
2046 359607.000   34.216735209  117.145108153    24.7400   5   9   0.9777   1.2184   1.5699   0.0030   0.0115  -0.0688   0.00    0.0    3.78614    2.90198   -0.08437   0.04398  0.04370  0.02337  0.00223  0.00097 -0.00079   -1.29429    0.89594   38.76505   0.01809  0.01797  0.44758 -0.00111  0.01779 -0.02567
2046 359608.000   34.216770188  117.145140189    24.6743   5   9   0.9889   1.2275   1.5770   0.0032   0.0116  -0.0693   0.00    0.0    3.88700    2.87374   -0.11554   0.04401  0.04375  0.02340  0.00227  0.00061 -0.00119   -0.90058    0.92193   38.11377   0.01809  0.01797  0.44801 -0.00108  0.01728 -0.02586
2046 359609.000   34.216803726  117.145170179    24.7052   5   8   1.0001   1.2365   1.5841   0.0029   0.0116  -0.0698   0.00    0.0    3.69756    2.82614   -0.08921   0.04404  0.04388  0.02342  0.00233  0.00087  0.00050   -1.14566    0.95960   39.01117   0.01810  0.01797  0.44839 -0.00103  0.01630 -0.02607
2046 359610.000   34.216836030  117.145200055    24.6564   5   9   1.0111   1.2455   1.5911   0.0029   0.0117  -0.0703   0.00    0.0    3.57513    2.76335   -0.05907   0.04406  0.04398  0.02344  0.00242  0.00052  0.00115   -1.19009    0.87040   39.28721   0.01810  0.01797  0.44872 -0.00096  0.01501 -0.02633
2046 359611.000   34.216867259  117.145228689    24.7726   5   8   1.0220   1.2544   1.5982   0.0035   0.0117  -0.0708   0.00    0.0    3.65138    2.76959   -0.12499   0.04407  0.04397  0.02346  0.00235  0.00092  0.00077   -1.19937    0.74641   39.08868   0.01811  0.01797  0.44911 -0.00090  0.01393 -0.02654
2046 359612.000   34.216900474  117.145259680    24.7120   5   9   0.9856   1.2283   1.5848   0.0035   0.0111  -0.0693   0.00    0.0    3.76472    2.88510   -0.06624   0.04393  0.04352  0.02338  0.00207  0.00133 -0.00055   -1.20580    0.68916   39.02441   0.01811  0.01797  0.44950 -0.00086  0.01316 -0.02653
2046 359613.000   34.216934849  117.145292437    24.5941   5   9   0.9968   1.2374   1.5918   0.0036   0.0112  -0.0698   0.00    0.0    3.81649    2.93482   -0.08337   0.04398  0.04360  0.02340  0.00196  0.00122 -0.00085   -1.11317    0.75243   39.42126   0.01811  0.01797  0.44990 -0.00082  0.01252 -0.02645
2046 359614.000   34.216968429  117.145324651    24.6920   5   9   0.9697   1.2151   1.5805   0.0033   0.0107  -0.0686   0.00    0.0    3.72377    2.89568   -0.06450   0.04385  0.04334  0.02333  0.00201  0.00151  0.00035   -1.13797    0.96712   39.24197   0.01811  0.01797  0.45029 -0.00076  0.01152 -0.02641
2046 359615.000   34.217000693  117.145355336    24.9469   5   9   0.9457   1.1946   1.5695   0.0033   0.0104  -0.0674   0.00    0.0    3.85346    2.83281   -0.05835   0.04373  0.04311  0.02327  0.00210  0.00058 -0.00105   -1.26459    0.29566   38.38038   0.01812  0.01797  0.45071 -0.00073  0.01102 -0.02645
2046 359616.000   34.217033151  117.145384606    25.2712   5   9   0.9243   1.1755   1.5590   0.0031   0.0102  -0.0663   0.00    0.0    3.74959    2.75697   -0.04374   0.04365  0.04298  0.02321  0.00220  0.00086 -0.00050   -1.12215    0.53323   37.93378   0.01812  0.01798  0.45113 -0.00068  0.01014 -0.02657
2046 359617.000   34.217066240  117.145414531    25.3264   5   9   0.9051   1.1579   1.5489   0.0031   0.0103  -0.0653   0.00    0.0    3.77852    2.82555   -0.06000   0.04361  0.04286  0.02316  0.00203  0.00101 -0.00069   -1.09271    0.60208   38.27207   0.01812  0.01798  0.45154 -0.00063  0.00933 -0.02657
2046 359618.000   34.217099750  117.145445196    25.3941   5   8   0.9167   1.1672   1.5560   0.0031   0.0108  -0.0659   0.00    0.0    3.73855    2.79947   -0.05411   0.04370  0.04307  0.02319  0.00207  0.00109 -0.00041   -1.12153    0.47215   38.52688   0.01813  0.01799  0.45194 -0.00058  0.00834 -0.02658
2046 359619.000   34.217133112  117.145474791    25.2714   5   8   0.9283   1.1766   1.5632   0.0030   0.0112  -0.0664   0.00    0.0    3.61776    2.72530   -0.03145   0.04378  0.04327  0.02322  0.00220  0.00125  0.00095   -1.24761    0.44422   38.35423   0.01813  0.01799  0.45234 -0.00049  0.00655 -0.02668
2046 359620.000   34.217168168  117.145505986    24.6989   5   8   0.9398   1.1859   1.5703   0.0029   0.0114  -0.0670   0.00    0.0    3.59770    2.49673   -0.05109   0.04384  0.04342  0.02325  0.00264 -0.00130  0.00112   -1.11947    0.54715   36.09999   0.01814  0.01800  0.45273 -0.00036  0.00376 -0.02714
2046 359621.000   34.217200129  117.145532440    24.6649   5   9   0.9513   1.1951   1.5773   0.0030   0.0117  -0.0675   0.00    0.0    3.57986    2.37846   -0.07606   0.04391  0.04354  0.02328  0.00280 -0.00164  0.00116   -1.11762    0.62155   35.90625   0.01815  0.01800  0.45311 -0.00016 -0.00367 -0.02769
2046 359622.000   34.217229571  117.145556069    25.1063   5   8   0.9627   1.2044   1.5844   0.0032   0.0119  -0.0680   0.00    0.0    3.43618    2.26179   -0.06482   0.04397  0.04369  0.02330  0.00292 -0.00214  0.00154   -1.20326    0.71260   35.52192   0.01815  0.01800  0.45345  0.00035 -0.00705 -0.02830
2046 359623.000   34.217259413  117.145579666    25.2569   5   9   0.9741   1.2135   1.5914   0.0037   0.0121  -0.0686   0.00    0.0    3.46820    2.08350   -0.03910   0.04406  0.04376  0.02333  0.00314 -0.00234  0.00139   -1.16324    0.79889   33.15603   0.01816  0.01800  0.45377  0.00051 -0.00895 -0.02906
2046 359624.000   34.217290039  117.145603190    25.4493   5  10   0.9405   1.1899   1.5782   0.0039   0.0115  -0.0672   0.00    0.0    3.65438    2.06099   -0.04563   0.04390  0.04334  0.02326  0.00311 -0.00109  0.00041   -1.13236    0.71036   31.74539   0.01817  0.01799  0.45415  0.00058 -0.00963 -0.02975
2046 359625.000   34.217322606  117.145626479    25.5171   5  10   0.9115   1.1682   1.5656   0.0037   0.0112  -0.0660   0.00    0.0    3.68380    2.09090   -0.03543   0.04376  0.04308  0.02320  0.00301 -0.00066 -0.00034   -1.30220    0.78018   31.33250   0.01818  0.01799  0.45457  0.00063 -0.01010 -0.03030
2046 359626.000   34.217355814  117.145649347    25.5431   5   9   0.8936   1.1510   1.5552   0.0035   0.0111  -0.0650   0.00    0.0    3.73279    2.07193   -0.03460   0.04368  0.04296  0.02315  0.00299  0.00039 -0.00075   -1.01701    0.45243   30.70185   0.01819  0.01799  0.45499  0.00066 -0.01033 -0.03081
2046 359627.000   34.217390500  117.145672558    25.4722   5   9   0.8775   1.1351   1.5452   0.0033   0.0111  -0.0641   0.00    0.0    3.89561    2.07394   -0.06221   0.04361  0.04289  0.02310  0.00294  0.00109 -0.00138   -1.42917    0.69488   29.44020   0.01819  0.01799  0.45539  0.00064 -0.00988 -0.03124
2046 359628.000   34.217425432  117.145695120    25.4948   5   9   0.8629   1.1202   1.5355   0.0031   0.0110  -0.0632   0.00    0.0    3.97995    1.96985   -0.00991   0.04359  0.04286  0.02306  0.00305  0.00160 -0.00163   -1.21654    1.05316   28.01801   0.01820  0.01799  0.45577  0.00059 -0.00908 -0.03172
2046 359629.000   34.217461466  117.145717112    25.3116   5   9   0.8496   1.1063   1.5262   0.0026   0.0111  -0.0624   0.00    0.0    3.91817    1.84943   -0.07086   0.04358  0.04278  0.02302  0.00318  0.00156 -0.00141   -1.14544    0.84716   26.86884   0.01821  0.01799  0.45615  0.00058 -0.00867 -0.03230
2046 359630.000   34.217497177  117.145737017    25.2638   5   8   0.8617   1.1159   1.5334   0.0023   0.0117  -0.0630   0.00    0.0    3.92547    1.79587   -0.03926   0.04368  0.04300  0.02306  0.00321  0.00148 -0.00141   -0.96860    0.28931   26.40954   0.01822  0.01799  0.45653  0.00056 -0.00826 -0.03286
2046 359631.000   34.217530694  117.145754566    25.6563   5   8   0.8738   1.1256   1.5405   0.0021   0.0124  -0.0635   0.00    0.0    3.91228    1.80983   -0.04096   0.04374  0.04318  0.02310  0.00311  0.00109 -0.00141   -1.11624   -0.05159   26.78591   0.01822  0.01799  0.45694  0.00053 -0.00776 -0.03331
2046 359632.000   34.217566179  117.145773599    25.5584   5   8   0.8859   1.1352   1.5476   0.0019   0.0128  -0.0640   0.00    0.0    3.89144    1.68903   -0.04431   0.04383  0.04334  0.02313  0.00322  0.00117 -0.00131   -1.08034    0.17620   25.17542   0.01823  0.01799  0.45735  0.00052 -0.00745 -0.03383
2046 359633.000   34.217601392  117.145791959    25.5569   5   9   0.8980   1.1448   1.5547   0.0017   0.0134  -0.0646   0.00    0.0    3.89569    1.71574   -0.05045   0.04388  0.04348  0.02316  0.00312  0.00080 -0.00131   -0.93660   -0.12036   25.56558   0.01824  0.01799  0.45777  0.00051 -0.00715 -0.03423
2046 359634.000   34.217634838  117.145809889    25.8784   5   9   0.9100   1.1544   1.5618   0.0016   0.0138  -0.0651   0.00    0.0    3.87331    1.70996   -0.01519   0.04393  0.04360  0.02320  0.00306  0.00038 -0.00126   -1.01097    0.09442   25.35667   0.01824  0.01799  0.45820  0.00050 -0.00690 -0.03456
2046 359635.000   34.217669414  117.145827785    26.1081   5   9   0.9219   1.1639   1.5689   0.0015   0.0142  -0.0657   0.00    0.0    3.85718    1.68835   -0.01307   0.04398  0.04370  0.02323  0.00302 -0.00035 -0.00119   -0.82957    0.28014   25.27916   0.01825  0.01799  0.45864  0.00049 -0.00676 -0.03483
2046 359636.000   34.217706394  117.145847560    25.7063   5   9   0.9337   1.1734   1.5759   0.0015   0.0145  -0.0662   0.00    0.0    3.96181    1.59545   -0.05040   0.04401  0.04380  0.02326  0.00312  0.00072 -0.00146   -0.90855    0.36307   23.98570   0.01825  0.01798  0.45905  0.00045 -0.00610 -0.03517
2046 359637.000   34.217742517  117.145865310    25.6064   5   9   0.9454   1.1828   1.5830   0.0013   0.0146  -0.0667   0.00    0.0    3.93216    1.48018   -0.02145   0.04406  0.04387  0.02328  0.00323  0.00091 -0.00133   -1.07423    0.52830   22.56912   0.01826  0.01798  0.45947  0.00043 -0.00573 -0.03557
2046 359638.000   34.217777516  117.145881443    25.7111   5  10   0.9158   1.1616   1.5702   0.0011   0.0140  -0.0655   0.00    0.0    3.92284    1.35011   -0.01615   0.04391  0.04345  0.02322  0.00332  0.00107 -0.00129   -0.80499    0.28476   21.41369   0.01827  0.01797  0.45988  0.00043 -0.00551 -0.03603
2046 359639.000   34.217813764  117.145897205    25.5937   5   9   0.9277   1.1711   1.5772   0.0009   0.0144  -0.0661   0.00    0.0    3.98088    1.36622    0.00000   0.04395  0.04358  0.02325  0.00324  0.00093 -0.00143   -0.82387    0.20314   20.96134   0.01827  0.01797  0.46030  0.00039 -0.00496 -0.03641
2046 359640.000   34.217848377  117.145911097    25.7936   5   9   0.9394   1.1805   1.5842   0.0003   0.0146  -0.0666   0.00    0.0    3.92039    1.22026    0.01463   0.04401  0.04367  0.02328  0.00337  0.00095 -0.00124   -0.85716    0.30359   19.41595   0.01829  0.01797  0.46071  0.00040 -0.00492 -0.03686
2046 359641.000   34.217883334  117.145923741    25.7603   5   9   0.9511   1.1899   1.5912  -0.0006   0.0149  -0.0672   0.00    0.0    3.89437    1.14307    0.02923   0.04405  0.04375  0.02331  0.00340  0.00078 -0.00113   -0.85338    0.08936   18.14526   0.01830  0.01797  0.46113  0.00042 -0.00512 -0.03732
2046 359642.000   34.217918579  117.145936148    25.8007   5   9   0.9626   1.1992   1.5982  -0.0009   0.0151  -0.0677   0.00    0.0    3.90563    1.04785    0.00782   0.04408  0.04382  0.02334  0.00345  0.00089 -0.00114   -0.65876   -0.02058   17.15461   0.01831  0.01797  0.46154  0.00044 -0.00530 -0.03780
2046 359643.000   34.217955009  117.145948346    25.7931   5   9   0.9740   1.2084   1.6051   0.0006   0.0154  -0.0682   0.00    0.0    4.13186    1.02894   -0.02400   0.04409  0.04393  0.02336  0.00341  0.00156 -0.00176   -0.81089    0.04508   16.12742   0.01832  0.01797  0.46192  0.00031 -0.00347 -0.03822
2046 359644.000   34.217992309  117.145960325    25.9025   5  10   0.9406   1.1851   1.5914  -0.0005   0.0146  -0.0669   0.00    0.0    4.18380    1.06757    0.00800   0.04390  0.04349  0.02330  0.00326  0.00079 -0.00185   -0.69481   -0.18841   16.57729   0.01832  0.01796  0.46229 -0.00016  0.00260 -0.03851
2046 359645.000   34.218029114  117.145973068    25.9305   5   9   0.9522   1.1944   1.5984  -0.0012   0.0149  -0.0674   0.00    0.0    4.00437    1.05443    0.02599   0.04395  0.04355  0.02332  0.00321 -0.00046 -0.00131   -0.51148   -0.15113   16.70909   0.01833  0.01796  0.46273 -0.00019  0.00292 -0.03876
2046 359646.000   34.218065040  117.145984282    25.8817   5   9   0.9637   1.2037   1.6053  -0.0015   0.0151  -0.0680   0.00    0.0    3.91226    0.94414    0.02216   0.04399  0.04364  0.02335  0.00330 -0.00040 -0.00091   -0.51197    0.12823   15.52140   0.01834  0.01797  0.46317  0.00015  0.00069 -0.03905
2046 359647.000   34.218099448  117.145995688    25.8370   5  10   0.9316   1.1807   1.5916  -0.0017   0.0145  -0.0667   0.00    0.0    3.81219    0.88724    0.01748   0.04383  0.04325  0.02328  0.00329 -0.00067  0.00028   -0.45500    0.02665   15.22964   0.01835  0.01796  0.46361  0.00038 -0.00397 -0.03933
2046 359648.000   34.218133268  117.146005838    26.0058   5  10   0.9038   1.1597   1.5785  -0.0018   0.0140  -0.0655   0.00    0.0    3.80616    0.83000    0.02377   0.04371  0.04296  0.02323  0.00327 -0.00066  0.00037   -0.38563    0.10214   14.27859   0.01835  0.01796  0.46404  0.00052 -0.00567 -0.03960
2046 359649.000   34.218167065  117.146015314    26.1507   5  10   0.8794   1.1402   1.5659  -0.0021   0.0138  -0.0644   0.00    0.0    3.84911    0.80093    0.03207   0.04361  0.04275  0.02317  0.00322 -0.00054 -0.00049   -0.46435    0.10483   13.96102   0.01836  0.01796  0.46449  0.00060 -0.00661 -0.03982
2046 359650.000   34.218201059  117.146024962    26.2701   5  10   0.8578   1.1223   1.5537  -0.0023   0.0136  -0.0633   0.00    0.0    3.83771    0.80414    0.00371   0.04354  0.04261  0.02312  0.00314 -0.00046 -0.00037   -0.37911    0.28757   13.94913   0.01837  0.01796  0.46493  0.00067 -0.00744 -0.03997
2046 359651.000   34.218235795  117.146034747    26.1322   5  10   0.8387   1.1057   1.5421  -0.0026   0.0136  -0.0623   0.00    0.0    3.88086    0.78187   -0.02023   0.04349  0.04250  0.02308  0.00310 -0.00064 -0.00069   -0.26354    0.55520   13.59280   0.01837  0.01796  0.46537  0.00072 -0.00797 -0.04008
2046 359652.000   34.218270255  117.146043481    26.5026   5  10   0.8216   1.0902   1.5309  -0.0028   0.0135  -0.0614   0.00    0.0    3.89469    0.71394   -0.03330   0.04345  0.04244  0.02304  0.00312 -0.00073 -0.00082   -0.47379    0.79903   12.42325   0.01837  0.01797  0.46580  0.00075 -0.00833 -0.04019
2046 359653.000   34.218305119  117.146050524    26.6835   5   9   0.8339   1.1001   1.5379  -0.0032   0.0142  -0.0619   0.00    0.0    3.98467    0.59260    0.01223   0.04357  0.04272  0.02308  0.00323 -0.00073 -0.00122   -0.63993    0.66436   10.42225   0.01838  0.01798  0.46624  0.00075 -0.00821 -0.04035
2046 359654.000   34.218340727  117.146056343    26.6305   5   8   0.8463   1.1099   1.5450  -0.0036   0.0149  -0.0624   0.00    0.0    3.87577    0.43733    0.03690   0.04369  0.04295  0.02311  0.00338 -0.00050 -0.00072   -0.54735    0.50017    8.41500   0.01839  0.01798  0.46668  0.00080 -0.00872 -0.04061
2046 359655.000   34.218376337  117.146060864    26.6001   5   9   0.8587   1.1197   1.5521  -0.0039   0.0155  -0.0629   0.00    0.0    3.95922    0.32184    0.02400   0.04378  0.04315  0.02315  0.00346  0.00056 -0.00109   -0.49573    0.34222    6.49385   0.01840  0.01798  0.46711  0.00081 -0.00881 -0.04093
2046 359656.000   34.218412229  117.146064004    26.5628   5   9   0.8711   1.1294   1.5591  -0.0042   0.0160  -0.0635   0.00    0.0    3.96160    0.22927    0.02180   0.04386  0.04333  0.02318  0.00351  0.00063 -0.00108   -0.46159    0.20254    5.47987   0.01841  0.01798  0.46754  0.00083 -0.00891 -0.04125
2046 359657.000   34.218446262  117.146066877    26.7885   5  10   0.8507   1.1123   1.5473  -0.0042   0.0158  -0.0625   0.00    0.0    3.82423    0.17270    0.02070   0.04376  0.04309  0.02313  0.00349 -0.00070  0.00019   -0.63209   -0.37007    5.22169   0.01841  0.01797  0.46798  0.00091 -0.00959 -0.04156
2046 359658.000   34.218480134  117.146069461    26.7700   5   9   0.8631   1.1221   1.5543  -0.0045   0.0164  -0.0630   0.00    0.0    3.81526    0.17124    0.01813   0.04384  0.04327  0.02317  0.00342 -0.00057  0.00042   -0.39827   -0.33021    5.00459   0.01842  0.01797  0.46842  0.00097 -0.01022 -0.04179
2046 359659.000   34.218515304  117.146072959    26.6974   5  10   0.8437   1.1055   1.5426  -0.0044   0.0161  -0.0621   0.00    0.0    3.89496    0.28285   -0.03186   0.04374  0.04304  0.02312  0.00317 -0.00086 -0.00058   -0.32156   -0.09514    5.71528   0.01842  0.01796  0.46885  0.00099 -0.01044 -0.04185
2046 359660.000   34.218548276  117.146076366    27.2984   5  10   0.8263   1.0902   1.5314  -0.0044   0.0160  -0.0612   0.00    0.0    3.87261    0.30022    0.06067   0.04370  0.04288  0.02308  0.00305 -0.00098 -0.00050   -0.35467    0.24479    6.21030   0.01841  0.01795  0.46925  0.00102 -0.01069 -0.04181
2046 359661.000   34.218582921  117.146079555    27.2211   5   9   0.8390   1.1001   1.5385  -0.0047   0.0166  -0.0617   0.00    0.0    3.87423    0.21476    0.02408   0.04378  0.04308  0.02312  0.00311 -0.00094 -0.00050   -0.33533    0.44536    4.93432   0.01841  0.01796  0.46967  0.00104 -0.01092 -0.04180
2046 359662.000   34.218619158  117.146081801    27.2729   5  10   0.8222   1.0851   1.5274  -0.0047   0.0163  -0.0608   0.00    0.0    4.06740    0.09523    0.02638   0.04368  0.04293  0.02308  0.00318 -0.00147 -0.00139   -0.36733    0.60009    2.87561   0.01841  0.01795  0.47007  0.00101 -0.01039 -0.04185
2046 359663.000   34.218656113  117.146082730    27.3081   5  10   0.8071   1.0712   1.5168  -0.0048   0.0162  -0.0600   0.00    0.0    4.10403    0.01330    0.03079   0.04362  0.04280  0.02304  0.00321 -0.00141 -0.00148   -0.45369    0.66999    1.73494   0.01841  0.01794  0.47046  0.00096 -0.00973 -0.04192
2046 359664.000   34.218693518  117.146082910    27.2726   5  10   0.7936   1.0582   1.5065  -0.0048   0.0162  -0.0592   0.00    0.0    4.10701   -0.03827    0.02382   0.04357  0.04269  0.02301  0.00320 -0.00143 -0.00145   -0.41160    0.36437    1.07180   0.01841  0.01794  0.47086  0.00092 -0.00911 -0.04198
2046 359665.000   34.218730284  117.146082381    27.3140   5  10   0.7814   1.0461   1.4966  -0.0049   0.0162  -0.0585   0.00    0.0    4.12971   -0.06305    0.03301   0.04354  0.04262  0.02298  0.00315 -0.00164 -0.00149   -0.29945    0.18416    0.79870   0.01841  0.01793  0.47125  0.00087 -0.00836 -0.04201
2046 359666.000   34.218767446  117.146082527    27.3200   5  10   0.7704   1.0348   1.4870  -0.0050   0.0163  -0.0578   0.00    0.0    4.13704   -0.00026    0.00346   0.04354  0.04255  0.02295  0.00298 -0.00207 -0.00147   -0.40418    0.30826    1.70256   0.01841  0.01793  0.47160  0.00081 -0.00758 -0.04192
2046 359667.000   34.218804909  117.146083405    27.3550   5   9   0.7836   1.0451   1.4942  -0.0053   0.0172  -0.0584   0.00    0.0    4.12160    0.07269    0.01173   0.04371  0.04279  0.02299  0.00282 -0.00226 -0.00137   -0.52112    0.27713    2.67574   0.01840  0.01794  0.47192  0.00076 -0.00686 -0.04169
2046 359668.000   34.218841730  117.146084951    27.5157   5   9   0.7968   1.0554   1.5013  -0.0056   0.0179  -0.0589   0.00    0.0    4.12868    0.13019    0.02968   0.04386  0.04302  0.02303  0.00268 -0.00247 -0.00136   -0.32620    0.58949    3.27984   0.01839  0.01795  0.47218  0.00070 -0.00603 -0.04136
2046 359669.000   34.218878705  117.146086331    27.5642   5  10   0.7845   1.0436   1.4916  -0.0057   0.0177  -0.0582   0.00    0.0    4.11206    0.08799    0.04929   0.04379  0.04285  0.02300  0.00267 -0.00226 -0.00128   -0.37081    0.77170    2.77080   0.01838  0.01794  0.47246  0.00067 -0.00533 -0.04103
2046 359670.000   34.218915989  117.146087207    27.6040   5  10   0.7735   1.0325   1.4822  -0.0057   0.0176  -0.0576   0.00    0.0    4.08295    0.03184    0.02930   0.04371  0.04271  0.02298  0.00270 -0.00192 -0.00113   -0.66462    0.70509    1.89337   0.01837  0.01794  0.47277  0.00066 -0.00491 -0.04072
2046 359671.000   34.218952576  117.146087933    27.6489   5  10   0.7635   1.0222   1.4732  -0.0058   0.0176  -0.0570   0.00    0.0    4.10842    0.02024    0.03538   0.04367  0.04261  0.02295  0.00266 -0.00209 -0.00122   -0.57406    1.09136    1.70459   0.01836  0.01793  0.47307  0.00063 -0.00418 -0.04038
2046 359672.000   34.218990564  117.146088192    27.6164   5  10   0.7544   1.0125   1.4645  -0.0059   0.0176  -0.0564   0.00    0.0    4.31114   -0.00365    0.06825   0.04364  0.04259  0.02293  0.00263 -0.00307 -0.00179   -0.45566    0.73164    1.47035   0.01835  0.01793  0.47330  0.00049  0.00223 -0.04004
2046 359673.000   34.219028773  117.146089280    27.7127   5  10   0.7462   1.0034   1.4560  -0.0059   0.0177  -0.0559   0.00    0.0    4.23144    0.17577    0.03643   0.04374  0.04248  0.02291  0.00226 -0.00310 -0.00155   -0.65655    0.90291    3.63199   0.01833  0.01794  0.47342  0.00039  0.00447 -0.03947
2046 359674.000   34.219065724  117.146092838    27.7441   5  10   0.7387   0.9950   1.4479  -0.0061   0.0178  -0.0554   0.00    0.0    3.99897    0.28825    0.07240   0.04382  0.04239  0.02289  0.00201 -0.00018 -0.00047   -0.75072    1.03090    5.50191   0.01832  0.01794  0.47347  0.00046  0.00371 -0.03873
2046 359675.000   34.219100600  117.146094844    27.8107   5   9   0.7524   1.0057   1.4551  -0.0068   0.0185  -0.0560   0.00    0.0    3.77808    0.18606    0.04190   0.04384  0.04268  0.02294  0.00220  0.00288  0.00132   -0.66668    0.94351    4.21240   0.01830  0.01795  0.47358  0.00061 -0.00349 -0.03810
2046 359676.000   34.219133542  117.146096622    27.8590   5   9   0.7662   1.0164   1.4623  -0.0073   0.0192  -0.0566   0.00    0.0    3.61192    0.12213    0.04326   0.04388  0.04296  0.02298  0.00232  0.00351  0.00177   -0.69110    0.83532    3.73281   0.01830  0.01797  0.47370  0.00078 -0.00716 -0.03752
2046 359677.000   34.219167017  117.146097933    27.7754   5   9   0.7799   1.0270   1.4696  -0.0076   0.0197  -0.0571   0.00    0.0    3.76893    0.03290    0.01595   0.04390  0.04309  0.02302  0.00244  0.00223  0.00130   -0.44847    0.88211    2.75402   0.01829  0.01797  0.47395  0.00086 -0.00863 -0.03705
2046 359678.000   34.219201078  117.146097247    27.9917   5   9   0.7935   1.0376   1.4768  -0.0078   0.0203  -0.0577   0.00    0.0    3.89332   -0.00598    0.06807   0.04397  0.04325  0.02306  0.00245  0.00070  0.00070   -0.54985    0.85936    1.59907   0.01828  0.01798  0.47423  0.00089 -0.00921 -0.03661
2046 359679.000   34.219236578  117.146096924    27.8985   5   9   0.8070   1.0482   1.4840  -0.0080   0.0207  -0.0583   0.00    0.0    3.90315   -0.02179    0.09135   0.04404  0.04341  0.02310  0.00245  0.00031  0.00065   -0.30296    1.01786    1.04067   0.01828  0.01799  0.47451  0.00091 -0.00969 -0.03616
2046 359680.000   34.219273267  117.146095897    27.9394   5   9   0.8204   1.0586   1.4912  -0.0083   0.0211  -0.0589   0.00    0.0    4.00438   -0.25409    0.05428   0.04397  0.04354  0.02313  0.00280 -0.00126 -0.00066   -0.43132    1.05436  358.45588   0.01827  0.01799  0.47491  0.00092 -0.00975 -0.03598
2046 359681.000   34.219308331  117.146090961    28.2538   5  10   0.8060   1.0466   1.4819  -0.0081   0.0204  -0.0582   0.00    0.0    4.01178   -0.62639    0.04893   0.04379  0.04319  0.02310  0.00326  0.00023 -0.00077   -0.30407    0.98163  353.14070   0.01828  0.01798  0.47534  0.00093 -0.00976 -0.03621
2046 359682.000   34.219346087  117.146082971    28.1164   5   9   0.8194   1.0571   1.4892  -0.0088   0.0208  -0.0589   0.00    0.0    3.93722   -0.98516    0.05104   0.04395  0.04334  0.02314  0.00367 -0.00056  0.00039   -0.47030    1.09326  347.69889   0.01829  0.01798  0.47569  0.00097 -0.01024 -0.03680
2046 359683.000   34.219381335  117.146071010    28.0560   5   9   0.8326   1.0675   1.4964  -0.0092   0.0213  -0.0595   0.00    0.0    3.81107   -1.25183    0.04452   0.04413  0.04349  0.02318  0.00392 -0.00209  0.00109   -0.21195    1.12032  343.83572   0.01831  0.01798  0.47591  0.00105 -0.01122 -0.03757
2046 359684.000   34.219414304  117.146057925    28.2949   5  10   0.8169   1.0549   1.4869  -0.0088   0.0209  -0.0588   0.00    0.0    3.73904   -1.27221    0.06219   0.04393  0.04315  0.02314  0.00385 -0.00227  0.00129   -0.20302    1.08216  343.31238   0.01832  0.01797  0.47618  0.00114 -0.01227 -0.03822
2046 359685.000   34.219448767  117.146043638    27.9434   5   9   0.8301   1.0653   1.4941  -0.0090   0.0214  -0.0594   0.00    0.0    3.87000   -1.40209    0.00195   0.04402  0.04329  0.02317  0.00391 -0.00093  0.00066   -0.30663    1.03816  342.79562   0.01834  0.01797  0.47645  0.00119 -0.01275 -0.03891
2046 359686.000   34.219484057  117.146029126    27.8944   5   9   0.8432   1.0757   1.5014  -0.0094   0.0218  -0.0600   0.00    0.0    3.86843   -1.56426    0.05063   0.04414  0.04344  0.02321  0.00402 -0.00084  0.00061   -0.22918    0.92314  340.04010   0.01836  0.01798  0.47667  0.00124 -0.01321 -0.03966
2046 359687.000   34.219517721  117.146012464    27.9664   5  10   0.8263   1.0625   1.4918  -0.0095   0.0212  -0.0594   0.00    0.0    3.64969   -1.73778    0.03499   0.04405  0.04312  0.02317  0.00411 -0.00293  0.00144   -0.32377    0.74950  336.64802   0.01838  0.01796  0.47681  0.00135 -0.01431 -0.04045
2046 359688.000   34.219549048  117.145993193    27.9845   5  10   0.8112   1.0502   1.4825  -0.0092   0.0209  -0.0587   0.00    0.0    3.47945   -1.83353    0.07206   0.04394  0.04292  0.02313  0.00410 -0.00365  0.00182   -0.54610    0.57395  333.45707   0.01839  0.01795  0.47691  0.00148 -0.01572 -0.04120
2046 359689.000   34.219579539  117.145972424    28.0128   5  10   0.7976   1.0387   1.4735  -0.0087   0.0206  -0.0580   0.00    0.0    3.45829   -2.03085    0.04611   0.04392  0.04271  0.02310  0.00420 -0.00377  0.00179   -0.28289    0.77144  330.81007   0.01841  0.01795  0.47696  0.00161 -0.01696 -0.04199
2046 359690.000   34.219609101  117.145949217    27.9998   5  10   0.7855   1.0280   1.4649  -0.0084   0.0204  -0.0574   0.00    0.0    3.35649   -2.20187    0.05133   0.04391  0.04260  0.02307  0.00426 -0.00415  0.00193   -0.30031    0.26823  328.10878   0.01843  0.01794  0.47694  0.00175 -0.01828 -0.04280
2046 359691.000   34.219639084  117.145923631    27.4429   5   9   0.7989   1.0386   1.4722  -0.0085   0.0212  -0.0580   0.00    0.0    3.22266   -2.33721    0.04502   0.04403  0.04293  0.02311  0.00430 -0.00458  0.00215   -0.22670    0.24583  325.49995   0.01846  0.01795  0.47687  0.00190 -0.01973 -0.04358
2046 359692.000   34.219667972  117.145897973    27.2794   5   9   0.8123   1.0492   1.4794  -0.0087   0.0219  -0.0586   0.00    0.0    3.10639   -2.48992    0.05814   0.04417  0.04323  0.02315  0.00437 -0.00492  0.00231   -0.18412    0.21302  323.01504   0.01848  0.01795  0.47675  0.00206 -0.02124 -0.04435
2046 359693.000   34.219694796  117.145871187    27.4560   5   8   0.8255   1.0596   1.4867  -0.0091   0.0226  -0.0591   0.00    0.0    2.92067   -2.56763    0.04222   0.04422  0.04354  0.02318  0.00437 -0.00517  0.00255   -0.10258    0.28475  320.61205   0.01849  0.01795  0.47658  0.00224 -0.02288 -0.04502
2046 359694.000   34.219719424  117.145844324    27.1753   5   9   0.8386   1.0700   1.4939  -0.0092   0.0232  -0.0597   0.00    0.0    2.84622   -2.72954    0.26540   0.04438  0.04377  0.02321  0.00443 -0.00522  0.00258   -0.12027   -0.00661  317.89473   0.01851  0.01795  0.47640  0.00241 -0.02439 -0.04571
2046 359695.000   34.219744414  117.145814325    27.2387   5   9   0.8516   1.0803   1.5011  -0.0094   0.0238  -0.0603   0.00    0.0    2.69631   -2.78582    0.01738   0.04435  0.04397  0.02325  0.00438 -0.00513  0.00273    0.01474   -0.05894  315.33403   0.01852  0.01794  0.47623  0.00259 -0.02597 -0.04627
2046 359696.000   34.219767213  117.145784635    27.2489   5   9   0.8644   1.0905   1.5084  -0.0096   0.0244  -0.0608   0.00    0.0    2.55918   -2.75845    0.07136   0.04433  0.04417  0.02328  0.00425 -0.00449  0.00287    0.15462   -0.13799  314.04817   0.01852  0.01794  0.47615  0.00276 -0.02750 -0.04667
2046 359697.000   34.219789840  117.145754846    27.3676   5   9   0.8771   1.1007   1.5156  -0.0099   0.0249  -0.0614   0.00    0.0    2.41970   -2.89266    0.04009   0.04440  0.04435  0.02331  0.00428 -0.00466  0.00298    0.33349    0.21565  311.45178   0.01852  0.01794  0.47601  0.00293 -0.02901 -0.04705
2046 359698.000   34.219810964  117.145723241    27.4007   5   9   0.8896   1.1107   1.5227  -0.0101   0.0254  -0.0620   0.00    0.0    2.34509   -2.93703    0.09274   0.04443  0.04445  0.02333  0.00420 -0.00411  0.00299    0.18539    0.40012  309.37584   0.01851  0.01794  0.47595  0.00308 -0.03038 -0.04734
2046 359699.000   34.219831074  117.145691254    27.4605   5   9   0.9019   1.1207   1.5299  -0.0103   0.0258  -0.0626   0.00    0.0    2.23996   -2.96690    0.10947   0.04445  0.04456  0.02336  0.00411 -0.00353  0.00304    0.31315    0.43236  307.91537   0.01850  0.01793  0.47594  0.00322 -0.03166 -0.04753
2046 359700.000   34.219850951  117.145661097    27.5471   5   9   0.9141   1.1305   1.5371  -0.0106   0.0262  -0.0632   0.00    0.0    2.10041   -2.90598    0.04950   0.04445  0.04467  0.02339  0.00395 -0.00225  0.00316    0.05819    1.14225  307.24807   0.01848  0.01794  0.47593  0.00335 -0.03290 -0.04755
2046 359701.000   34.219869775  117.145626522    27.5065   5   9   0.9261   1.1403   1.5442  -0.0111   0.0266  -0.0638   0.00    0.0    1.85291   -3.22702    0.07016   0.04456  0.04491  0.02341  0.00420 -0.00412  0.00334    0.10279    1.25027  301.13743   0.01847  0.01794  0.47571  0.00349 -0.03425 -0.04772
2046 359702.000   34.219885395  117.145590672    27.7041   5   9   0.9380   1.1500   1.5513  -0.0116   0.0269  -0.0644   0.00    0.0    1.53089   -3.40554    0.06461   0.04464  0.04525  0.02344  0.00431 -0.00489  0.00360    0.19639    1.15128  294.82743   0.01846  0.01795  0.47520  0.00366 -0.03577 -0.04787
2046 359703.000   34.219898106  117.145553232    27.7412   5   9   0.9497   1.1596   1.5584  -0.0121   0.0273  -0.0650   0.00    0.0    1.27886   -3.54616    0.03644   0.04470  0.04547  0.02346  0.00437 -0.00515  0.00376    0.39931    0.84040  290.98841   0.01844  0.01796  0.47453  0.00383 -0.03732 -0.04799
2046 359704.000   34.219909302  117.145514001    27.9480   5   9   0.9613   1.1692   1.5655  -0.0125   0.0277  -0.0656   0.00    0.0    1.21979   -3.71045    0.09960   0.04478  0.04539  0.02348  0.00439 -0.00510  0.00367    0.33065    0.99665  289.00409   0.01843  0.01797  0.47402  0.00398 -0.03869 -0.04816
2046 359705.000   34.219918581  117.145474066    28.0881   5   9   0.9727   1.1786   1.5725  -0.0125   0.0281  -0.0662   0.00    0.0    1.10217   -3.65406    0.10512   0.04476  0.04537  0.02350  0.00421 -0.00359  0.00369    0.36347    0.60742  287.36365   0.01840  0.01799  0.47368  0.00411 -0.03993 -0.04816
2046 359706.000   34.219926992  117.145435714    28.0909   5   9   0.9840   1.1880   1.5796  -0.0127   0.0285  -0.0668   0.00    0.0    0.93826   -3.57254    0.07867   0.04477  0.04541  0.02352  0.00402 -0.00081  0.00376    0.30412    0.44333  285.36494   0.01837  0.01800  0.47337  0.00422 -0.04109 -0.04799
2046 359707.000   34.219934841  117.145396313    28.1893   5   9   0.9951   1.1973   1.5866  -0.0130   0.0288  -0.0675   0.00    0.0    0.78546   -3.70681    0.02698   0.04480  0.04543  0.02354  0.00404 -0.00157  0.00378    0.35172    0.33742  283.43984   0.01834  0.01802  0.47309  0.00432 -0.04221 -0.04784
2046 359708.000   34.219942759  117.145356890    28.2285   5   9   1.0062   1.2066   1.5936  -0.0131   0.0292  -0.0681   0.00    0.0    0.86517   -3.75708    0.06953   0.04484  0.04520  0.02356  0.00391  0.00057  0.00355    0.35327    0.39924  283.54509   0.01831  0.01803  0.47311  0.00439 -0.04307 -0.04771
2046 359709.000   34.219950314  117.145316327    28.2120   5   9   1.0171   1.2158   1.6005  -0.0131   0.0295  -0.0687   0.00    0.0    0.87364   -3.74067    0.11485   0.04489  0.04508  0.02358  0.00373  0.00213  0.00341    0.56282    0.18581  283.73654   0.01827  0.01804  0.47326  0.00444 -0.04375 -0.04749
2046 359710.000   34.219957441  117.145275478    28.3213   5   9   1.0278   1.2249   1.6075  -0.0131   0.0299  -0.0693   0.00    0.0    0.86255   -3.76007    0.07348   0.04491  0.04500  0.02359  0.00359  0.00238  0.00328    0.36970    0.21056  283.81760   0.01824  0.01805  0.47351  0.00446 -0.04428 -0.04723
2046 359711.000   34.219965363  117.145234913    28.2838   5   9   1.0385   1.2339   1.6144  -0.0131   0.0302  -0.0699   0.00    0.0    0.80172   -3.80413    0.09017   0.04493  0.04497  0.02361  0.00350  0.00241  0.00322    0.35915   -0.04250  283.00367   0.01821  0.01805  0.47378  0.00448 -0.04474 -0.04696
2046 359712.000   34.219972454  117.145193390    28.3051   5   9   1.0491   1.2429   1.6213  -0.0131   0.0305  -0.0704   0.00    0.0    0.78183   -3.84318    0.06803   0.04493  0.04491  0.02362  0.00338  0.00226  0.00311    0.38198   -0.21762  282.56324   0.01819  0.01806  0.47410  0.00448 -0.04509 -0.04666
2046 359713.000   34.219979379  117.145152515    28.5132   5   9   1.0596   1.2518   1.6282  -0.0129   0.0308  -0.0710   0.00    0.0    0.80778   -3.74233    0.05527   0.04500  0.04486  0.02364  0.00308  0.00213  0.00297    0.14178    0.07599  283.65835   0.01816  0.01806  0.47438  0.00445 -0.04528 -0.04621
2046 359714.000   34.219986673  117.145114264    28.5879   5   9   1.0699   1.2607   1.6350  -0.0126   0.0311  -0.0716   0.00    0.0    0.93499   -3.59644    0.11036   0.04512  0.04483  0.02365  0.00268 -0.00150  0.00269    0.47729    0.08048  284.87902   0.01812  0.01806  0.47454  0.00439 -0.04520 -0.04561
2046 359715.000   34.219993995  117.145076192    28.6737   5   9   1.0802   1.2695   1.6418  -0.0126   0.0314  -0.0722   0.00    0.0    0.91721   -3.54450    0.11787   0.04517  0.04481  0.02366  0.00244 -0.00236  0.00259    0.42922   -0.16610  285.25795   0.01809  0.01805  0.47461  0.00430 -0.04502 -0.04490
2046 359716.000   34.220002660  117.145036883    28.7575   5   9   1.0904   1.2782   1.6486  -0.0127   0.0316  -0.0728   0.00    0.0    0.83524   -3.71662    0.05548   0.04501  0.04477  0.02367  0.00260 -0.00202  0.00256    0.42530    0.08099  284.36128   0.01807  0.01805  0.47481  0.00423 -0.04489 -0.04434
2046 359717.000   34.220010470  117.144998884    29.0596   5  10   1.0391   1.2481   1.6334  -0.0117   0.0296  -0.0711   0.00    0.0    0.81310   -3.86266    0.07928   0.04468  0.04415  0.02359  0.00266 -0.00223  0.00243    0.44186    0.12401  283.44779   0.01805  0.01805  0.47508  0.00417 -0.04473 -0.04390
2046 359718.000   34.220017579  117.144959094    29.3034   5  10   0.9960   1.2208   1.6188  -0.0108   0.0279  -0.0695   0.00    0.0    0.83162   -3.74599    0.09698   0.04460  0.04375  0.02351  0.00228 -0.00319  0.00230    0.29526    0.08111  283.38200   0.01804  0.01805  0.47521  0.00409 -0.04445 -0.04330
2046 359719.000   34.220024335  117.144919949    29.3543   5  10   0.9593   1.1959   1.6048  -0.0102   0.0263  -0.0680   0.00    0.0    0.83149   -3.63408    0.08101   0.04458  0.04348  0.02344  0.00186 -0.00394  0.00222    0.34301   -0.03255  283.59745   0.01802  0.01805  0.47518  0.00398 -0.04407 -0.04254
2046 359720.000   34.220031297  117.144881510    29.4512   5  10   0.9276   1.1731   1.5914  -0.0099   0.0247  -0.0666   0.00    0.0    0.83416   -3.62765    0.09366   0.04448  0.04331  0.02337  0.00166 -0.00435  0.00209    0.31854   -0.10143  284.11556   0.01800  0.01804  0.47510  0.00387 -0.04362 -0.04175
2046 359721.000   34.220039121  117.144842421    29.5891   5  10   0.8999   1.1521   1.5785  -0.0098   0.0233  -0.0652   0.00    0.0    0.85416   -3.72156    0.09481   0.04430  0.04322  0.02331  0.00173 -0.00444  0.00190    0.38230    0.02468  284.31899   0.01799  0.01804  0.47506  0.00376 -0.04312 -0.04105
2046 359722.000   34.220046573  117.144803087    29.7495   5  10   0.8756   1.1327   1.5661  -0.0097   0.0219  -0.0640   0.00    0.0    0.84685   -3.64238    0.09741   0.04432  0.04315  0.02326  0.00136 -0.00490  0.00185    0.21131   -0.12231  284.48633   0.01798  0.01804  0.47491  0.00364 -0.04256 -0.04023
2046 359723.000   34.220054216  117.144764256    29.8320   5  10   0.8540   1.1148   1.5542  -0.0097   0.0206  -0.0628   0.00    0.0    0.87189   -3.61544    0.10047   0.04429  0.04314  0.02321  0.00109 -0.00528  0.00170    0.42464    0.00270  284.57018   0.01797  0.01803  0.47468  0.00351 -0.04192 -0.03936
2046 359724.000   34.220061778  117.144725324    29.9813   5  10   0.8348   1.0982   1.5428  -0.0099   0.0194  -0.0617   0.00    0.0    0.82044   -3.60807    0.08787   0.04424  0.04309  0.02316  0.00091 -0.00519  0.00174    0.35667   -0.02522  284.04823   0.01796  0.01803  0.47446  0.00339 -0.04129 -0.03846
2046 359725.000   34.220069261  117.144686499    30.1190   5  10   0.8177   1.0828   1.5317  -0.0102   0.0183  -0.0606   0.00    0.0    0.83344   -3.61876    0.10606   0.04419  0.04311  0.02312  0.00082 -0.00532  0.00161    0.32676    0.25299  284.26179   0.01796  0.01802  0.47423  0.00326 -0.04060 -0.03756
2046 359726.000   34.220076604  117.144647432    30.2073   5  10   0.8023   1.0684   1.5211  -0.0107   0.0172  -0.0596   0.00    0.0    0.82155   -3.62822    0.07522   0.04414  0.04310  0.02308  0.00074 -0.00532  0.00156    0.34253    0.42005  284.09221   0.01796  0.01802  0.47400  0.00313 -0.03988 -0.03666
2046 359727.000   34.220084121  117.144608226    30.2644   5  10   0.7886   1.0550   1.5109  -0.0111   0.0161  -0.0587   0.00    0.0    0.85942   -3.61531    0.05896   0.04411  0.04314  0.02304  0.00051 -0.00557  0.00138    0.32028    0.66546  284.29378   0.01795  0.01801  0.47373  0.00299 -0.03908 -0.03573
2046 359728.000   34.220092362  117.144568901    30.2025   5   9   0.8008   1.0649   1.5180  -0.0124   0.0158  -0.0591   0.00    0.0    0.84034   -3.61761    0.08696   0.04420  0.04337  0.02308  0.00052 -0.00546  0.00140    0.23295    0.64703  284.39155   0.01795  0.01801  0.47348  0.00286 -0.03828 -0.03478
2046 359729.000   34.220099860  117.144530894    30.5350   5  10   0.7875   1.0519   1.5079  -0.0129   0.0149  -0.0582   0.00    0.0    0.80635   -3.57815    0.03648   0.04416  0.04327  0.02304 -0.00018 -0.00541  0.00147   -0.01662    0.50693  284.19500   0.01795  0.01800  0.47323  0.00273 -0.03749 -0.03379
2046 359730.000   34.220106815  117.144492932    30.6283   5  10   0.7755   1.0397   1.4981  -0.0134   0.0140  -0.0574   0.00    0.0    0.78860   -3.50569    0.07714   0.04418  0.04322  0.02301 -0.00082 -0.00554  0.00149    0.43928    0.30810  283.82181   0.01795  0.01799  0.47294  0.00260 -0.03668 -0.03269
2046 359731.000   34.220114252  117.144453713    30.6873   5   9   0.7882   1.0498   1.5053  -0.0146   0.0137  -0.0578   0.00    0.0    0.82146   -3.67353    0.12204   0.04409  0.04347  0.02305  0.00089 -0.00502  0.00128    0.62891    0.07203  283.55437   0.01796  0.01800  0.47281  0.00248 -0.03587 -0.03182
2046 359732.000   34.220121857  117.144415201    30.8057   5   9   0.8010   1.0599   1.5124  -0.0156   0.0136  -0.0583   0.00    0.0    0.72741   -3.50684    0.09101   0.04430  0.04357  0.02309 -0.00074 -0.00513  0.00160    0.55706    0.16593  283.51632   0.01796  0.01800  0.47261  0.00235 -0.03514 -0.03070
2046 359733.000   34.220128286  117.144377495    30.9513   5   9   0.8139   1.0701   1.5195  -0.0162   0.0136  -0.0587   0.00    0.0    0.69327   -3.35427    0.13601   0.04451  0.04371  0.02312 -0.00136 -0.00538  0.00169    0.79364   -0.55914  282.89337   0.01796  0.01800  0.47229  0.00221 -0.03444 -0.02934
2046 359734.000   34.220134363  117.144342872    31.0479   5   9   0.8267   1.0801   1.5266  -0.0168   0.0136  -0.0592   0.00    0.0    0.65126   -3.08920    0.09544   0.04485  0.04381  0.02316 -0.00200 -0.00578  0.00182    0.31379    0.23164  283.31588   0.01796  0.01801  0.47169  0.00205 -0.03372 -0.02755
2046 359735.000   34.220139866  117.144309458    31.0411   5  10   0.8113   1.0662   1.5162  -0.0165   0.0129  -0.0584   0.00    0.0    0.61300   -2.97229    0.09531   0.04480  0.04354  0.02312 -0.00220 -0.00573  0.00188    0.55696   -0.09868  282.93683   0.01796  0.01800  0.47103  0.00188 -0.03298 -0.02555
2046 359736.000   34.220145359  117.144276609    31.1096   5  10   0.7975   1.0533   1.5062  -0.0163   0.0123  -0.0576   0.00    0.0    0.60160   -2.88496    0.03927   0.04472  0.04331  0.02308 -0.00233 -0.00574  0.00188    0.15072   -0.13320  283.24203   0.01796  0.01800  0.47034  0.00171 -0.03224 -0.02337
2046 359737.000   34.220151519  117.144245395    31.1125   5  10   0.7850   1.0412   1.4965  -0.0162   0.0116  -0.0569   0.00    0.0    0.66405   -2.82760    0.05202   0.04460  0.04318  0.02305 -0.00238 -0.00602  0.00170    0.34375    0.93052  283.58118   0.01797  0.01800  0.46967  0.00153 -0.03141 -0.02105
2046 359738.000   34.220157960  117.144213333    31.1059   5  10   0.7738   1.0299   1.4872  -0.0165   0.0108  -0.0563   0.00    0.0    0.71351   -2.99354    0.04328   0.04419  0.04307  0.02302 -0.00198 -0.00558  0.00149    0.35885    0.69087  284.87685   0.01798  0.01800  0.46931  0.00137 -0.03051 -0.01898
2046 359739.000   34.220164422  117.144180842    31.1397   5  10   0.7636   1.0194   1.4782  -0.0164   0.0102  -0.0557   0.00    0.0    0.85846   -2.89791    0.05348   0.04417  0.04308  0.02299 -0.00212 -0.00632  0.00096   -0.14161   -0.20927  288.28034   0.01799  0.01800  0.46879  0.00121 -0.02940 -0.01664
2046 359740.000   34.220174033  117.144151524    31.2407   5  11   0.7454   1.0081   1.4523  -0.0160   0.0094  -0.0551   0.00    0.0    1.21899   -2.57129    0.07750   0.04445  0.04325  0.02289 -0.00264 -0.00853 -0.00139    0.41742    0.23273  295.86749   0.01801  0.01800  0.46754  0.00099 -0.02776 -0.01312
2046 359741.000   34.220185344  117.144125513    31.4429   5  11   0.7294   0.9976   1.4282  -0.0163   0.0085  -0.0545   0.00    0.0    1.35336   -2.24048    0.07450   0.04477  0.04319  0.02281 -0.00303 -0.00963 -0.00165    0.26707    0.47337  301.89489   0.01803  0.01800  0.46581  0.00072 -0.02588 -0.00692
2046 359742.000   34.220197453  117.144102533    31.5388   5  11   0.7153   0.9878   1.4056  -0.0166   0.0076  -0.0540   0.00    0.0    1.52597   -1.92697    0.09346   0.04507  0.04324  0.02274 -0.00333 -0.01068 -0.00198    0.15011    0.35077  308.09904   0.01805  0.01800  0.46356  0.00035 -0.02370  0.00951
2046 359743.000   34.220211069  117.144084257    31.6374   5  11   0.7028   0.9786   1.3843  -0.0176   0.0065  -0.0536   0.00    0.0    1.48514   -1.44292    0.05845   0.04575  0.04295  0.02267 -0.00377 -0.01112 -0.00177    0.58763    0.44262  316.86763   0.01807  0.01801  0.46077 -0.00046 -0.02161  0.01599
2046 359744.000   34.220223654  117.144070176    31.6659   5  11   0.6918   0.9701   1.3644  -0.0187   0.0051  -0.0532   0.00    0.0    1.25885   -1.02700    0.08763   0.04629  0.04251  0.02262 -0.00407 -0.01007 -0.00096    0.28890    0.34607  320.43221   0.01810  0.01801  0.45781 -0.00071 -0.02007  0.02090
2046 359745.000   34.220231487  117.144063901    31.6667   5  11   0.6819   0.9621   1.3456  -0.0199   0.0016  -0.0528   0.00    0.0    0.71751   -0.43270    0.05245   0.04728  0.04206  0.02257 -0.00450 -0.00600  0.00195    0.18449    1.02006  329.00811   0.01814  0.01802  0.45423 -0.00094 -0.01974  0.02536
2046 359746.000   34.220236741  117.144060002    31.6809   5  11   0.6731   0.9547   1.3278  -0.0207  -0.0054  -0.0523   0.00    0.0    0.86178   -0.52566    0.05736   0.04633  0.04213  0.02253 -0.00425 -0.00696  0.00155    0.58689    0.76628  330.85872   0.01817  0.01802  0.45165 -0.00108 -0.01921  0.02864
2046 359747.000   34.220244839  117.144054156    31.7440   5  11   0.6652   0.9478   1.3110  -0.0214  -0.0075  -0.0520   0.00    0.0    0.91234   -0.56150    0.04634   0.04572  0.04217  0.02249 -0.00405 -0.00672  0.00141    0.77270    1.26689  328.73792   0.01821  0.01801  0.44972 -0.00118 -0.01872  0.03126
2046 359748.000   34.220253309  117.144046794    31.8018   5  11   0.6583   0.9413   1.2952  -0.0225  -0.0089  -0.0517   0.00    0.0    0.59864   -0.60958    0.01958   0.04521  0.04208  0.02245 -0.00384 -0.00285  0.00218    1.20054   -0.82411  322.42020   0.01825  0.01801  0.44846 -0.00132 -0.01903  0.03336
2046 359749.000   34.220257525  117.144041164    31.8059   5  11   0.6521   0.9352   1.2802  -0.0225  -0.0100  -0.0514   0.00    0.0    0.35055   -0.39574    0.04663   0.04525  0.04212  0.02243 -0.00394  0.00361  0.00255    0.86730   -0.90574  313.63251   0.01828  0.01801  0.44719 -0.00149 -0.01985  0.03530
2046 359750.000   34.220263950  117.144032900    31.8479   5  11   0.6465   0.9295   1.2659  -0.0221  -0.0113  -0.0511   0.00    0.0    0.79996   -0.86631    0.04525   0.04422  0.04217  0.02240 -0.00316 -0.00411  0.00169    0.39494   -0.54133  312.76128   0.01831  0.01800  0.44690 -0.00154 -0.01965  0.03654
2046 359751.000   34.220269989  117.144023639    31.8548   5  11   0.6416   0.9242   1.2524  -0.0224  -0.0120  -0.0509   0.00    0.0    0.40718   -0.68211    0.05630   0.04427  0.04212  0.02238 -0.00329  0.00229  0.00246    0.22824   -0.46902  306.21851   0.01833  0.01799  0.44663 -0.00166 -0.02019  0.03773
2046 359752.000   34.220272911  117.144016947    31.9038   5  11   0.6372   0.9191   1.2395  -0.0219  -0.0127  -0.0506   0.00    0.0    0.26428   -0.53089    0.03554   0.04424  0.04210  0.02236 -0.00336  0.00340  0.00262    0.14046   -0.72454  299.33774   0.01836  0.01798  0.44636 -0.00178 -0.02089  0.03887
2046 359753.000   34.220274523  117.144012366    31.9536   5  11   0.6334   0.9145   1.2273  -0.0211  -0.0134  -0.0503   0.00    0.0    0.14613   -0.26906    0.03718   0.04433  0.04209  0.02235 -0.00356  0.00415  0.00271    0.11716   -0.69962  298.41696   0.01839  0.01797  0.44596 -0.00193 -0.02170  0.04005
2046 359754.000   34.220274835  117.144011057    31.9689   5  11   0.6299   0.9101   1.2157  -0.0201  -0.0142  -0.0501   0.00    0.0    0.00887   -0.00446    0.03745   0.04441  0.04208  0.02233 -0.00374  0.00490  0.00282    0.13322   -0.66640  298.21758   0.01843  0.01796  0.44543 -0.00209 -0.02263  0.04124
2046 359755.000   34.220275130  117.144011086    31.9409   5  11   0.6269   0.9060   1.2046  -0.0191  -0.0150  -0.0498   0.00    0.0    0.02645   -0.02315    0.03276   0.04411  0.04201  0.02232 -0.00357  0.00403  0.00273    0.13964   -0.68122  298.27373   0.01846  0.01796  0.44519 -0.00222 -0.02340  0.04223
2046 359756.000   34.220275191  117.144010971    31.9746   5  11   0.6242   0.9022   1.1941  -0.0182  -0.0157  -0.0496   0.00    0.0    0.00071   -0.01574    0.03784   0.04390  0.04196  0.02231 -0.00342  0.00353  0.00271    0.62341   -0.46431  298.36576   0.01849  0.01795  0.44514 -0.00234 -0.02408  0.04307
2046 359757.000   34.220275183  117.144011071    31.9725   5  11   0.6218   0.8986   1.1840  -0.0173  -0.0164  -0.0493   0.00    0.0    0.02333   -0.01298    0.03843   0.04373  0.04189  0.02230 -0.00325  0.00273  0.00262    0.97636   -0.49040  298.39086   0.01851  0.01795  0.44526 -0.00245 -0.02462  0.04377
2046 359758.000   34.220274508  117.144011303    32.0553   5  11   0.6197   0.8952   1.1744  -0.0164  -0.0169  -0.0491   0.00    0.0    0.01558   -0.01105    0.03712   0.04360  0.04184  0.02230 -0.00308  0.00214  0.00256    0.97298   -0.54469  298.37926   0.01853  0.01794  0.44549 -0.00253 -0.02508  0.04434
2046 359759.000   34.220274563  117.144011261    32.1004   5  11   0.6178   0.8920   1.1653  -0.0155  -0.0174  -0.0489   0.00    0.0    0.02111   -0.02232    0.03632   0.04350  0.04179  0.02229 -0.00288  0.00156  0.00250    0.97675   -0.54757  298.38021   0.01855  0.01794  0.44580 -0.00260 -0.02545  0.04477
2046 359760.000   34.220274588  117.144011279    32.1207   5  11   0.6162   0.8891   1.1566  -0.0147  -0.0178  -0.0488   0.00    0.0    0.02086   -0.01705    0.03687   0.04343  0.04174  0.02229 -0.00271  0.00112  0.00244    0.97559   -0.54303  298.38998   0.01856  0.01793  0.44616 -0.00265 -0.02574  0.04509
2046 359761.000   34.220274398  117.144011249    32.1593   5  11   0.6148   0.8863   1.1482  -0.0140  -0.0181  -0.0486   0.00    0.0    0.02274   -0.02124    0.03803   0.04339  0.04169  0.02229 -0.00251  0.00079  0.00237    0.97432   -0.54456  298.40507   0.01856  0.01793  0.44655 -0.00269 -0.02595  0.04530
2046 359762.000   34.220274297  117.144011084    32.1501   5  11   0.6135   0.8837   1.1403  -0.0134  -0.0183  -0.0484   0.00    0.0    0.02409   -0.02559    0.03529   0.04336  0.04164  0.02228 -0.00232  0.00073  0.00231    0.97499   -0.54625  298.40750   0.01856  0.01792  0.44694 -0.00272 -0.02609  0.04540
2046 359763.000   34.220274105  117.144010918    32.2039   5  11   0.6125   0.8812   1.1327  -0.0128  -0.0184  -0.0483   0.00    0.0    0.02217   -0.02823    0.03810   0.04335  0.04160  0.02228 -0.00212  0.00093  0.00225    0.97522   -0.54655  298.40978   0.01856  0.01792  0.44732 -0.00274 -0.02618  0.04541
2046 359764.000   34.220274097  117.144010912    32.2234   5  11   0.6115   0.8789   1.1254  -0.0123  -0.0185  -0.0482   0.00    0.0    0.02148   -0.02893    0.03743   0.04336  0.04156  0.02228 -0.00191  0.00122  0.00219    0.97789   -0.54563  298.41119   0.01855  0.01791  0.44768 -0.00274 -0.02620  0.04534
2046 359765.000   34.220274164  117.144010911    32.2130   5  11   0.6107   0.8768   1.1184  -0.0119  -0.0185  -0.0480   0.00    0.0    0.02240   -0.03079    0.03854   0.04337  0.04152  0.02228 -0.00169  0.00153  0.00213    0.98075   -0.54421  298.41400   0.01854  0.01791  0.44800 -0.00274 -0.02618  0.04518
2046 359766.000   34.220274350  117.144010887    32.2192   5  11   0.6099   0.8747   1.1118  -0.0116  -0.0184  -0.0479   0.00    0.0    0.02286   -0.03093    0.03878   0.04339  0.04149  0.02228 -0.00146  0.00182  0.00207    0.97974   -0.54612  298.41458   0.01853  0.01791  0.44829 -0.00272 -0.02611  0.04494
2046 359767.000   34.220274177  117.144010819    32.2474   5  11   0.6093   0.8728   1.1055  -0.0112  -0.0183  -0.0478   0.00    0.0    0.02098   -0.03286    0.03870   0.04341  0.04145  0.02228 -0.00120  0.00211  0.00201    0.98017   -0.54796  298.41211   0.01851  0.01790  0.44855 -0.00270 -0.02599  0.04463
2046 359768.000   34.220274105  117.144010746    32.2697   5  11   0.6087   0.8710   1.0994  -0.0109  -0.0182  -0.0477   0.00    0.0    0.02132   -0.03241    0.03896   0.04343  0.04142  0.02228 -0.00091  0.00237  0.00195    0.98187   -0.54820  298.41176   0.01849  0.01790  0.44876 -0.00267 -0.02583  0.04426
2046 359769.000   34.220274046  117.144010637    32.2894   5  11   0.6082   0.8694   1.0936  -0.0107  -0.0179  -0.0476   0.00    0.0    0.02248   -0.03394    0.03904   0.04346  0.04139  0.02228 -0.00050  0.00262  0.00188    0.99002   -0.54635  298.41331   0.01847  0.01789  0.44892 -0.00263 -0.02563  0.04383
2046 359770.000   34.220273853  117.144010518    32.3116   5  11   0.6078   0.8678   1.0880  -0.0104  -0.0177  -0.0475   0.00    0.0    0.02177   -0.03220    0.04068   0.04348  0.04136  0.02228  0.00051  0.00283  0.00182    0.99402   -0.54916  298.41453   0.01845  0.01789  0.44905 -0.00259 -0.02540  0.04334
2046 359771.000   34.220273635  117.144010383    32.3263   5  11   0.6075   0.8663   1.0827  -0.0102  -0.0173  -0.0474   0.00    0.0    0.01736   -0.03340    0.04146   0.04350  0.04134  0.02229  0.00086  0.00301  0.00176    0.99180   -0.54457  298.41079   0.01843  0.01789  0.44915 -0.00254 -0.02513  0.04280
2046 359772.000   34.220273535  117.144010411    32.3355   5  11   0.6071   0.8649   1.0777  -0.0100  -0.0169  -0.0474   0.00    0.0    0.01662   -0.03335    0.04148   0.04352  0.04131  0.02229  0.00109  0.00317  0.00170    0.99459   -0.54389  298.40649   0.01840  0.01788  0.44921 -0.00249 -0.02483  0.04221
2046 359773.000   34.220273380  117.144010324    32.3477   5  11   0.6069   0.8636   1.0728  -0.0098  -0.0165  -0.0473   0.00    0.0    0.01538   -0.03282    0.04317   0.04354  0.04129  0.02229  0.00126  0.00331  0.00164    0.98146   -0.56245  298.40055   0.01838  0.01788  0.44924 -0.00243 -0.02451  0.04158
2046 359774.000   34.220273253  117.144010188    32.3647   5  11   0.6066   0.8624   1.0682  -0.0096  -0.0161  -0.0472   0.00    0.0    0.01439   -0.03460    0.04491   0.04355  0.04127  0.02229  0.00139  0.00343  0.00158    0.98513   -0.55546  298.39274   0.01835  0.01788  0.44924 -0.00237 -0.02416  0.04091
2046 359775.000   34.220273181  117.144010172    32.3906   5  11   0.6064   0.8613   1.0637  -0.0093  -0.0155  -0.0472   0.00    0.0    0.01651   -0.03349    0.04782   0.04356  0.04125  0.02229  0.00150  0.00354  0.00152    1.00991   -0.56048  298.39197   0.01833  0.01787  0.44922 -0.00230 -0.02379  0.04020
2046 359776.000   34.220273314  117.144010262    32.3580   5  11   0.6062   0.8602   1.0595  -0.0090  -0.0150  -0.0471   0.00    0.0    0.01936   -0.03162    0.04675   0.04357  0.04123  0.02229  0.00160  0.00363  0.00146    1.01507   -0.56332  298.39506   0.01830  0.01787  0.44918 -0.00224 -0.02339  0.03946
2046 359777.000   34.220273329  117.144010220    32.3592   5  11   0.6061   0.8592   1.0555  -0.0087  -0.0144  -0.0470   0.00    0.0    0.01456   -0.02064    0.04518   0.04356  0.04121  0.02229  0.00164  0.00363  0.00141    1.02126   -0.57116  298.40439   0.01828  0.01787  0.44914 -0.00217 -0.02299  0.03870
2046 359778.000   34.220273251  117.144010196    32.3902   5  11   0.6059   0.8582   1.0516  -0.0084  -0.0137  -0.0470   0.00    0.0    0.01981   -0.02792    0.04460   0.04356  0.04120  0.02229  0.00173  0.00373  0.00134    1.02109   -0.56862  298.39976   0.01826  0.01787  0.44908 -0.00210 -0.02256  0.03790
2046 359779.000   34.220273031  117.144010141    32.4285   5  11   0.6058   0.8573   1.0479  -0.0081  -0.0130  -0.0470   0.00    0.0    0.02062   -0.02551    0.04545   0.04356  0.04119  0.02229  0.00178  0.00377  0.00127    1.02695   -0.57309  298.39440   0.01823  0.01786  0.44902 -0.00203 -0.02210  0.03709
2046 359780.000   34.220272976  117.144010097    32.4458   5  11   0.6057   0.8565   1.0444  -0.0077  -0.0123  -0.0469   0.00    0.0    0.01914   -0.02459    0.04373   0.04355  0.04117  0.02228  0.00182  0.00378  0.00122    1.02765   -0.57275  298.39185   0.01821  0.01786  0.44896 -0.00196 -0.02164  0.03625
2046 359781.000   34.220272939  117.144010151    32.4514   5  11   0.6056   0.8557   1.0410  -0.0073  -0.0115  -0.0469   0.00    0.0    0.02060   -0.02195    0.04240   0.04354  0.04116  0.02228  0.00186  0.00379  0.00116    1.02924   -0.57226  298.39014   0.01819  0.01786  0.44890 -0.00189 -0.02116  0.03540
2046 359782.000   34.220272873  117.144010090    32.4598   5  11   0.6056   0.8550   1.0377  -0.0069  -0.0106  -0.0468   0.00    0.0    0.01969   -0.02117    0.04307   0.04352  0.04115  0.02228  0.00189  0.00377  0.00111    1.02959   -0.57290  298.38770   0.01817  0.01786  0.44885 -0.00182 -0.02067  0.03453
2046 359783.000   34.220273031  117.144010087    32.4522   5  11   0.6055   0.8543   1.0347  -0.0064  -0.0096  -0.0468   0.00    0.0    0.02054   -0.02037    0.04116   0.04351  0.04114  0.02228  0.00191  0.00374  0.00106    1.02884   -0.57078  298.38869   0.01816  0.01785  0.44881 -0.00175 -0.02018  0.03364
2046 359784.000   34.220273245  117.144010119    32.4732   5  11   0.6054   0.8536   1.0317  -0.0059  -0.0086  -0.0468   0.00    0.0    0.02246   -0.01658    0.04208   0.04349  0.04113  0.02228  0.00192  0.00369  0.00101    1.02868   -0.57042  298.39014   0.01814  0.01785  0.44878 -0.00168 -0.01967  0.03275
2046 359785.000   34.220273380  117.144010103    32.4767   5  11   0.6054   0.8530   1.0289  -0.0053  -0.0074  -0.0468   0.00    0.0    0.02305   -0.01721    0.04172   0.04348  0.04112  0.02227  0.00194  0.00364  0.00097    1.03005   -0.57117  298.38954   0.01812  0.01785  0.44876 -0.00161 -0.01917  0.03184
2046 359786.000   34.220273457  117.144010090    32.5095   5  11   0.6053   0.8524   1.0262  -0.0047  -0.0061  -0.0467   0.00    0.0    0.02300   -0.01540    0.04469   0.04346  0.04111  0.02227  0.00195  0.00358  0.00092    1.03192   -0.57220  298.38917   0.01811  0.01785  0.44876 -0.00154 -0.01865  0.03093
2046 359787.000   34.220273360  117.144010181    32.5182   5  11   0.6053   0.8519   1.0237  -0.0039  -0.0043  -0.0467   0.00    0.0    0.02320   -0.01499    0.04567   0.04344  0.04111  0.02227  0.00196  0.00354  0.00087    1.03212   -0.57158  298.38570   0.01810  0.01785  0.44877 -0.00148 -0.01813  0.03001
2046 359788.000   34.220273449  117.144010194    32.5263   5  11   0.6053   0.8514   1.0212  -0.0030  -0.0009  -0.0467   0.00    0.0    0.02494   -0.01604    0.04796   0.04342  0.04110  0.02226  0.00197  0.00348  0.00082    1.03284   -0.57418  298.38720   0.01808  0.01785  0.44879 -0.00141 -0.01761  0.02907
2046 359789.000   34.220273453  117.144010097    32.5527   5  11   0.6052   0.8509   1.0189  -0.0017   0.0041  -0.0467   0.00    0.0    0.02407   -0.01469    0.04418   0.04340  0.04109  0.02226  0.00196  0.00340  0.00078    1.03358   -0.57110  298.38594   0.01807  0.01785  0.44884 -0.00135 -0.01708  0.02814
2046 359790.000   34.220273718  117.144010218    32.5610   5  11   0.6052   0.8504   1.0167   0.0018   0.0058  -0.0467   0.00    0.0    0.02779   -0.01303    0.04530   0.04338  0.04109  0.02226  0.00196  0.00332  0.00074    1.03511   -0.56962  298.38812   0.01806  0.01785  0.44890 -0.00129 -0.01654  0.02719
2046 359791.000   34.220274021  117.144010515    32.5739   5  11   0.6052   0.8500   1.0146   0.0030   0.0070  -0.0467   0.00    0.0    0.02964   -0.01124    0.04568   0.04336  0.04108  0.02225  0.00197  0.00324  0.00070    1.03541   -0.56961  298.39218   0.01805  0.01784  0.44899 -0.00123 -0.01601  0.02625
2046 359792.000   34.220273918  117.144010485    32.5896   5  10   0.6095   0.8505   1.0148   0.0038   0.0081  -0.0467   0.00    0.0    0.02613   -0.01065    0.04768   0.04335  0.04119  0.02226  0.00197  0.00314  0.00068    1.03504   -0.56909  298.38857   0.01805  0.01785  0.44909 -0.00117 -0.01548  0.02529
2046 359793.000   34.220273827  117.144010484    32.5970   5  11   0.6092   0.8501   1.0128   0.0045   0.0090  -0.0467   0.00    0.0    0.02423   -0.00959    0.04669   0.04333  0.04117  0.02226  0.00196  0.00305  0.00065    1.03615   -0.56870  298.38559   0.01804  0.01785  0.44921 -0.00111 -0.01495  0.02434
2046 359794.000   34.220273885  117.144010556    32.6070   5  11   0.6088   0.8497   1.0109   0.0050   0.0098  -0.0467   0.00    0.0    0.02360   -0.00649    0.04734   0.04330  0.04114  0.02225  0.00195  0.00294  0.00062    1.03611   -0.56767  298.38520   0.01803  0.01785  0.44935 -0.00106 -0.01442  0.02339
2046 359795.000   34.220273844  117.144010479    32.6234   5  11   0.6085   0.8493   1.0091   0.0054   0.0104  -0.0467   0.00    0.0    0.02036   -0.00368    0.04761   0.04328  0.04112  0.02224  0.00193  0.00283  0.00061    1.03590   -0.56787  298.38313   0.01803  0.01784  0.44951 -0.00101 -0.01389  0.02244
2046 359796.000   34.220273834  117.144010458    32.6432   5  11   0.6082   0.8489   1.0074   0.0058   0.0110  -0.0467   0.00    0.0    0.02022   -0.00315    0.04866   0.04326  0.04110  0.02224  0.00192  0.00273  0.00059    1.03511   -0.56820  298.38123   0.01802  0.01784  0.44969 -0.00096 -0.01337  0.02149
2046 359797.000   34.220273841  117.144010515    32.6416   5  11   0.6079   0.8486   1.0057   0.0061   0.0116  -0.0467   0.00    0.0    0.02233    0.00054    0.04777   0.04324  0.04109  0.02223  0.00190  0.00264  0.00054    1.03552   -0.56697  298.38067   0.01802  0.01784  0.44989 -0.00092 -0.01284  0.02055
2046 359798.000   34.220273968  117.144010512    32.6331   5  11   0.6076   0.8482   1.0042   0.0064   0.0121  -0.0467   0.00    0.0    0.02442    0.00030    0.04779   0.04322  0.04108  0.02222  0.00189  0.00255  0.00051    1.03500   -0.56288  298.38007   0.01802  0.01784  0.45010 -0.00087 -0.01231  0.01960
2046 359799.000   34.220273861  117.144010544    32.6465   5  11   0.6073   0.8479   1.0027   0.0067   0.0125  -0.0467   0.00    0.0    0.02506   -0.00108    0.04726   0.04321  0.04107  0.02221  0.00189  0.00246  0.00047    1.03558   -0.56264  298.37802   0.01801  0.01784  0.45033 -0.00083 -0.01178  0.01865
2046 359800.000   34.220273888  117.144010569    32.6411   5  11   0.6071   0.8476   1.0013   0.0069   0.0129  -0.0467   0.00    0.0    0.02579   -0.00075    0.04730   0.04319  0.04106  0.02220  0.00188  0.00237  0.00044    1.03632   -0.56453  298.37533   0.01801  0.01784  0.45057 -0.00079 -0.01124  0.01770
2046 359801.000   34.220273911  117.144010557    32.6453   5  11   0.6069   0.8473   0.9999   0.0071   0.0133  -0.0467   0.00    0.0    0.02683    0.00016    0.04772   0.04317  0.04105  0.02220  0.00186  0.00228  0.00041    1.03686   -0.56640  298.37289   0.01801  0.01784  0.45082 -0.00075 -0.01069  0.01675
2046 359802.000   34.220273803  117.144010564    32.6568   5  11   0.6067   0.8471   0.9986   0.0072   0.0136  -0.0467   0.00    0.0    0.02547   -0.00005    0.04848   0.04316  0.04105  0.02219  0.00185  0.00218  0.00038    1.03532   -0.56878  298.37047   0.01801  0.01784  0.45109 -0.00071 -0.01015  0.01579
2046 359803.000   34.220274072  117.144010680    32.6302   5  11   0.6065   0.8468   0.9974   0.0074   0.0139  -0.0467   0.00    0.0    0.02918   -0.00002    0.04954   0.04315  0.04104  0.02218  0.00185  0.00210  0.00035    1.03535   -0.56031  298.37060   0.01801  0.01784  0.45137 -0.00068 -0.00960  0.01483
2046 359804.000   34.220273896  117.144010653    32.6505   5  11   0.6064   0.8466   0.9963   0.0075   0.0142  -0.0467   0.00    0.0    0.02765    0.00040    0.05171   0.04314  0.04104  0.02217  0.00183  0.00200  0.00032    1.03553   -0.55398  298.36829   0.01801  0.01784  0.45166 -0.00064 -0.00904  0.01386
2046 359805.000   34.220273972  117.144010731    32.6477   5  11   0.6062   0.8463   0.9952   0.0076   0.0144  -0.0467   0.00    0.0    0.02651    0.00006    0.05131   0.04313  0.04103  0.02216  0.00183  0.00190  0.00033    1.03540   -0.55228  298.36638   0.01801  0.01785  0.45196 -0.00061 -0.00848  0.01287
2046 359806.000   34.220273993  117.144010716    32.6424   5  11   0.6061   0.8461   0.9941   0.0076   0.0147  -0.0467   0.00    0.0    0.02554   -0.00122    0.05237   0.04312  0.04103  0.02215  0.00182  0.00181  0.00033    1.03201   -0.55107  298.36328   0.01801  0.01785  0.45228 -0.00058 -0.00792  0.01187
2046 359807.000   34.220274034  117.144010900    32.6073   5  11   0.6059   0.8459   0.9931   0.0077   0.0149  -0.0468   0.00    0.0    0.02583    0.00185    0.05242   0.04311  0.04103  0.02214  0.00181  0.00172  0.00032    1.03158   -0.55181  298.36292   0.01801  0.01785  0.45260 -0.00055 -0.00736  0.01085
2046 359808.000   34.220273861  117.144010920    32.6127   5  11   0.6058   0.8457   0.9922   0.0077   0.0151  -0.0468   0.00    0.0    0.02726    0.00104    0.05425   0.04310  0.04103  0.02213  0.00181  0.00165  0.00025    1.03381   -0.55581  298.35917   0.01801  0.01785  0.45293 -0.00053 -0.00676  0.00980
2046 359809.000   34.220273796  117.144010817    32.6307   5  11   0.6057   0.8455   0.9913   0.0078   0.0152  -0.0468   0.00    0.0    0.02733   -0.00077    0.05480   0.04309  0.04103  0.02212  0.00180  0.00157  0.00022    1.03419   -0.56509  298.35658   0.01801  0.01785  0.45326 -0.00050 -0.00615  0.00870
2046 359810.000   34.220273737  117.144010562    32.6373   5  11   0.6056   0.8453   0.9904   0.0078   0.0154  -0.0468   0.00    0.0    0.02627   -0.00261    0.05644   0.04309  0.04103  0.02211  0.00179  0.00148  0.00022    1.03404   -0.56713  298.35445   0.01801  0.01785  0.45361 -0.00048 -0.00551  0.00754
2046 359811.000   34.220273993  117.144010838    32.6027   5  11   0.6055   0.8451   0.9896   0.0078   0.0155  -0.0468   0.00    0.0    0.02897    0.00027    0.05538   0.04308  0.04103  0.02211  0.00179  0.00140  0.00021    1.03395   -0.56704  298.35506   0.01801  0.01785  0.45396 -0.00046 -0.00484  0.00628
2046 359812.000   34.220274088  117.144010893    32.5677   5  11   0.6054   0.8449   0.9889   0.0077   0.0156  -0.0468   0.00    0.0    0.02809    0.00009    0.05572   0.04308  0.04102  0.02210  0.00178  0.00132  0.00024    1.03287   -0.56921  298.35354   0.01801  0.01785  0.45431 -0.00044 -0.00413  0.00482
2046 359813.000   34.220274119  117.144010999    32.5863   5  11   0.6053   0.8448   0.9881   0.0077   0.0157  -0.0468   0.00    0.0    0.02577    0.00017    0.05686   0.04307  0.04102  0.02209  0.00178  0.00123  0.00028    1.03423   -0.57164  298.35259   0.01801  0.01785  0.45467 -0.00042 -0.00338  0.00286
2046 359814.000   34.220274401  117.144011092    32.6050   5  11   0.6053   0.8446   0.9875   0.0077   0.0158  -0.0468   0.00    0.0    0.02863    0.00082    0.05795   0.04307  0.04102  0.02208  0.00178  0.00116  0.00028    1.03424   -0.57107  298.35259   0.01801  0.01785  0.45504 -0.00040 -0.00249 -0.00238
2046 359815.000   34.220274337  117.144011116    32.6001   5  11   0.6052   0.8445   0.9868   0.0076   0.0159  -0.0468   0.00    0.0    0.02574    0.00191    0.05944   0.04306  0.04102  0.02207  0.00177  0.00108  0.00030    1.03480   -0.57460  298.35088   0.01801  0.01785  0.45541 -0.00039 -0.00125 -0.00427
2046 359816.000   34.220274314  117.144011065    32.5934   5  11   0.6051   0.8443   0.9862   0.0075   0.0160  -0.0468   0.00    0.0    0.02334    0.00165    0.05779   0.04306  0.04102  0.02206  0.00177  0.00100  0.00033    1.04112   -0.57417  298.34602   0.01802  0.01786  0.45578 -0.00038  0.00159 -0.00544
2046 359817.000   34.220274228  117.144010930    32.5936   5  11   0.6051   0.8442   0.9856   0.0075   0.0161  -0.0468   0.00    0.0    0.02238   -0.00023    0.05887   0.04306  0.04102  0.02205  0.00177  0.00093  0.00033    1.03574   -0.57387  298.34737   0.01802  0.01786  0.45616 -0.00036  0.00250 -0.00632
